ISO-10303-21;
HEADER;
/* Generated by software containing ST-Developer
 * from STEP Tools, Inc. (www.steptools.com) 
 */
/* OPTION: using custom renumber hook */

FILE_DESCRIPTION(
/* description */ ('STEP AP242 Edition 2',
'CAx-IF Rec.Pracs.---Representation and Presentation of Product Manufa
cturing Information (PMI)---4.0---2014-10-13',
'CAx-IF Rec.Pracs.---3D Tessellated Geometry---0.4---2014-09-14','2;1',
'CAx-IF Rec.Pracs.---User Defined Attributes---1.5---2016-08-15'),
/* implementation_level */ '2;1');

FILE_NAME(
/* name */ 'Insole V2 - Main',
/* time_stamp */ '2026-08-30T13:08:55Z',
/* author */ (''),
/* organization */ (''),
/* preprocessor_version */ 'ST-DEVELOPER v20',
/* originating_system */ 'ONSHAPE BY PTC INC, 1.220',
/* authorisation */ '  ');

FILE_SCHEMA (('AP242_MANAGED_MODEL_BASED_3D_ENGINEERING_MIM_LF { 1 0 10303 442 3 1 4 }'));
ENDSEC;

DATA;
#10=SHAPE_REPRESENTATION_RELATIONSHIP('','',#3174,#11);
#11=ADVANCED_BREP_SHAPE_REPRESENTATION('',(#3172),#6486);
#12=CONICAL_SURFACE('',#3378,0.0097414213562373,0.785398163397449);
#13=CONICAL_SURFACE('',#3379,0.0097414213562373,0.78539816339745);
#14=CONICAL_SURFACE('',#3382,0.00974142135623731,0.785398163397446);
#15=CONICAL_SURFACE('',#3393,0.0097414213562373,0.78539816339745);
#16=CONICAL_SURFACE('',#3396,0.0097414213562373,0.78539816339745);
#17=CONICAL_SURFACE('',#3399,0.0097414213562373,0.78539816339745);
#18=TOROIDAL_SURFACE('',#3341,0.00585,0.00135);
#19=TOROIDAL_SURFACE('',#3343,0.00585,0.00135);
#20=TOROIDAL_SURFACE('',#3345,0.00585,0.00135);
#21=TOROIDAL_SURFACE('',#3347,0.00585,0.00135);
#22=TOROIDAL_SURFACE('',#3349,0.00585,0.00135);
#23=TOROIDAL_SURFACE('',#3351,0.00585,0.00135);
#24=CYLINDRICAL_SURFACE('',#3239,0.0049);
#25=CYLINDRICAL_SURFACE('',#3242,0.0051);
#26=CYLINDRICAL_SURFACE('',#3245,0.00490000000000006);
#27=CYLINDRICAL_SURFACE('',#3248,0.0049);
#28=CYLINDRICAL_SURFACE('',#3251,0.0051);
#29=CYLINDRICAL_SURFACE('',#3254,0.0049000000000002);
#30=CYLINDRICAL_SURFACE('',#3257,0.0049);
#31=CYLINDRICAL_SURFACE('',#3260,0.0051);
#32=CYLINDRICAL_SURFACE('',#3263,0.00490000000000015);
#33=CYLINDRICAL_SURFACE('',#3266,0.0049);
#34=CYLINDRICAL_SURFACE('',#3269,0.0051);
#35=CYLINDRICAL_SURFACE('',#3272,0.0049000000000001);
#36=CYLINDRICAL_SURFACE('',#3275,0.0049);
#37=CYLINDRICAL_SURFACE('',#3278,0.0051);
#38=CYLINDRICAL_SURFACE('',#3281,0.0049);
#39=CYLINDRICAL_SURFACE('',#3284,0.00489999999999994);
#40=CYLINDRICAL_SURFACE('',#3287,0.0051);
#41=CYLINDRICAL_SURFACE('',#3290,0.00490000000000014);
#42=CYLINDRICAL_SURFACE('',#3358,0.177812219728905);
#43=CYLINDRICAL_SURFACE('',#3360,0.0097);
#44=CYLINDRICAL_SURFACE('',#3361,0.0097);
#45=CYLINDRICAL_SURFACE('',#3362,0.0097);
#46=CYLINDRICAL_SURFACE('',#3365,0.0014);
#47=CYLINDRICAL_SURFACE('',#3366,0.0014);
#48=CYLINDRICAL_SURFACE('',#3367,0.0014);
#49=CYLINDRICAL_SURFACE('',#3368,0.0014);
#50=CYLINDRICAL_SURFACE('',#3369,0.0014);
#51=CYLINDRICAL_SURFACE('',#3370,0.0014);
#52=CYLINDRICAL_SURFACE('',#3371,0.0014);
#53=CYLINDRICAL_SURFACE('',#3372,0.0014);
#54=CYLINDRICAL_SURFACE('',#3373,0.0014);
#55=CYLINDRICAL_SURFACE('',#3374,0.0014);
#56=CYLINDRICAL_SURFACE('',#3375,0.0014);
#57=CIRCLE('',#3185,0.0072414213562373);
#58=CIRCLE('',#3186,0.0097);
#59=CIRCLE('',#3190,0.0072414213562373);
#60=CIRCLE('',#3191,0.0097);
#61=CIRCLE('',#3195,0.0072414213562373);
#62=CIRCLE('',#3196,0.0097);
#63=CIRCLE('',#3198,0.00724142135623734);
#64=CIRCLE('',#3199,0.00724142135623731);
#65=CIRCLE('',#3200,0.0072414213562373);
#66=CIRCLE('',#3208,0.0014);
#67=CIRCLE('',#3209,0.0014);
#68=CIRCLE('',#3210,0.0014);
#69=CIRCLE('',#3211,0.0097);
#70=CIRCLE('',#3213,0.0014);
#71=CIRCLE('',#3215,0.0014);
#72=CIRCLE('',#3216,0.0014);
#73=CIRCLE('',#3217,0.0014);
#74=CIRCLE('',#3218,0.0014);
#75=CIRCLE('',#3219,0.0014);
#76=CIRCLE('',#3220,0.0097);
#77=CIRCLE('',#3240,0.0049);
#78=CIRCLE('',#3241,0.0049);
#79=CIRCLE('',#3243,0.0051);
#80=CIRCLE('',#3244,0.0051);
#81=CIRCLE('',#3246,0.00490000000000006);
#82=CIRCLE('',#3247,0.00490000000000006);
#83=CIRCLE('',#3249,0.0049);
#84=CIRCLE('',#3250,0.0049);
#85=CIRCLE('',#3252,0.0051);
#86=CIRCLE('',#3253,0.0051);
#87=CIRCLE('',#3255,0.0049000000000002);
#88=CIRCLE('',#3256,0.0049000000000002);
#89=CIRCLE('',#3258,0.0049);
#90=CIRCLE('',#3259,0.0049);
#91=CIRCLE('',#3261,0.0051);
#92=CIRCLE('',#3262,0.0051);
#93=CIRCLE('',#3264,0.00490000000000015);
#94=CIRCLE('',#3265,0.00490000000000015);
#95=CIRCLE('',#3267,0.0049);
#96=CIRCLE('',#3268,0.0049);
#97=CIRCLE('',#3270,0.0051);
#98=CIRCLE('',#3271,0.0051);
#99=CIRCLE('',#3273,0.0049000000000001);
#100=CIRCLE('',#3274,0.0049000000000001);
#101=CIRCLE('',#3276,0.0049);
#102=CIRCLE('',#3277,0.0049);
#103=CIRCLE('',#3279,0.0051);
#104=CIRCLE('',#3280,0.0051);
#105=CIRCLE('',#3282,0.0049);
#106=CIRCLE('',#3283,0.0049);
#107=CIRCLE('',#3285,0.00489999999999994);
#108=CIRCLE('',#3286,0.00489999999999994);
#109=CIRCLE('',#3288,0.0051);
#110=CIRCLE('',#3289,0.0051);
#111=CIRCLE('',#3291,0.00490000000000014);
#112=CIRCLE('',#3292,0.00490000000000014);
#113=CIRCLE('',#3300,0.0014);
#114=CIRCLE('',#3301,0.0014);
#115=CIRCLE('',#3302,0.0014);
#116=CIRCLE('',#3303,0.0014);
#117=CIRCLE('',#3304,0.0014);
#118=CIRCLE('',#3305,0.0014);
#119=CIRCLE('',#3306,0.0014);
#120=CIRCLE('',#3307,0.0014);
#121=CIRCLE('',#3308,0.0014);
#122=CIRCLE('',#3309,0.0014);
#123=CIRCLE('',#3310,0.0014);
#124=CIRCLE('',#3330,0.00585);
#125=CIRCLE('',#3332,0.00585);
#126=CIRCLE('',#3334,0.00585);
#127=CIRCLE('',#3336,0.00585);
#128=CIRCLE('',#3338,0.00585);
#129=CIRCLE('',#3340,0.00585);
#130=CIRCLE('',#3342,0.0072);
#131=CIRCLE('',#3344,0.0072);
#132=CIRCLE('',#3346,0.0072);
#133=CIRCLE('',#3348,0.0072);
#134=CIRCLE('',#3350,0.0072);
#135=CIRCLE('',#3352,0.0072);
#136=CIRCLE('',#3354,0.0014);
#137=CIRCLE('',#3355,0.0014);
#138=CIRCLE('',#3356,0.177812219728905);
#139=CIRCLE('',#3357,0.0097);
#140=CIRCLE('',#3359,0.177812219728905);
#141=CIRCLE('',#3377,0.0097414213562373);
#142=CIRCLE('',#3380,0.0097414213562373);
#143=CIRCLE('',#3383,0.00974142135623731);
#144=CIRCLE('',#3392,0.0097414213562373);
#145=CIRCLE('',#3395,0.0097414213562373);
#146=CIRCLE('',#3398,0.0097414213562373);
#147=B_SPLINE_SURFACE_WITH_KNOTS('',3,1,((#4250,#4251),(#4252,#4253),(#4254,
#4255),(#4256,#4257),(#4258,#4259),(#4260,#4261),(#4262,#4263),(#4264,#4265),
(#4266,#4267)),.SURF_OF_LINEAR_EXTRUSION.,.F.,.F.,.F.,(4,1,1,1,1,1,4),(2,
2),(0.490260742200171,0.550283708910912,0.610306675621654,0.670329642332395,
0.730352609043136,0.850398542464619,0.970444475886102),(0.,1.),
 .UNSPECIFIED.);
#148=B_SPLINE_SURFACE_WITH_KNOTS('',3,1,((#4304,#4305),(#4306,#4307),(#4308,
#4309),(#4310,#4311),(#4312,#4313),(#4314,#4315),(#4316,#4317),(#4318,#4319),
(#4320,#4321),(#4322,#4323),(#4324,#4325),(#4326,#4327),(#4328,#4329),(#4330,
#4331),(#4332,#4333)),.SURF_OF_LINEAR_EXTRUSION.,.F.,.F.,.F.,(4,1,1,1,1,
1,1,1,1,1,1,1,4),(2,2),(-1.26837504586471E-16,0.125,0.1875,0.25,0.3125,
0.375,0.4375,0.5,0.5625,0.625,0.75,0.875,1.),(0.,1.),.UNSPECIFIED.);
#149=B_SPLINE_SURFACE_WITH_KNOTS('',3,1,((#4355,#4356),(#4357,#4358),(#4359,
#4360),(#4361,#4362),(#4363,#4364),(#4365,#4366),(#4367,#4368),(#4369,#4370),
(#4371,#4372),(#4373,#4374),(#4375,#4376),(#4377,#4378),(#4379,#4380),(#4381,
#4382),(#4383,#4384),(#4385,#4386),(#4387,#4388),(#4389,#4390),(#4391,#4392),
(#4393,#4394),(#4395,#4396),(#4397,#4398),(#4399,#4400),(#4401,#4402),(#4403,
#4404),(#4405,#4406),(#4407,#4408),(#4409,#4410),(#4411,#4412),(#4413,#4414),
(#4415,#4416)),.SURF_OF_LINEAR_EXTRUSION.,.F.,.F.,.F.,(4,1,1,1,1,1,1,1,
1,1,1,1,1,1,1,1,1,1,1,1,1,1,1,1,1,1,1,1,4),(2,2),(0.,0.0625,0.09375,0.125,
0.15625,0.1875,0.21875,0.25,0.28125,0.3125,0.34375,0.375,0.40625,0.4375,
0.5,0.53125,0.5625,0.59375,0.625,0.65625,0.6875,0.71875,0.75,0.78125,0.8125,
0.84375,0.875,0.9375,1.),(0.,1.),.UNSPECIFIED.);
#150=B_SPLINE_SURFACE_WITH_KNOTS('',3,1,((#4468,#4469),(#4470,#4471),(#4472,
#4473),(#4474,#4475),(#4476,#4477),(#4478,#4479),(#4480,#4481),(#4482,#4483),
(#4484,#4485),(#4486,#4487)),.SURF_OF_LINEAR_EXTRUSION.,.F.,.F.,.F.,(4,
1,1,1,1,1,1,4),(2,2),(0.735391236440026,0.763903979327426,0.778160350771125,
0.792416722214825,0.820929465102224,0.849442207989623,0.906467693764422,
0.96349317953922),(0.,1.),.UNSPECIFIED.);
#151=B_SPLINE_SURFACE_WITH_KNOTS('',3,1,((#5319,#5320),(#5321,#5322),(#5323,
#5324),(#5325,#5326),(#5327,#5328),(#5329,#5330),(#5331,#5332),(#5333,#5334),
(#5335,#5336),(#5337,#5338),(#5339,#5340),(#5341,#5342),(#5343,#5344),(#5345,
#5346),(#5347,#5348),(#5349,#5350),(#5351,#5352),(#5353,#5354),(#5355,#5356),
(#5357,#5358),(#5359,#5360),(#5361,#5362),(#5363,#5364),(#5365,#5366),(#5367,
#5368),(#5369,#5370),(#5371,#5372),(#5373,#5374),(#5375,#5376),(#5377,#5378),
(#5379,#5380),(#5381,#5382),(#5383,#5384),(#5385,#5386),(#5387,#5388),(#5389,
#5390),(#5391,#5392),(#5393,#5394),(#5395,#5396),(#5397,#5398),(#5399,#5400),
(#5401,#5402),(#5403,#5404),(#5405,#5406),(#5407,#5408),(#5409,#5410),(#5411,
#5412),(#5413,#5414)),.SURF_OF_LINEAR_EXTRUSION.,.F.,.F.,.F.,(4,1,1,1,1,
1,1,1,1,1,1,1,1,1,1,1,1,1,1,1,1,1,1,1,1,1,1,1,1,1,1,1,1,1,1,1,1,1,1,1,1,
1,1,1,1,4),(2,2),(0.,0.03125,0.0625,0.078125,0.09375,0.125,0.15625,0.1875,
0.21875,0.25,0.28125,0.3125,0.34375,0.359375,0.375,0.40625,0.421875,0.4375,
0.453125,0.46875,0.484375,0.5,0.515625,0.53125,0.5625,0.59375,0.625,0.640625,
0.65625,0.671875,0.6875,0.71875,0.734375,0.75,0.765625,0.78125,0.8125,0.84375,
0.875,0.90625,0.921875,0.9375,0.953125,0.96875,0.984375,1.),(0.,1.),
 .UNSPECIFIED.);
#152=B_SPLINE_SURFACE_WITH_KNOTS('',3,1,((#5698,#5699),(#5700,#5701),(#5702,
#5703),(#5704,#5705)),.SURF_OF_LINEAR_EXTRUSION.,.F.,.F.,.F.,(4,4),(2,2),
(0.,1.),(0.,1.),.PIECEWISE_BEZIER_KNOTS.);
#153=B_SPLINE_SURFACE_WITH_KNOTS('',3,1,((#5707,#5708),(#5709,#5710),(#5711,
#5712),(#5713,#5714),(#5715,#5716),(#5717,#5718),(#5719,#5720),(#5721,#5722),
(#5723,#5724),(#5725,#5726),(#5727,#5728),(#5729,#5730),(#5731,#5732),(#5733,
#5734),(#5735,#5736),(#5737,#5738),(#5739,#5740),(#5741,#5742),(#5743,#5744),
(#5745,#5746),(#5747,#5748),(#5749,#5750),(#5751,#5752),(#5753,#5754),(#5755,
#5756),(#5757,#5758),(#5759,#5760),(#5761,#5762),(#5763,#5764),(#5765,#5766),
(#5767,#5768),(#5769,#5770),(#5771,#5772),(#5773,#5774),(#5775,#5776),(#5777,
#5778)),.SURF_OF_LINEAR_EXTRUSION.,.F.,.F.,.F.,(4,1,1,1,1,1,1,1,1,1,1,1,
1,1,1,1,1,1,1,1,1,1,1,1,1,1,1,1,1,1,1,1,1,4),(2,2),(0.,0.03125,0.0625,0.078125,
0.09375,0.125,0.140625,0.15625,0.1875,0.21875,0.25,0.28125,0.3125,0.34375,
0.375,0.40625,0.4375,0.46875,0.5,0.53125,0.5625,0.59375,0.625,0.6875,0.75,
0.78125,0.8125,0.84375,0.875,0.90625,0.921875,0.9375,0.96875,1.),(0.,1.),
 .UNSPECIFIED.);
#154=B_SPLINE_SURFACE_WITH_KNOTS('',3,1,((#5916,#5917),(#5918,#5919),(#5920,
#5921),(#5922,#5923),(#5924,#5925),(#5926,#5927),(#5928,#5929),(#5930,#5931),
(#5932,#5933)),.SURF_OF_LINEAR_EXTRUSION.,.F.,.F.,.F.,(4,1,1,1,1,1,4),(2,
2),(0.,0.239308552246905,0.358962828370357,0.478617104493809,0.598271380617261,
0.717925656740714,0.957234208987618),(0.,1.),.UNSPECIFIED.);
#155=B_SPLINE_SURFACE_WITH_KNOTS('',3,1,((#5942,#5943),(#5944,#5945),(#5946,
#5947),(#5948,#5949),(#5950,#5951),(#5952,#5953),(#5954,#5955),(#5956,#5957),
(#5958,#5959)),.SURF_OF_LINEAR_EXTRUSION.,.F.,.F.,.F.,(4,1,1,1,1,1,4),(2,
2),(0.,0.241428111889393,0.36214216783409,0.482856223778787,0.603570279723483,
0.72428433566818,0.965712447557573),(0.,1.),.UNSPECIFIED.);
#156=B_SPLINE_SURFACE_WITH_KNOTS('',3,1,((#5968,#5969),(#5970,#5971),(#5972,
#5973),(#5974,#5975),(#5976,#5977),(#5978,#5979),(#5980,#5981),(#5982,#5983),
(#5984,#5985),(#5986,#5987)),.SURF_OF_LINEAR_EXTRUSION.,.F.,.F.,.F.,(4,
1,1,1,1,1,1,4),(2,2),(0.352520731585185,0.426508369535644,0.500496007486102,
0.537489826461331,0.57448364543656,0.592980554924174,0.611477464411789,
0.648471283387018),(0.,1.),.UNSPECIFIED.);
#157=B_SPLINE_SURFACE_WITH_KNOTS('',3,1,((#6018,#6019),(#6020,#6021),(#6022,
#6023),(#6024,#6025),(#6026,#6027),(#6028,#6029),(#6030,#6031),(#6032,#6033),
(#6034,#6035),(#6036,#6037),(#6038,#6039),(#6040,#6041),(#6042,#6043),(#6044,
#6045)),.SURF_OF_LINEAR_EXTRUSION.,.F.,.F.,.F.,(4,1,1,1,1,1,1,1,1,1,1,4),
(2,2),(0.,0.122343659675285,0.24468731935057,0.305859149188212,0.367030979025855,
0.48937463870114,0.550546468538783,0.611718298376425,0.672890128214068,
0.73406195805171,0.856405617726995,0.97874927740228),(0.,1.),
 .UNSPECIFIED.);
#158=B_SPLINE_SURFACE_WITH_KNOTS('',3,1,((#6072,#6073),(#6074,#6075),(#6076,
#6077),(#6078,#6079),(#6080,#6081),(#6082,#6083),(#6084,#6085),(#6086,#6087),
(#6088,#6089),(#6090,#6091),(#6092,#6093)),.SURF_OF_LINEAR_EXTRUSION.,.F.,
 .F.,.F.,(4,1,1,1,1,1,1,1,4),(2,2),(-1.80574970519312E-17,0.124999926231302,
0.249999852462605,0.374999778693907,0.49999970492521,0.624999631156512,
0.749999557387815,0.874999483619117,0.99999940985042),(0.,1.),
 .UNSPECIFIED.);
#159=B_SPLINE_SURFACE_WITH_KNOTS('',3,1,((#6108,#6109),(#6110,#6111),(#6112,
#6113),(#6114,#6115),(#6116,#6117),(#6118,#6119),(#6120,#6121),(#6122,#6123),
(#6124,#6125),(#6126,#6127),(#6128,#6129),(#6130,#6131),(#6132,#6133),(#6134,
#6135),(#6136,#6137),(#6138,#6139),(#6140,#6141),(#6142,#6143),(#6144,#6145),
(#6146,#6147)),.SURF_OF_LINEAR_EXTRUSION.,.F.,.F.,.F.,(4,1,1,1,1,1,1,1,
1,1,1,1,1,1,1,1,1,4),(2,2),(0.,0.00519420897951625,0.0103884179590325,0.0155826269385487,
0.020776835918065,0.0311652538770975,0.04155367183613,0.0519420897951625,
0.062330507754195,0.08310734367226,0.103884179590325,0.12466101550839,0.145437851426455,
0.16621468734452,0.20776835918065,0.24932203101678,0.29087570285291,0.33242937468904),
(0.,1.),.UNSPECIFIED.);
#160=B_SPLINE_SURFACE_WITH_KNOTS('',3,1,((#6185,#6186),(#6187,#6188),(#6189,
#6190),(#6191,#6192)),.SURF_OF_LINEAR_EXTRUSION.,.F.,.F.,.F.,(4,4),(2,2),
(0.,0.681591127614586),(0.,1.),.PIECEWISE_BEZIER_KNOTS.);
#161=B_SPLINE_SURFACE_WITH_KNOTS('',3,1,((#6194,#6195),(#6196,#6197),(#6198,
#6199),(#6200,#6201),(#6202,#6203),(#6204,#6205),(#6206,#6207)),
 .SURF_OF_LINEAR_EXTRUSION.,.F.,.F.,.F.,(4,1,1,1,4),(2,2),(0.,0.118703657446116,
0.237407314892231,0.356110972338347,0.474814629784463),(0.,1.),
 .UNSPECIFIED.);
#162=B_SPLINE_SURFACE_WITH_KNOTS('',3,1,((#6209,#6210),(#6211,#6212),(#6213,
#6214),(#6215,#6216),(#6217,#6218),(#6219,#6220),(#6221,#6222),(#6223,#6224),
(#6225,#6226),(#6227,#6228),(#6229,#6230),(#6231,#6232),(#6233,#6234),(#6235,
#6236),(#6237,#6238),(#6239,#6240),(#6241,#6242),(#6243,#6244)),
 .SURF_OF_LINEAR_EXTRUSION.,.F.,.F.,.F.,(4,1,1,1,1,1,1,1,1,1,1,1,1,1,1,
4),(2,2),(0.,0.113680326129162,0.170520489193742,0.227360652258323,0.255780733790614,
0.284200815322904,0.341040978387485,0.397881141452066,0.454721304516646,
0.511561467581227,0.568401630645808,0.625241793710389,0.68208195677497,
0.738922119839551,0.795762282904131,0.909442609033293),(0.,1.),
 .UNSPECIFIED.);
#163=B_SPLINE_SURFACE_WITH_KNOTS('',3,1,((#6259,#6260),(#6261,#6262),(#6263,
#6264),(#6265,#6266),(#6267,#6268),(#6269,#6270),(#6271,#6272),(#6273,#6274),
(#6275,#6276),(#6277,#6278),(#6279,#6280),(#6281,#6282),(#6283,#6284),(#6285,
#6286),(#6287,#6288),(#6289,#6290),(#6291,#6292),(#6293,#6294),(#6295,#6296),
(#6297,#6298),(#6299,#6300),(#6301,#6302)),.SURF_OF_LINEAR_EXTRUSION.,.F.,
 .F.,.F.,(4,1,1,1,1,1,1,1,1,1,1,1,1,1,1,1,1,1,1,4),(2,2),(-1.31854559032841E-17,
0.0548082293778968,0.109616458755794,0.16442468813369,0.191828802822639,
0.219232917511587,0.246637032200536,0.274041146889484,0.328849376267381,
0.383657605645278,0.438465835023175,0.465869949712123,0.493274064401071,
0.548082293778968,0.602890523156865,0.657698752534762,0.68510286722371,
0.712506981912659,0.767315211290555,0.876931670046349),(0.,1.),
 .UNSPECIFIED.);
#164=B_SPLINE_SURFACE_WITH_KNOTS('',3,1,((#6354,#6355),(#6356,#6357),(#6358,
#6359),(#6360,#6361),(#6362,#6363),(#6364,#6365),(#6366,#6367),(#6368,#6369)),
 .SURF_OF_LINEAR_EXTRUSION.,.F.,.F.,.F.,(4,1,1,1,1,4),(2,2),(0.,0.108651734422867,
0.217303468845733,0.271629336057166,0.3259552032686,0.434606937691466),
(0.,1.),.UNSPECIFIED.);
#165=B_SPLINE_SURFACE_WITH_KNOTS('',3,1,((#6394,#6395),(#6396,#6397),(#6398,
#6399),(#6400,#6401)),.SURF_OF_LINEAR_EXTRUSION.,.F.,.F.,.F.,(4,4),(2,2),
(0.681591127614586,1.),(0.,1.),.PIECEWISE_BEZIER_KNOTS.);
#166=B_SPLINE_SURFACE_WITH_KNOTS('',3,1,((#6405,#6406),(#6407,#6408),(#6409,
#6410),(#6411,#6412)),.SURF_OF_LINEAR_EXTRUSION.,.F.,.F.,.F.,(4,4),(2,2),
(0.,1.),(0.,1.),.PIECEWISE_BEZIER_KNOTS.);
#167=B_SPLINE_SURFACE_WITH_KNOTS('',3,1,((#6413,#6414),(#6415,#6416),(#6417,
#6418),(#6419,#6420)),.SURF_OF_LINEAR_EXTRUSION.,.F.,.F.,.F.,(4,4),(2,2),
(0.,1.),(0.,1.),.PIECEWISE_BEZIER_KNOTS.);
#168=B_SPLINE_CURVE_WITH_KNOTS('',3,(#4200,#4201,#4202,#4203,#4204,#4205,
#4206,#4207,#4208,#4209,#4210,#4211,#4212,#4213),.UNSPECIFIED.,.F.,.F.,
(4,1,1,1,1,1,1,1,1,1,1,4),(0.,0.0380647847462057,0.0761295694924115,0.114194354238617,
0.152259138984823,0.228388708477234,0.26645349322344,0.304518277969646,
0.342583062715852,0.380647847462057,0.456777416954469,0.474814629784463),
 .UNSPECIFIED.);
#169=B_SPLINE_CURVE_WITH_KNOTS('',3,(#4218,#4219,#4220,#4221,#4222,#4223,
#4224,#4225,#4226,#4227,#4228,#4229,#4230,#4231,#4232,#4233,#4234,#4235,
#4236,#4237),.UNSPECIFIED.,.F.,.F.,(4,1,1,1,1,1,1,1,1,1,1,1,1,1,1,1,1,4),
(0.,0.073028396506913,0.149378982252516,0.21502199031723,0.278724957430524,
0.350904307170108,0.423888791081577,0.516839348011447,0.587352800015951,
0.634461206215546,0.6785443324424,0.731272146031031,0.779021595367222,0.826508084385911,
0.872537476170328,0.916742025155981,0.960806449582306,1.),.UNSPECIFIED.);
#170=B_SPLINE_CURVE_WITH_KNOTS('',3,(#4239,#4240,#4241,#4242),
 .UNSPECIFIED.,.F.,.F.,(4,4),(0.681591127614586,1.),
 .PIECEWISE_BEZIER_KNOTS.);
#171=B_SPLINE_CURVE_WITH_KNOTS('',3,(#4244,#4245,#4246,#4247),
 .UNSPECIFIED.,.F.,.F.,(4,4),(0.,0.681591127614586),
 .PIECEWISE_BEZIER_KNOTS.);
#172=B_SPLINE_CURVE_WITH_KNOTS('',3,(#4271,#4272,#4273,#4274,#4275,#4276,
#4277,#4278,#4279,#4280,#4281,#4282,#4283,#4284,#4285),.UNSPECIFIED.,.F.,
 .F.,(4,1,1,1,1,1,1,1,1,1,1,1,4),(0.490260742200171,0.5,0.53125,0.546875,
0.5625,0.59375,0.625,0.6875,0.75,0.8125,0.875,0.9375,0.970444475886102),
 .UNSPECIFIED.);
#173=B_SPLINE_CURVE_WITH_KNOTS('',3,(#4289,#4290,#4291,#4292,#4293,#4294,
#4295,#4296,#4297,#4298,#4299,#4300,#4301,#4302,#4303),.UNSPECIFIED.,.F.,
 .F.,(4,1,1,1,1,1,1,1,1,1,1,1,4),(0.490260742200171,0.5,0.53125,0.546875,
0.5625,0.59375,0.625,0.6875,0.75,0.8125,0.875,0.9375,0.970444475886102),
 .UNSPECIFIED.);
#174=B_SPLINE_CURVE_WITH_KNOTS('',3,(#4334,#4335,#4336,#4337,#4338,#4339),
 .UNSPECIFIED.,.F.,.F.,(4,1,1,4),(0.,0.223576971121661,0.539851820238024,
1.),.UNSPECIFIED.);
#175=B_SPLINE_CURVE_WITH_KNOTS('',3,(#4342,#4343,#4344,#4345,#4346),
 .UNSPECIFIED.,.F.,.F.,(4,1,4),(0.,0.00507360010136579,0.0101472002027316),
 .UNSPECIFIED.);
#176=B_SPLINE_CURVE_WITH_KNOTS('',3,(#4347,#4348,#4349,#4350,#4351,#4352),
 .UNSPECIFIED.,.F.,.F.,(4,1,1,4),(0.,0.223576971121661,0.539851820238024,
1.),.UNSPECIFIED.);
#177=B_SPLINE_CURVE_WITH_KNOTS('',3,(#4417,#4418,#4419,#4420,#4421,#4422,
#4423,#4424),.UNSPECIFIED.,.F.,.F.,(4,1,1,1,1,4),(0.,0.153393949722437,
0.336951566755026,0.591229639883464,0.768755697223895,1.),.UNSPECIFIED.);
#178=B_SPLINE_CURVE_WITH_KNOTS('',3,(#4429,#4430,#4431,#4432,#4433,#4434,
#4435,#4436),.UNSPECIFIED.,.F.,.F.,(4,1,1,1,1,4),(0.,0.153393949722437,
0.336951566755026,0.591229639883464,0.768755697223895,1.),.UNSPECIFIED.);
#179=B_SPLINE_CURVE_WITH_KNOTS('',3,(#4440,#4441,#4442,#4443,#4444,#4445,
#4446,#4447),.UNSPECIFIED.,.F.,.F.,(4,1,1,1,1,4),(0.,0.153393949722437,
0.336951566755026,0.591229639883464,0.768755697223895,1.),.UNSPECIFIED.);
#180=B_SPLINE_CURVE_WITH_KNOTS('',3,(#4449,#4450,#4451,#4452,#4453,#4454,
#4455,#4456,#4457),.UNSPECIFIED.,.F.,.F.,(4,1,1,1,1,1,4),(9.34378490892598E-17,
0.00254341798116348,0.00508683596232686,0.00763025394349025,0.00890196293407194,
0.00953781742936278,0.0101736719246536),.UNSPECIFIED.);
#181=B_SPLINE_CURVE_WITH_KNOTS('',3,(#4458,#4459,#4460,#4461,#4462,#4463,
#4464,#4465),.UNSPECIFIED.,.F.,.F.,(4,1,1,1,1,4),(0.,0.153393949722437,
0.336951566755026,0.591229639883464,0.768755697223895,1.),.UNSPECIFIED.);
#182=B_SPLINE_CURVE_WITH_KNOTS('',3,(#4488,#4489,#4490,#4491,#4492,#4493,
#4494,#4495,#4496,#4497,#4498,#4499,#4500,#4501,#4502,#4503,#4504,#4505,
#4506,#4507,#4508,#4509,#4510,#4511),.UNSPECIFIED.,.F.,.F.,(4,3,1,1,1,1,
1,1,1,1,1,1,1,1,1,1,1,1,1,4),(0.683760600799616,0.686530230292087,0.6875,
0.703125,0.71875,0.734375,0.75,0.7578125,0.765625,0.7734375,0.78125,0.7890625,
0.796875,0.8125,0.828125,0.84375,0.875,0.90625,0.9375,0.96349317953922),
 .UNSPECIFIED.);
#183=B_SPLINE_CURVE_WITH_KNOTS('',3,(#4516,#4517,#4518,#4519,#4520,#4521,
#4522,#4523,#4524,#4525,#4526,#4527,#4528,#4529,#4530,#4531,#4532,#4533,
#4534,#4535,#4536,#4537,#4538,#4539),.UNSPECIFIED.,.F.,.F.,(4,3,1,1,1,1,
1,1,1,1,1,1,1,1,1,1,1,1,1,4),(0.683760600799616,0.686530230292087,0.6875,
0.703125,0.71875,0.734375,0.75,0.7578125,0.765625,0.7734375,0.78125,0.7890625,
0.796875,0.8125,0.828125,0.84375,0.875,0.90625,0.9375,0.96349317953922),
 .UNSPECIFIED.);
#184=B_SPLINE_CURVE_WITH_KNOTS('',3,(#4545,#4546,#4547,#4548,#4549,#4550,
#4551,#4552,#4553,#4554,#4555,#4556,#4557,#4558),.UNSPECIFIED.,.F.,.F.,
(4,1,1,1,1,1,1,1,1,1,1,4),(0.,0.125,0.25,0.3125,0.375,0.4375,0.5,0.5625,
0.625,0.75,0.875,0.957235813556161),.UNSPECIFIED.);
#185=B_SPLINE_CURVE_WITH_KNOTS('',3,(#4562,#4563,#4564,#4565,#4566,#4567,
#4568,#4569,#4570,#4571,#4572,#4573,#4574,#4575),.UNSPECIFIED.,.F.,.F.,
(4,1,1,1,1,1,1,1,1,1,1,4),(0.,0.125,0.25,0.3125,0.375,0.4375,0.5,0.5625,
0.625,0.75,0.875,0.965712447557573),.UNSPECIFIED.);
#186=B_SPLINE_CURVE_WITH_KNOTS('',3,(#4582,#4583,#4584,#4585),
 .UNSPECIFIED.,.F.,.F.,(4,4),(0.00605230181102125,0.0096954965634745),
 .UNSPECIFIED.);
#187=B_SPLINE_CURVE_WITH_KNOTS('',3,(#4599,#4600,#4601,#4602),
 .UNSPECIFIED.,.F.,.F.,(4,4),(0.,0.000871381254096575),.UNSPECIFIED.);
#188=B_SPLINE_CURVE_WITH_KNOTS('',3,(#4604,#4605,#4606,#4607),
 .UNSPECIFIED.,.F.,.F.,(4,4),(0.00605172019539827,0.00969491817206459),
 .UNSPECIFIED.);
#189=B_SPLINE_CURVE_WITH_KNOTS('',3,(#4612,#4613,#4614,#4615),
 .UNSPECIFIED.,.F.,.F.,(4,4),(0.,0.000871047862721),.UNSPECIFIED.);
#190=B_SPLINE_CURVE_WITH_KNOTS('',3,(#4635,#4636,#4637,#4638),
 .UNSPECIFIED.,.F.,.F.,(4,4),(2.95500330129631E-7,0.00364940054363453),
 .UNSPECIFIED.);
#191=B_SPLINE_CURVE_WITH_KNOTS('',3,(#4652,#4653,#4654,#4655),
 .UNSPECIFIED.,.F.,.F.,(4,4),(2.74283864732555E-18,0.00087138125409658),
 .UNSPECIFIED.);
#192=B_SPLINE_CURVE_WITH_KNOTS('',3,(#4657,#4658,#4659,#4660),
 .UNSPECIFIED.,.F.,.F.,(4,4),(2.95500330014149E-7,0.00364940054363455),
 .UNSPECIFIED.);
#193=B_SPLINE_CURVE_WITH_KNOTS('',3,(#4665,#4666,#4667,#4668),
 .UNSPECIFIED.,.F.,.F.,(4,4),(4.42269442734662E-18,0.000871047862720902),
 .UNSPECIFIED.);
#194=B_SPLINE_CURVE_WITH_KNOTS('',3,(#4688,#4689,#4690,#4691),
 .UNSPECIFIED.,.F.,.F.,(4,4),(0.00605230181102124,0.00969549656347448),
 .UNSPECIFIED.);
#195=B_SPLINE_CURVE_WITH_KNOTS('',3,(#4705,#4706,#4707,#4708),
 .UNSPECIFIED.,.F.,.F.,(4,4),(0.,0.000871381254096561),.UNSPECIFIED.);
#196=B_SPLINE_CURVE_WITH_KNOTS('',3,(#4710,#4711,#4712,#4713),
 .UNSPECIFIED.,.F.,.F.,(4,4),(0.00605172019539841,0.00969491817206473),
 .UNSPECIFIED.);
#197=B_SPLINE_CURVE_WITH_KNOTS('',3,(#4718,#4719,#4720,#4721),
 .UNSPECIFIED.,.F.,.F.,(4,4),(0.,0.000871047862721028),.UNSPECIFIED.);
#198=B_SPLINE_CURVE_WITH_KNOTS('',3,(#4743,#4744,#4745,#4746),
 .UNSPECIFIED.,.F.,.F.,(4,4),(0.,1.),.PIECEWISE_BEZIER_KNOTS.);
#199=B_SPLINE_CURVE_WITH_KNOTS('',3,(#4756,#4757,#4758,#4759,#4760,#4761,
#4762,#4763,#4764,#4765,#4766,#4767,#4768,#4769,#4770,#4771,#4772,#4773,
#4774,#4775),.UNSPECIFIED.,.F.,.F.,(4,1,1,1,1,1,1,1,1,1,1,1,1,1,1,1,1,4),
(0.,0.073028396506913,0.149378982252516,0.21502199031723,0.278724957430524,
0.350904307170108,0.423888791081577,0.516839348011447,0.587352800015951,
0.634461206215546,0.6785443324424,0.731272146031031,0.779021595367222,0.826508084385911,
0.872537476170328,0.916742025155981,0.960806449582306,1.),.UNSPECIFIED.);
#200=B_SPLINE_CURVE_WITH_KNOTS('',2,(#4777,#4778,#4779),.UNSPECIFIED.,.F.,
 .F.,(3,3),(0.,1.),.PIECEWISE_BEZIER_KNOTS.);
#201=B_SPLINE_CURVE_WITH_KNOTS('',3,(#4781,#4782,#4783,#4784,#4785,#4786,
#4787,#4788,#4789,#4790,#4791,#4792,#4793,#4794),.UNSPECIFIED.,.F.,.F.,
(4,1,1,1,1,1,1,1,1,1,1,4),(0.,0.0656414689255283,0.138983350619116,0.20159931437953,
0.277384483430916,0.386628732356448,0.483665260157996,0.580381166692075,
0.695159934208121,0.817408488379503,0.9243360578678,1.),.UNSPECIFIED.);
#202=B_SPLINE_CURVE_WITH_KNOTS('',3,(#4804,#4805,#4806,#4807),
 .UNSPECIFIED.,.F.,.F.,(4,4),(0.,1.),.PIECEWISE_BEZIER_KNOTS.);
#203=B_SPLINE_CURVE_WITH_KNOTS('',3,(#4814,#4815,#4816,#4817),
 .UNSPECIFIED.,.F.,.F.,(4,4),(0.00605230181102152,0.00969549656347469),
 .UNSPECIFIED.);
#204=B_SPLINE_CURVE_WITH_KNOTS('',3,(#4826,#4827,#4828,#4829),
 .UNSPECIFIED.,.F.,.F.,(4,4),(0.,0.000871381254096563),.UNSPECIFIED.);
#205=B_SPLINE_CURVE_WITH_KNOTS('',3,(#4831,#4832,#4833,#4834),
 .UNSPECIFIED.,.F.,.F.,(4,4),(0.00605172019539852,0.00969491817206483),
 .UNSPECIFIED.);
#206=B_SPLINE_CURVE_WITH_KNOTS('',3,(#4838,#4839,#4840,#4841),
 .UNSPECIFIED.,.F.,.F.,(4,4),(0.,0.000871047862721),.UNSPECIFIED.);
#207=B_SPLINE_CURVE_WITH_KNOTS('',3,(#4854,#4855,#4856,#4857),
 .UNSPECIFIED.,.F.,.F.,(4,4),(0.00605230181102144,0.00969549656347468),
 .UNSPECIFIED.);
#208=B_SPLINE_CURVE_WITH_KNOTS('',3,(#4866,#4867,#4868,#4869),
 .UNSPECIFIED.,.F.,.F.,(4,4),(0.,0.000871381254096585),.UNSPECIFIED.);
#209=B_SPLINE_CURVE_WITH_KNOTS('',3,(#4871,#4872,#4873,#4874),
 .UNSPECIFIED.,.F.,.F.,(4,4),(0.00605172019539842,0.00969491817206477),
 .UNSPECIFIED.);
#210=B_SPLINE_CURVE_WITH_KNOTS('',3,(#4878,#4879,#4880,#4881),
 .UNSPECIFIED.,.F.,.F.,(4,4),(0.,0.000871047862721014),.UNSPECIFIED.);
#211=B_SPLINE_CURVE_WITH_KNOTS('',3,(#4894,#4895,#4896,#4897),
 .UNSPECIFIED.,.F.,.F.,(4,4),(0.00605230181102148,0.00969549656347472),
 .UNSPECIFIED.);
#212=B_SPLINE_CURVE_WITH_KNOTS('',3,(#4906,#4907,#4908,#4909),
 .UNSPECIFIED.,.F.,.F.,(4,4),(0.,0.000871381254096593),.UNSPECIFIED.);
#213=B_SPLINE_CURVE_WITH_KNOTS('',3,(#4911,#4912,#4913,#4914),
 .UNSPECIFIED.,.F.,.F.,(4,4),(0.00605172019539872,0.00969491817206507),
 .UNSPECIFIED.);
#214=B_SPLINE_CURVE_WITH_KNOTS('',3,(#4918,#4919,#4920,#4921),
 .UNSPECIFIED.,.F.,.F.,(4,4),(0.,0.000871047862721109),.UNSPECIFIED.);
#215=B_SPLINE_CURVE_WITH_KNOTS('',3,(#4937,#4938,#4939,#4940,#4941,#4942,
#4943,#4944,#4945,#4946,#4947,#4948,#4949,#4950),.UNSPECIFIED.,.F.,.F.,
(4,1,1,1,1,1,1,1,1,1,1,4),(0.,0.125,0.25,0.3125,0.375,0.4375,0.5,0.5625,
0.625,0.75,0.875,0.957235813556161),.UNSPECIFIED.);
#216=B_SPLINE_CURVE_WITH_KNOTS('',3,(#4954,#4955,#4956,#4957,#4958,#4959,
#4960,#4961,#4962,#4963,#4964,#4965,#4966,#4967,#4968,#4969,#4970,#4971,
#4972,#4973),.UNSPECIFIED.,.F.,.F.,(4,1,1,1,1,1,1,1,1,1,1,1,1,1,1,1,1,4),
(0.,0.073028396506913,0.149378982252516,0.21502199031723,0.278724957430524,
0.350904307170108,0.423888791081577,0.516839348011447,0.587352800015951,
0.634461206215546,0.6785443324424,0.731272146031031,0.779021595367222,0.826508084385911,
0.872537476170328,0.916742025155981,0.960806449582306,1.),.UNSPECIFIED.);
#217=B_SPLINE_CURVE_WITH_KNOTS('',3,(#4982,#4983,#4984,#4985,#4986,#4987,
#4988,#4989,#4990,#4991,#4992,#4993,#4994,#4995,#4996,#4997,#4998,#4999,
#5000,#5001,#5002),.UNSPECIFIED.,.F.,.F.,(4,1,1,1,1,1,1,1,1,1,1,1,1,1,1,
1,1,1,4),(0.,0.125,0.1875,0.25,0.3125,0.34375,0.375,0.4375,0.5,0.53125,
0.5625,0.59375,0.625,0.65625,0.6875,0.75,0.8125,0.875,0.97874927740228),
 .UNSPECIFIED.);
#218=B_SPLINE_CURVE_WITH_KNOTS('',3,(#5004,#5005,#5006,#5007,#5008,#5009,
#5010,#5011,#5012,#5013,#5014,#5015,#5016,#5017,#5018,#5019,#5020,#5021,
#5022,#5023,#5024,#5025,#5026,#5027,#5028,#5029),.UNSPECIFIED.,.F.,.F.,
(4,3,1,1,1,1,1,1,1,1,1,1,1,1,1,1,1,1,1,1,1,4),(0.349410085724536,0.352521572917098,
0.359375,0.375,0.40625,0.4375,0.46875,0.5,0.515625,0.53125,0.546875,0.5625,
0.5703125,0.578125,0.5859375,0.59375,0.6015625,0.609375,0.625,0.640625,
0.65625,0.663670292173194),.UNSPECIFIED.);
#219=B_SPLINE_CURVE_WITH_KNOTS('',3,(#5033,#5034,#5035,#5036,#5037,#5038,
#5039,#5040,#5041,#5042,#5043,#5044,#5045,#5046),.UNSPECIFIED.,.F.,.F.,
(4,1,1,1,1,1,1,1,1,1,1,4),(0.,0.125,0.25,0.3125,0.375,0.4375,0.5,0.5625,
0.625,0.75,0.875,0.965712447557573),.UNSPECIFIED.);
#220=B_SPLINE_CURVE_WITH_KNOTS('',3,(#5062,#5063,#5064,#5065),
 .UNSPECIFIED.,.F.,.F.,(4,4),(0.,1.),.PIECEWISE_BEZIER_KNOTS.);
#221=B_SPLINE_CURVE_WITH_KNOTS('',3,(#5072,#5073,#5074,#5075,#5076,#5077,
#5078,#5079,#5080,#5081,#5082,#5083,#5084,#5085,#5086,#5087,#5088,#5089,
#5090,#5091,#5092,#5093,#5094,#5095,#5096,#5097,#5098,#5099),
 .UNSPECIFIED.,.F.,.F.,(4,1,1,1,1,1,1,1,1,1,1,1,1,1,1,1,1,1,1,1,1,1,1,1,
1,4),(0.,0.001953125,0.00390625,0.0078125,0.01171875,0.015625,0.01953125,
0.0234375,0.03125,0.0390625,0.046875,0.0546875,0.0625,0.078125,0.09375,
0.109375,0.125,0.140625,0.15625,0.1875,0.21875,0.25,0.28125,0.3125,0.328125,
0.33242937468904),.UNSPECIFIED.);
#222=B_SPLINE_CURVE_WITH_KNOTS('',3,(#5101,#5102,#5103,#5104,#5105,#5106),
 .UNSPECIFIED.,.F.,.F.,(4,1,1,4),(0.,0.333660656154607,0.614162143596659,
0.99999940985042),.UNSPECIFIED.);
#223=B_SPLINE_CURVE_WITH_KNOTS('',3,(#5121,#5122,#5123,#5124),
 .UNSPECIFIED.,.F.,.F.,(4,4),(0.,1.),.PIECEWISE_BEZIER_KNOTS.);
#224=B_SPLINE_CURVE_WITH_KNOTS('',3,(#5131,#5132,#5133,#5134,#5135,#5136,
#5137),.UNSPECIFIED.,.F.,.F.,(4,1,1,1,4),(0.,0.250285198983272,0.4480874118683,
0.67358518428147,0.909442609033293),.UNSPECIFIED.);
#225=B_SPLINE_CURVE_WITH_KNOTS('',3,(#5138,#5139,#5140,#5141,#5142,#5143,
#5144,#5145,#5146,#5147,#5148,#5149,#5150,#5151),.UNSPECIFIED.,.F.,.F.,
(4,1,1,1,1,1,1,1,1,1,1,4),(0.,0.0380647847462057,0.0761295694924115,0.114194354238617,
0.152259138984823,0.228388708477234,0.26645349322344,0.304518277969646,
0.342583062715852,0.380647847462057,0.456777416954469,0.474814629784463),
 .UNSPECIFIED.);
#226=B_SPLINE_CURVE_WITH_KNOTS('',3,(#5165,#5166,#5167,#5168),
 .UNSPECIFIED.,.F.,.F.,(4,4),(0.,0.681591127614586),
 .PIECEWISE_BEZIER_KNOTS.);
#227=B_SPLINE_CURVE_WITH_KNOTS('',3,(#5170,#5171,#5172,#5173),
 .UNSPECIFIED.,.F.,.F.,(4,4),(0.681591127614586,1.),
 .PIECEWISE_BEZIER_KNOTS.);
#228=B_SPLINE_CURVE_WITH_KNOTS('',3,(#5175,#5176,#5177,#5178,#5179,#5180,
#5181,#5182,#5183,#5184,#5185,#5186,#5187,#5188,#5189,#5190,#5191,#5192,
#5193,#5194),.UNSPECIFIED.,.F.,.F.,(4,1,1,1,1,1,1,1,1,1,1,1,1,1,1,1,1,4),
(0.,0.073028396506913,0.149378982252516,0.21502199031723,0.278724957430524,
0.350904307170108,0.423888791081577,0.516839348011447,0.587352800015951,
0.634461206215546,0.6785443324424,0.731272146031031,0.779021595367222,0.826508084385911,
0.872537476170328,0.916742025155981,0.960806449582306,1.),.UNSPECIFIED.);
#229=B_SPLINE_CURVE_WITH_KNOTS('',3,(#5415,#5416,#5417,#5418,#5419,#5420,
#5421,#5422,#5423,#5424,#5425,#5426,#5427,#5428,#5429,#5430,#5431,#5432,
#5433,#5434),.UNSPECIFIED.,.F.,.F.,(4,1,1,1,1,1,1,1,1,1,1,1,1,1,1,1,1,4),
(0.,0.073028396506913,0.149378982252516,0.21502199031723,0.278724957430524,
0.350904307170108,0.423888791081577,0.516839348011447,0.587352800015951,
0.634461206215546,0.6785443324424,0.731272146031031,0.779021595367222,0.826508084385911,
0.872537476170328,0.916742025155981,0.960806449582306,1.),.UNSPECIFIED.);
#230=B_SPLINE_CURVE_WITH_KNOTS('',3,(#5437,#5438,#5439,#5440,#5441,#5442,
#5443,#5444,#5445,#5446,#5447,#5448,#5449,#5450,#5451,#5452,#5453,#5454,
#5455,#5456),.UNSPECIFIED.,.F.,.F.,(4,1,1,1,1,1,1,1,1,1,1,1,1,1,1,1,1,4),
(0.,0.073028396506913,0.149378982252516,0.21502199031723,0.278724957430524,
0.350904307170108,0.423888791081577,0.516839348011447,0.587352800015951,
0.634461206215546,0.6785443324424,0.731272146031031,0.779021595367222,0.826508084385911,
0.872537476170328,0.916742025155981,0.960806449582306,1.),.UNSPECIFIED.);
#231=B_SPLINE_CURVE_WITH_KNOTS('',3,(#5460,#5461,#5462,#5463,#5464,#5465,
#5466,#5467,#5468,#5469,#5470,#5471,#5472,#5473,#5474,#5475,#5476,#5477,
#5478,#5479),.UNSPECIFIED.,.F.,.F.,(4,1,1,1,1,1,1,1,1,1,1,1,1,1,1,1,1,4),
(0.,0.073028396506913,0.149378982252516,0.21502199031723,0.278724957430524,
0.350904307170108,0.423888791081577,0.516839348011447,0.587352800015951,
0.634461206215546,0.6785443324424,0.731272146031031,0.779021595367222,0.826508084385911,
0.872537476170328,0.916742025155981,0.960806449582306,1.),.UNSPECIFIED.);
#232=B_SPLINE_CURVE_WITH_KNOTS('',3,(#5487,#5488,#5489,#5490),
 .UNSPECIFIED.,.F.,.F.,(4,4),(0.,0.00147519617019558),.UNSPECIFIED.);
#233=B_SPLINE_CURVE_WITH_KNOTS('',3,(#5501,#5502,#5503,#5504),
 .UNSPECIFIED.,.F.,.F.,(4,4),(0.,0.00147959999584701),.UNSPECIFIED.);
#234=B_SPLINE_CURVE_WITH_KNOTS('',3,(#5512,#5513,#5514,#5515),
 .UNSPECIFIED.,.F.,.F.,(4,4),(0.,0.00147519617019555),.UNSPECIFIED.);
#235=B_SPLINE_CURVE_WITH_KNOTS('',3,(#5526,#5527,#5528,#5529),
 .UNSPECIFIED.,.F.,.F.,(4,4),(8.67361737988404E-19,0.00147959999584692),
 .UNSPECIFIED.);
#236=B_SPLINE_CURVE_WITH_KNOTS('',3,(#5537,#5538,#5539,#5540),
 .UNSPECIFIED.,.F.,.F.,(4,4),(0.,0.00147519617019555),.UNSPECIFIED.);
#237=B_SPLINE_CURVE_WITH_KNOTS('',3,(#5551,#5552,#5553,#5554),
 .UNSPECIFIED.,.F.,.F.,(4,4),(0.,0.00147959999584697),.UNSPECIFIED.);
#238=B_SPLINE_CURVE_WITH_KNOTS('',3,(#5562,#5563,#5564,#5565),
 .UNSPECIFIED.,.F.,.F.,(4,4),(0.,0.00147519617019557),.UNSPECIFIED.);
#239=B_SPLINE_CURVE_WITH_KNOTS('',3,(#5576,#5577,#5578,#5579),
 .UNSPECIFIED.,.F.,.F.,(4,4),(0.,0.00147959999584697),.UNSPECIFIED.);
#240=B_SPLINE_CURVE_WITH_KNOTS('',3,(#5587,#5588,#5589,#5590),
 .UNSPECIFIED.,.F.,.F.,(4,4),(1.30104260698261E-18,0.0014751961701955),
 .UNSPECIFIED.);
#241=B_SPLINE_CURVE_WITH_KNOTS('',3,(#5601,#5602,#5603,#5604),
 .UNSPECIFIED.,.F.,.F.,(4,4),(0.,0.00147959999584714),.UNSPECIFIED.);
#242=B_SPLINE_CURVE_WITH_KNOTS('',3,(#5612,#5613,#5614,#5615),
 .UNSPECIFIED.,.F.,.F.,(4,4),(0.,0.00147519617019555),.UNSPECIFIED.);
#243=B_SPLINE_CURVE_WITH_KNOTS('',3,(#5626,#5627,#5628,#5629),
 .UNSPECIFIED.,.F.,.F.,(4,4),(0.,0.00147959999584701),.UNSPECIFIED.);
#244=B_SPLINE_CURVE_WITH_KNOTS('',3,(#5680,#5681,#5682,#5683,#5684,#5685,
#5686,#5687,#5688,#5689,#5690,#5691,#5692,#5693),.UNSPECIFIED.,.F.,.F.,
(4,1,1,1,1,1,1,1,1,1,1,4),(0.,0.0656414689255283,0.138983350619116,0.20159931437953,
0.277384483430916,0.386628732356448,0.483665260157996,0.580381166692075,
0.695159934208121,0.817408488379503,0.9243360578678,1.),.UNSPECIFIED.);
#245=B_SPLINE_CURVE_WITH_KNOTS('',2,(#5695,#5696,#5697),.UNSPECIFIED.,.F.,
 .F.,(3,3),(0.,1.),.PIECEWISE_BEZIER_KNOTS.);
#246=B_SPLINE_CURVE_WITH_KNOTS('',3,(#5779,#5780,#5781,#5782,#5783,#5784,
#5785,#5786,#5787,#5788,#5789,#5790,#5791,#5792),.UNSPECIFIED.,.F.,.F.,
(4,1,1,1,1,1,1,1,1,1,1,4),(0.,0.0656414689255283,0.138983350619116,0.20159931437953,
0.277384483430916,0.386628732356448,0.483665260157996,0.580381166692075,
0.695159934208121,0.817408488379503,0.9243360578678,1.),.UNSPECIFIED.);
#247=B_SPLINE_CURVE_WITH_KNOTS('',3,(#5851,#5852,#5853,#5854,#5855,#5856,
#5857,#5858,#5859,#5860,#5861,#5862,#5863,#5864,#5865,#5866,#5867,#5868,
#5869),.UNSPECIFIED.,.F.,.F.,(4,1,1,1,1,1,1,1,1,1,1,1,1,3,4),(0.,0.0625,
0.125,0.15625,0.1875,0.21875,0.234375,0.25,0.28125,0.3125,0.375,0.4375,
0.46875,0.483277183567242,0.488109955402915),.UNSPECIFIED.);
#248=B_SPLINE_CURVE_WITH_KNOTS('',3,(#5875,#5876,#5877,#5878,#5879,#5880,
#5881,#5882,#5883,#5884,#5885,#5886,#5887,#5888,#5889,#5890,#5891,#5892,
#5893,#5894,#5895,#5896,#5897,#5898,#5899,#5900,#5901,#5902,#5903,#5904,
#5905,#5906,#5907,#5908,#5909,#5910,#5911,#5912,#5913),.UNSPECIFIED.,.F.,
 .F.,(4,1,1,1,1,1,1,1,1,1,1,1,1,1,1,1,1,1,1,1,1,1,1,1,1,1,1,1,1,1,1,1,1,
1,1,1,4),(0.,0.03125,0.0625,0.09375,0.125,0.15625,0.1875,0.203125,0.21875,
0.234375,0.2421875,0.25,0.2578125,0.265625,0.28125,0.296875,0.3125,0.34375,
0.375,0.40625,0.4375,0.453125,0.46875,0.484375,0.5,0.53125,0.5625,0.59375,
0.625,0.65625,0.671875,0.6875,0.71875,0.75,0.8125,0.875,0.876931670046349),
 .UNSPECIFIED.);
#249=B_SPLINE_CURVE_WITH_KNOTS('',3,(#5934,#5935,#5936,#5937),
 .UNSPECIFIED.,.F.,.F.,(4,4),(0.,0.00199999055248255),.UNSPECIFIED.);
#250=B_SPLINE_CURVE_WITH_KNOTS('',3,(#5962,#5963,#5964,#5965),
 .UNSPECIFIED.,.F.,.F.,(4,4),(0.,0.00147292219104882),.UNSPECIFIED.);
#251=B_SPLINE_CURVE_WITH_KNOTS('',3,(#5988,#5989,#5990,#5991,#5992,#5993,
#5994,#5995,#5996,#5997,#5998,#5999,#6000,#6001,#6002,#6003,#6004,#6005,
#6006,#6007,#6008,#6009,#6010,#6011,#6012,#6013),.UNSPECIFIED.,.F.,.F.,
(4,3,1,1,1,1,1,1,1,1,1,1,1,1,1,1,1,1,1,1,1,4),(0.349410085724536,0.352521572917098,
0.359375,0.375,0.40625,0.4375,0.46875,0.5,0.515625,0.53125,0.546875,0.5625,
0.5703125,0.578125,0.5859375,0.59375,0.6015625,0.609375,0.625,0.640625,
0.65625,0.663670292173194),.UNSPECIFIED.);
#252=B_SPLINE_CURVE_WITH_KNOTS('',3,(#6046,#6047,#6048,#6049),
 .UNSPECIFIED.,.F.,.F.,(4,4),(0.,0.0101466297936596),.UNSPECIFIED.);
#253=B_SPLINE_CURVE_WITH_KNOTS('',3,(#6051,#6052,#6053,#6054,#6055,#6056,
#6057,#6058,#6059,#6060,#6061,#6062,#6063,#6064,#6065,#6066,#6067,#6068,
#6069,#6070,#6071),.UNSPECIFIED.,.F.,.F.,(4,1,1,1,1,1,1,1,1,1,1,1,1,1,1,
1,1,1,4),(0.,0.125,0.1875,0.25,0.3125,0.34375,0.375,0.4375,0.5,0.53125,
0.5625,0.59375,0.625,0.65625,0.6875,0.75,0.8125,0.875,0.97874927740228),
 .UNSPECIFIED.);
#254=B_SPLINE_CURVE_WITH_KNOTS('',3,(#6096,#6097,#6098,#6099,#6100,#6101),
 .UNSPECIFIED.,.F.,.F.,(4,1,1,4),(0.,0.333660656154607,0.614162143596659,
0.99999940985042),.UNSPECIFIED.);
#255=B_SPLINE_CURVE_WITH_KNOTS('',3,(#6103,#6104,#6105,#6106,#6107),
 .UNSPECIFIED.,.F.,.F.,(4,1,4),(0.,0.00507766379311144,0.0101553275862229),
 .UNSPECIFIED.);
#256=B_SPLINE_CURVE_WITH_KNOTS('',3,(#6148,#6149,#6150,#6151,#6152,#6153,
#6154,#6155),.UNSPECIFIED.,.F.,.F.,(4,1,1,1,1,4),(0.,0.00127123660701397,
0.00254247321402795,0.00508494642805589,0.00762741964208384,0.0101698928561118),
 .UNSPECIFIED.);
#257=B_SPLINE_CURVE_WITH_KNOTS('',3,(#6157,#6158,#6159,#6160,#6161,#6162,
#6163,#6164,#6165,#6166,#6167,#6168,#6169,#6170,#6171,#6172,#6173,#6174,
#6175,#6176,#6177,#6178,#6179,#6180,#6181,#6182,#6183,#6184),
 .UNSPECIFIED.,.F.,.F.,(4,1,1,1,1,1,1,1,1,1,1,1,1,1,1,1,1,1,1,1,1,1,1,1,
1,4),(0.,0.001953125,0.00390625,0.0078125,0.01171875,0.015625,0.01953125,
0.0234375,0.03125,0.0390625,0.046875,0.0546875,0.0625,0.078125,0.09375,
0.109375,0.125,0.140625,0.15625,0.1875,0.21875,0.25,0.28125,0.3125,0.328125,
0.33242937468904),.UNSPECIFIED.);
#258=B_SPLINE_CURVE_WITH_KNOTS('',3,(#6245,#6246,#6247,#6248,#6249,#6250,
#6251),.UNSPECIFIED.,.F.,.F.,(4,1,1,1,4),(0.,0.235857424751823,0.461355197164992,
0.659157410050021,0.909442609033293),.UNSPECIFIED.);
#259=B_SPLINE_CURVE_WITH_KNOTS('',3,(#6253,#6254,#6255,#6256,#6257,#6258),
 .UNSPECIFIED.,.F.,.F.,(4,1,1,4),(0.,0.0028089867967976,0.0056179735935952,
0.0112359471871904),.UNSPECIFIED.);
#260=B_SPLINE_CURVE_WITH_KNOTS('',3,(#6305,#6306,#6307,#6308,#6309,#6310,
#6311,#6312,#6313,#6314,#6315,#6316,#6317,#6318,#6319,#6320,#6321,#6322,
#6323,#6324,#6325,#6326,#6327,#6328,#6329,#6330,#6331,#6332,#6333,#6334,
#6335,#6336,#6337,#6338,#6339,#6340,#6341,#6342,#6343),.UNSPECIFIED.,.F.,
 .F.,(4,1,1,1,1,1,1,1,1,1,1,1,1,1,1,1,1,1,1,1,1,1,1,1,1,1,1,1,1,1,1,1,1,
1,1,1,4),(0.,0.03125,0.0625,0.09375,0.125,0.15625,0.1875,0.203125,0.21875,
0.234375,0.2421875,0.25,0.2578125,0.265625,0.28125,0.296875,0.3125,0.34375,
0.375,0.40625,0.4375,0.453125,0.46875,0.484375,0.5,0.53125,0.5625,0.59375,
0.625,0.65625,0.671875,0.6875,0.71875,0.75,0.8125,0.875,0.876931670046349),
 .UNSPECIFIED.);
#261=B_SPLINE_CURVE_WITH_KNOTS('',3,(#6345,#6346,#6347,#6348,#6349),
 .UNSPECIFIED.,.F.,.F.,(4,1,4),(0.,0.0054038082871379,0.0108076165742758),
 .UNSPECIFIED.);
#262=B_SPLINE_CURVE_WITH_KNOTS('',3,(#6370,#6371,#6372,#6373,#6374,#6375,
#6376,#6377,#6378,#6379,#6380,#6381,#6382,#6383,#6384,#6385),
 .UNSPECIFIED.,.F.,.F.,(4,1,1,1,1,1,1,1,1,1,1,1,1,4),(0.00483277183567243,
0.0193599554029146,0.0506099554029146,0.113109955402915,0.175609955402914,
0.206859955402914,0.238109955402915,0.253734955402914,0.269359955402914,
0.300609955402914,0.331859955402914,0.363109955402914,0.425609955402914,
0.488109955402915),.UNSPECIFIED.);
#263=B_SPLINE_CURVE_WITH_KNOTS('',3,(#6389,#6390,#6391,#6392,#6393),
 .UNSPECIFIED.,.F.,.F.,(4,1,4),(0.,0.00507784844175614,0.0101556968835123),
 .UNSPECIFIED.);
#264=ORIENTED_EDGE('',*,*,#1182,.F.);
#265=ORIENTED_EDGE('',*,*,#1183,.F.);
#266=ORIENTED_EDGE('',*,*,#1184,.T.);
#267=ORIENTED_EDGE('',*,*,#1185,.F.);
#268=ORIENTED_EDGE('',*,*,#1186,.F.);
#269=ORIENTED_EDGE('',*,*,#1187,.F.);
#270=ORIENTED_EDGE('',*,*,#1188,.T.);
#271=ORIENTED_EDGE('',*,*,#1189,.F.);
#272=ORIENTED_EDGE('',*,*,#1190,.F.);
#273=ORIENTED_EDGE('',*,*,#1191,.F.);
#274=ORIENTED_EDGE('',*,*,#1192,.T.);
#275=ORIENTED_EDGE('',*,*,#1193,.F.);
#276=ORIENTED_EDGE('',*,*,#1194,.F.);
#277=ORIENTED_EDGE('',*,*,#1195,.F.);
#278=ORIENTED_EDGE('',*,*,#1196,.T.);
#279=ORIENTED_EDGE('',*,*,#1197,.F.);
#280=ORIENTED_EDGE('',*,*,#1198,.T.);
#281=ORIENTED_EDGE('',*,*,#1199,.T.);
#282=ORIENTED_EDGE('',*,*,#1200,.F.);
#283=ORIENTED_EDGE('',*,*,#1201,.F.);
#284=ORIENTED_EDGE('',*,*,#1202,.F.);
#285=ORIENTED_EDGE('',*,*,#1203,.T.);
#286=ORIENTED_EDGE('',*,*,#1204,.F.);
#287=ORIENTED_EDGE('',*,*,#1205,.T.);
#288=ORIENTED_EDGE('',*,*,#1206,.T.);
#289=ORIENTED_EDGE('',*,*,#1207,.F.);
#290=ORIENTED_EDGE('',*,*,#1208,.F.);
#291=ORIENTED_EDGE('',*,*,#1209,.T.);
#292=ORIENTED_EDGE('',*,*,#1186,.T.);
#293=ORIENTED_EDGE('',*,*,#1210,.T.);
#294=ORIENTED_EDGE('',*,*,#1211,.F.);
#295=ORIENTED_EDGE('',*,*,#1212,.F.);
#296=ORIENTED_EDGE('',*,*,#1213,.T.);
#297=ORIENTED_EDGE('',*,*,#1214,.F.);
#298=ORIENTED_EDGE('',*,*,#1215,.F.);
#299=ORIENTED_EDGE('',*,*,#1216,.F.);
#300=ORIENTED_EDGE('',*,*,#1217,.T.);
#301=ORIENTED_EDGE('',*,*,#1194,.T.);
#302=ORIENTED_EDGE('',*,*,#1218,.T.);
#303=ORIENTED_EDGE('',*,*,#1219,.F.);
#304=ORIENTED_EDGE('',*,*,#1220,.F.);
#305=ORIENTED_EDGE('',*,*,#1221,.T.);
#306=ORIENTED_EDGE('',*,*,#1222,.T.);
#307=ORIENTED_EDGE('',*,*,#1223,.T.);
#308=ORIENTED_EDGE('',*,*,#1224,.F.);
#309=ORIENTED_EDGE('',*,*,#1225,.F.);
#310=ORIENTED_EDGE('',*,*,#1226,.T.);
#311=ORIENTED_EDGE('',*,*,#1227,.T.);
#312=ORIENTED_EDGE('',*,*,#1228,.T.);
#313=ORIENTED_EDGE('',*,*,#1214,.T.);
#314=ORIENTED_EDGE('',*,*,#1229,.F.);
#315=ORIENTED_EDGE('',*,*,#1230,.F.);
#316=ORIENTED_EDGE('',*,*,#1231,.F.);
#317=ORIENTED_EDGE('',*,*,#1232,.T.);
#318=ORIENTED_EDGE('',*,*,#1233,.F.);
#319=ORIENTED_EDGE('',*,*,#1234,.T.);
#320=ORIENTED_EDGE('',*,*,#1235,.T.);
#321=ORIENTED_EDGE('',*,*,#1236,.F.);
#322=ORIENTED_EDGE('',*,*,#1237,.T.);
#323=ORIENTED_EDGE('',*,*,#1238,.T.);
#324=ORIENTED_EDGE('',*,*,#1239,.T.);
#325=ORIENTED_EDGE('',*,*,#1240,.T.);
#326=ORIENTED_EDGE('',*,*,#1241,.T.);
#327=ORIENTED_EDGE('',*,*,#1242,.F.);
#328=ORIENTED_EDGE('',*,*,#1243,.F.);
#329=ORIENTED_EDGE('',*,*,#1244,.T.);
#330=ORIENTED_EDGE('',*,*,#1245,.F.);
#331=ORIENTED_EDGE('',*,*,#1246,.T.);
#332=ORIENTED_EDGE('',*,*,#1247,.F.);
#333=ORIENTED_EDGE('',*,*,#1246,.F.);
#334=ORIENTED_EDGE('',*,*,#1248,.T.);
#335=ORIENTED_EDGE('',*,*,#1231,.T.);
#336=ORIENTED_EDGE('',*,*,#1249,.F.);
#337=ORIENTED_EDGE('',*,*,#1250,.F.);
#338=ORIENTED_EDGE('',*,*,#1251,.F.);
#339=ORIENTED_EDGE('',*,*,#1252,.T.);
#340=ORIENTED_EDGE('',*,*,#1253,.F.);
#341=ORIENTED_EDGE('',*,*,#1254,.T.);
#342=ORIENTED_EDGE('',*,*,#1255,.T.);
#343=ORIENTED_EDGE('',*,*,#1256,.F.);
#344=ORIENTED_EDGE('',*,*,#1257,.T.);
#345=ORIENTED_EDGE('',*,*,#1258,.T.);
#346=ORIENTED_EDGE('',*,*,#1259,.T.);
#347=ORIENTED_EDGE('',*,*,#1260,.T.);
#348=ORIENTED_EDGE('',*,*,#1261,.T.);
#349=ORIENTED_EDGE('',*,*,#1262,.F.);
#350=ORIENTED_EDGE('',*,*,#1263,.F.);
#351=ORIENTED_EDGE('',*,*,#1264,.T.);
#352=ORIENTED_EDGE('',*,*,#1265,.F.);
#353=ORIENTED_EDGE('',*,*,#1266,.T.);
#354=ORIENTED_EDGE('',*,*,#1267,.F.);
#355=ORIENTED_EDGE('',*,*,#1266,.F.);
#356=ORIENTED_EDGE('',*,*,#1268,.T.);
#357=ORIENTED_EDGE('',*,*,#1251,.T.);
#358=ORIENTED_EDGE('',*,*,#1269,.F.);
#359=ORIENTED_EDGE('',*,*,#1270,.F.);
#360=ORIENTED_EDGE('',*,*,#1271,.F.);
#361=ORIENTED_EDGE('',*,*,#1272,.T.);
#362=ORIENTED_EDGE('',*,*,#1273,.F.);
#363=ORIENTED_EDGE('',*,*,#1274,.T.);
#364=ORIENTED_EDGE('',*,*,#1275,.T.);
#365=ORIENTED_EDGE('',*,*,#1276,.F.);
#366=ORIENTED_EDGE('',*,*,#1277,.T.);
#367=ORIENTED_EDGE('',*,*,#1278,.T.);
#368=ORIENTED_EDGE('',*,*,#1279,.T.);
#369=ORIENTED_EDGE('',*,*,#1280,.T.);
#370=ORIENTED_EDGE('',*,*,#1281,.T.);
#371=ORIENTED_EDGE('',*,*,#1282,.F.);
#372=ORIENTED_EDGE('',*,*,#1283,.F.);
#373=ORIENTED_EDGE('',*,*,#1284,.T.);
#374=ORIENTED_EDGE('',*,*,#1285,.F.);
#375=ORIENTED_EDGE('',*,*,#1286,.T.);
#376=ORIENTED_EDGE('',*,*,#1287,.F.);
#377=ORIENTED_EDGE('',*,*,#1286,.F.);
#378=ORIENTED_EDGE('',*,*,#1288,.T.);
#379=ORIENTED_EDGE('',*,*,#1271,.T.);
#380=ORIENTED_EDGE('',*,*,#1289,.F.);
#381=ORIENTED_EDGE('',*,*,#1290,.F.);
#382=ORIENTED_EDGE('',*,*,#1291,.T.);
#383=ORIENTED_EDGE('',*,*,#1292,.T.);
#384=ORIENTED_EDGE('',*,*,#1293,.F.);
#385=ORIENTED_EDGE('',*,*,#1294,.F.);
#386=ORIENTED_EDGE('',*,*,#1295,.T.);
#387=ORIENTED_EDGE('',*,*,#1296,.F.);
#388=ORIENTED_EDGE('',*,*,#1297,.F.);
#389=ORIENTED_EDGE('',*,*,#1298,.F.);
#390=ORIENTED_EDGE('',*,*,#1299,.F.);
#391=ORIENTED_EDGE('',*,*,#1300,.T.);
#392=ORIENTED_EDGE('',*,*,#1301,.F.);
#393=ORIENTED_EDGE('',*,*,#1302,.F.);
#394=ORIENTED_EDGE('',*,*,#1303,.T.);
#395=ORIENTED_EDGE('',*,*,#1304,.T.);
#396=ORIENTED_EDGE('',*,*,#1305,.F.);
#397=ORIENTED_EDGE('',*,*,#1306,.F.);
#398=ORIENTED_EDGE('',*,*,#1304,.F.);
#399=ORIENTED_EDGE('',*,*,#1307,.T.);
#400=ORIENTED_EDGE('',*,*,#1308,.T.);
#401=ORIENTED_EDGE('',*,*,#1309,.T.);
#402=ORIENTED_EDGE('',*,*,#1310,.F.);
#403=ORIENTED_EDGE('',*,*,#1311,.T.);
#404=ORIENTED_EDGE('',*,*,#1312,.T.);
#405=ORIENTED_EDGE('',*,*,#1313,.T.);
#406=ORIENTED_EDGE('',*,*,#1314,.T.);
#407=ORIENTED_EDGE('',*,*,#1315,.T.);
#408=ORIENTED_EDGE('',*,*,#1316,.F.);
#409=ORIENTED_EDGE('',*,*,#1317,.F.);
#410=ORIENTED_EDGE('',*,*,#1318,.F.);
#411=ORIENTED_EDGE('',*,*,#1290,.T.);
#412=ORIENTED_EDGE('',*,*,#1319,.F.);
#413=ORIENTED_EDGE('',*,*,#1320,.F.);
#414=ORIENTED_EDGE('',*,*,#1300,.F.);
#415=ORIENTED_EDGE('',*,*,#1321,.T.);
#416=ORIENTED_EDGE('',*,*,#1322,.T.);
#417=ORIENTED_EDGE('',*,*,#1323,.T.);
#418=ORIENTED_EDGE('',*,*,#1324,.F.);
#419=ORIENTED_EDGE('',*,*,#1325,.T.);
#420=ORIENTED_EDGE('',*,*,#1326,.T.);
#421=ORIENTED_EDGE('',*,*,#1327,.T.);
#422=ORIENTED_EDGE('',*,*,#1328,.T.);
#423=ORIENTED_EDGE('',*,*,#1329,.T.);
#424=ORIENTED_EDGE('',*,*,#1330,.F.);
#425=ORIENTED_EDGE('',*,*,#1331,.F.);
#426=ORIENTED_EDGE('',*,*,#1332,.F.);
#427=ORIENTED_EDGE('',*,*,#1302,.T.);
#428=ORIENTED_EDGE('',*,*,#1333,.F.);
#429=ORIENTED_EDGE('',*,*,#1334,.F.);
#430=ORIENTED_EDGE('',*,*,#1292,.F.);
#431=ORIENTED_EDGE('',*,*,#1335,.T.);
#432=ORIENTED_EDGE('',*,*,#1336,.T.);
#433=ORIENTED_EDGE('',*,*,#1337,.T.);
#434=ORIENTED_EDGE('',*,*,#1338,.F.);
#435=ORIENTED_EDGE('',*,*,#1339,.T.);
#436=ORIENTED_EDGE('',*,*,#1340,.T.);
#437=ORIENTED_EDGE('',*,*,#1341,.T.);
#438=ORIENTED_EDGE('',*,*,#1342,.T.);
#439=ORIENTED_EDGE('',*,*,#1343,.T.);
#440=ORIENTED_EDGE('',*,*,#1344,.F.);
#441=ORIENTED_EDGE('',*,*,#1345,.F.);
#442=ORIENTED_EDGE('',*,*,#1346,.F.);
#443=ORIENTED_EDGE('',*,*,#1294,.T.);
#444=ORIENTED_EDGE('',*,*,#1347,.F.);
#445=ORIENTED_EDGE('',*,*,#1348,.F.);
#446=ORIENTED_EDGE('',*,*,#1349,.F.);
#447=ORIENTED_EDGE('',*,*,#1350,.T.);
#448=ORIENTED_EDGE('',*,*,#1351,.T.);
#449=ORIENTED_EDGE('',*,*,#1220,.T.);
#450=ORIENTED_EDGE('',*,*,#1352,.F.);
#451=ORIENTED_EDGE('',*,*,#1353,.F.);
#452=ORIENTED_EDGE('',*,*,#1354,.F.);
#453=ORIENTED_EDGE('',*,*,#1355,.T.);
#454=ORIENTED_EDGE('',*,*,#1356,.T.);
#455=ORIENTED_EDGE('',*,*,#1357,.T.);
#456=ORIENTED_EDGE('',*,*,#1358,.T.);
#457=ORIENTED_EDGE('',*,*,#1359,.T.);
#458=ORIENTED_EDGE('',*,*,#1360,.F.);
#459=ORIENTED_EDGE('',*,*,#1361,.T.);
#460=ORIENTED_EDGE('',*,*,#1362,.F.);
#461=ORIENTED_EDGE('',*,*,#1363,.T.);
#462=ORIENTED_EDGE('',*,*,#1233,.T.);
#463=ORIENTED_EDGE('',*,*,#1364,.F.);
#464=ORIENTED_EDGE('',*,*,#1244,.F.);
#465=ORIENTED_EDGE('',*,*,#1365,.F.);
#466=ORIENTED_EDGE('',*,*,#1366,.T.);
#467=ORIENTED_EDGE('',*,*,#1367,.T.);
#468=ORIENTED_EDGE('',*,*,#1368,.F.);
#469=ORIENTED_EDGE('',*,*,#1369,.F.);
#470=ORIENTED_EDGE('',*,*,#1370,.F.);
#471=ORIENTED_EDGE('',*,*,#1371,.T.);
#472=ORIENTED_EDGE('',*,*,#1372,.T.);
#473=ORIENTED_EDGE('',*,*,#1373,.T.);
#474=ORIENTED_EDGE('',*,*,#1374,.F.);
#475=ORIENTED_EDGE('',*,*,#1193,.T.);
#476=ORIENTED_EDGE('',*,*,#1375,.F.);
#477=ORIENTED_EDGE('',*,*,#1376,.T.);
#478=ORIENTED_EDGE('',*,*,#1377,.F.);
#479=ORIENTED_EDGE('',*,*,#1378,.F.);
#480=ORIENTED_EDGE('',*,*,#1379,.F.);
#481=ORIENTED_EDGE('',*,*,#1380,.F.);
#482=ORIENTED_EDGE('',*,*,#1381,.F.);
#483=ORIENTED_EDGE('',*,*,#1382,.F.);
#484=ORIENTED_EDGE('',*,*,#1383,.F.);
#485=ORIENTED_EDGE('',*,*,#1384,.T.);
#486=ORIENTED_EDGE('',*,*,#1385,.T.);
#487=ORIENTED_EDGE('',*,*,#1386,.T.);
#488=ORIENTED_EDGE('',*,*,#1207,.T.);
#489=ORIENTED_EDGE('',*,*,#1387,.F.);
#490=ORIENTED_EDGE('',*,*,#1388,.T.);
#491=ORIENTED_EDGE('',*,*,#1389,.F.);
#492=ORIENTED_EDGE('',*,*,#1390,.T.);
#493=ORIENTED_EDGE('',*,*,#1253,.T.);
#494=ORIENTED_EDGE('',*,*,#1391,.F.);
#495=ORIENTED_EDGE('',*,*,#1264,.F.);
#496=ORIENTED_EDGE('',*,*,#1392,.F.);
#497=ORIENTED_EDGE('',*,*,#1393,.T.);
#498=ORIENTED_EDGE('',*,*,#1394,.T.);
#499=ORIENTED_EDGE('',*,*,#1395,.T.);
#500=ORIENTED_EDGE('',*,*,#1396,.T.);
#501=ORIENTED_EDGE('',*,*,#1397,.F.);
#502=ORIENTED_EDGE('',*,*,#1218,.F.);
#503=ORIENTED_EDGE('',*,*,#1197,.T.);
#504=ORIENTED_EDGE('',*,*,#1398,.F.);
#505=ORIENTED_EDGE('',*,*,#1399,.T.);
#506=ORIENTED_EDGE('',*,*,#1400,.F.);
#507=ORIENTED_EDGE('',*,*,#1401,.T.);
#508=ORIENTED_EDGE('',*,*,#1385,.F.);
#509=ORIENTED_EDGE('',*,*,#1402,.F.);
#510=ORIENTED_EDGE('',*,*,#1403,.F.);
#511=ORIENTED_EDGE('',*,*,#1404,.T.);
#512=ORIENTED_EDGE('',*,*,#1372,.F.);
#513=ORIENTED_EDGE('',*,*,#1405,.F.);
#514=ORIENTED_EDGE('',*,*,#1406,.F.);
#515=ORIENTED_EDGE('',*,*,#1407,.T.);
#516=ORIENTED_EDGE('',*,*,#1356,.F.);
#517=ORIENTED_EDGE('',*,*,#1408,.F.);
#518=ORIENTED_EDGE('',*,*,#1409,.F.);
#519=ORIENTED_EDGE('',*,*,#1410,.F.);
#520=ORIENTED_EDGE('',*,*,#1411,.T.);
#521=ORIENTED_EDGE('',*,*,#1361,.F.);
#522=ORIENTED_EDGE('',*,*,#1412,.F.);
#523=ORIENTED_EDGE('',*,*,#1226,.F.);
#524=ORIENTED_EDGE('',*,*,#1413,.T.);
#525=ORIENTED_EDGE('',*,*,#1367,.F.);
#526=ORIENTED_EDGE('',*,*,#1414,.F.);
#527=ORIENTED_EDGE('',*,*,#1415,.F.);
#528=ORIENTED_EDGE('',*,*,#1416,.T.);
#529=ORIENTED_EDGE('',*,*,#1388,.F.);
#530=ORIENTED_EDGE('',*,*,#1417,.F.);
#531=ORIENTED_EDGE('',*,*,#1203,.F.);
#532=ORIENTED_EDGE('',*,*,#1418,.T.);
#533=ORIENTED_EDGE('',*,*,#1394,.F.);
#534=ORIENTED_EDGE('',*,*,#1419,.F.);
#535=ORIENTED_EDGE('',*,*,#1420,.T.);
#536=ORIENTED_EDGE('',*,*,#1421,.F.);
#537=ORIENTED_EDGE('',*,*,#1422,.F.);
#538=ORIENTED_EDGE('',*,*,#1184,.F.);
#539=ORIENTED_EDGE('',*,*,#1423,.T.);
#540=ORIENTED_EDGE('',*,*,#1424,.T.);
#541=ORIENTED_EDGE('',*,*,#1425,.F.);
#542=ORIENTED_EDGE('',*,*,#1426,.T.);
#543=ORIENTED_EDGE('',*,*,#1427,.F.);
#544=ORIENTED_EDGE('',*,*,#1428,.F.);
#545=ORIENTED_EDGE('',*,*,#1402,.T.);
#546=ORIENTED_EDGE('',*,*,#1384,.F.);
#547=ORIENTED_EDGE('',*,*,#1429,.T.);
#548=ORIENTED_EDGE('',*,*,#1196,.F.);
#549=ORIENTED_EDGE('',*,*,#1430,.T.);
#550=ORIENTED_EDGE('',*,*,#1431,.T.);
#551=ORIENTED_EDGE('',*,*,#1432,.F.);
#552=ORIENTED_EDGE('',*,*,#1398,.T.);
#553=ORIENTED_EDGE('',*,*,#1433,.F.);
#554=ORIENTED_EDGE('',*,*,#1434,.F.);
#555=ORIENTED_EDGE('',*,*,#1405,.T.);
#556=ORIENTED_EDGE('',*,*,#1371,.F.);
#557=ORIENTED_EDGE('',*,*,#1435,.T.);
#558=ORIENTED_EDGE('',*,*,#1192,.F.);
#559=ORIENTED_EDGE('',*,*,#1436,.T.);
#560=ORIENTED_EDGE('',*,*,#1437,.T.);
#561=ORIENTED_EDGE('',*,*,#1438,.F.);
#562=ORIENTED_EDGE('',*,*,#1375,.T.);
#563=ORIENTED_EDGE('',*,*,#1439,.F.);
#564=ORIENTED_EDGE('',*,*,#1440,.F.);
#565=ORIENTED_EDGE('',*,*,#1408,.T.);
#566=ORIENTED_EDGE('',*,*,#1355,.F.);
#567=ORIENTED_EDGE('',*,*,#1441,.T.);
#568=ORIENTED_EDGE('',*,*,#1411,.F.);
#569=ORIENTED_EDGE('',*,*,#1442,.T.);
#570=ORIENTED_EDGE('',*,*,#1443,.T.);
#571=ORIENTED_EDGE('',*,*,#1444,.F.);
#572=ORIENTED_EDGE('',*,*,#1362,.T.);
#573=ORIENTED_EDGE('',*,*,#1445,.F.);
#574=ORIENTED_EDGE('',*,*,#1446,.F.);
#575=ORIENTED_EDGE('',*,*,#1409,.T.);
#576=ORIENTED_EDGE('',*,*,#1366,.F.);
#577=ORIENTED_EDGE('',*,*,#1447,.T.);
#578=ORIENTED_EDGE('',*,*,#1448,.F.);
#579=ORIENTED_EDGE('',*,*,#1449,.F.);
#580=ORIENTED_EDGE('',*,*,#1414,.T.);
#581=ORIENTED_EDGE('',*,*,#1393,.F.);
#582=ORIENTED_EDGE('',*,*,#1450,.T.);
#583=ORIENTED_EDGE('',*,*,#1416,.F.);
#584=ORIENTED_EDGE('',*,*,#1451,.T.);
#585=ORIENTED_EDGE('',*,*,#1452,.T.);
#586=ORIENTED_EDGE('',*,*,#1453,.F.);
#587=ORIENTED_EDGE('',*,*,#1389,.T.);
#588=ORIENTED_EDGE('',*,*,#1188,.F.);
#589=ORIENTED_EDGE('',*,*,#1454,.T.);
#590=ORIENTED_EDGE('',*,*,#1455,.T.);
#591=ORIENTED_EDGE('',*,*,#1456,.F.);
#592=ORIENTED_EDGE('',*,*,#1457,.T.);
#593=ORIENTED_EDGE('',*,*,#1458,.F.);
#594=ORIENTED_EDGE('',*,*,#1459,.F.);
#595=ORIENTED_EDGE('',*,*,#1422,.T.);
#596=ORIENTED_EDGE('',*,*,#1460,.F.);
#597=ORIENTED_EDGE('',*,*,#1461,.T.);
#598=ORIENTED_EDGE('',*,*,#1462,.T.);
#599=ORIENTED_EDGE('',*,*,#1219,.T.);
#600=ORIENTED_EDGE('',*,*,#1397,.T.);
#601=ORIENTED_EDGE('',*,*,#1463,.F.);
#602=ORIENTED_EDGE('',*,*,#1200,.T.);
#603=ORIENTED_EDGE('',*,*,#1464,.T.);
#604=ORIENTED_EDGE('',*,*,#1211,.T.);
#605=ORIENTED_EDGE('',*,*,#1465,.T.);
#606=ORIENTED_EDGE('',*,*,#1466,.T.);
#607=ORIENTED_EDGE('',*,*,#1467,.F.);
#608=ORIENTED_EDGE('',*,*,#1468,.F.);
#609=ORIENTED_EDGE('',*,*,#1296,.T.);
#610=ORIENTED_EDGE('',*,*,#1469,.T.);
#611=ORIENTED_EDGE('',*,*,#1352,.T.);
#612=ORIENTED_EDGE('',*,*,#1223,.F.);
#613=ORIENTED_EDGE('',*,*,#1470,.T.);
#614=ORIENTED_EDGE('',*,*,#1471,.T.);
#615=ORIENTED_EDGE('',*,*,#1324,.T.);
#616=ORIENTED_EDGE('',*,*,#1472,.T.);
#617=ORIENTED_EDGE('',*,*,#1473,.F.);
#618=ORIENTED_EDGE('',*,*,#1474,.F.);
#619=ORIENTED_EDGE('',*,*,#1475,.F.);
#620=ORIENTED_EDGE('',*,*,#1473,.T.);
#621=ORIENTED_EDGE('',*,*,#1476,.F.);
#622=ORIENTED_EDGE('',*,*,#1329,.F.);
#623=ORIENTED_EDGE('',*,*,#1477,.T.);
#624=ORIENTED_EDGE('',*,*,#1478,.T.);
#625=ORIENTED_EDGE('',*,*,#1474,.T.);
#626=ORIENTED_EDGE('',*,*,#1479,.T.);
#627=ORIENTED_EDGE('',*,*,#1480,.T.);
#628=ORIENTED_EDGE('',*,*,#1481,.T.);
#629=ORIENTED_EDGE('',*,*,#1338,.T.);
#630=ORIENTED_EDGE('',*,*,#1482,.T.);
#631=ORIENTED_EDGE('',*,*,#1483,.F.);
#632=ORIENTED_EDGE('',*,*,#1484,.F.);
#633=ORIENTED_EDGE('',*,*,#1485,.F.);
#634=ORIENTED_EDGE('',*,*,#1483,.T.);
#635=ORIENTED_EDGE('',*,*,#1486,.F.);
#636=ORIENTED_EDGE('',*,*,#1343,.F.);
#637=ORIENTED_EDGE('',*,*,#1487,.T.);
#638=ORIENTED_EDGE('',*,*,#1488,.T.);
#639=ORIENTED_EDGE('',*,*,#1484,.T.);
#640=ORIENTED_EDGE('',*,*,#1489,.T.);
#641=ORIENTED_EDGE('',*,*,#1490,.T.);
#642=ORIENTED_EDGE('',*,*,#1491,.T.);
#643=ORIENTED_EDGE('',*,*,#1310,.T.);
#644=ORIENTED_EDGE('',*,*,#1492,.T.);
#645=ORIENTED_EDGE('',*,*,#1493,.F.);
#646=ORIENTED_EDGE('',*,*,#1494,.F.);
#647=ORIENTED_EDGE('',*,*,#1495,.F.);
#648=ORIENTED_EDGE('',*,*,#1493,.T.);
#649=ORIENTED_EDGE('',*,*,#1496,.F.);
#650=ORIENTED_EDGE('',*,*,#1315,.F.);
#651=ORIENTED_EDGE('',*,*,#1497,.T.);
#652=ORIENTED_EDGE('',*,*,#1498,.T.);
#653=ORIENTED_EDGE('',*,*,#1494,.T.);
#654=ORIENTED_EDGE('',*,*,#1499,.T.);
#655=ORIENTED_EDGE('',*,*,#1500,.T.);
#656=ORIENTED_EDGE('',*,*,#1501,.T.);
#657=ORIENTED_EDGE('',*,*,#1236,.T.);
#658=ORIENTED_EDGE('',*,*,#1502,.T.);
#659=ORIENTED_EDGE('',*,*,#1503,.F.);
#660=ORIENTED_EDGE('',*,*,#1504,.F.);
#661=ORIENTED_EDGE('',*,*,#1505,.F.);
#662=ORIENTED_EDGE('',*,*,#1503,.T.);
#663=ORIENTED_EDGE('',*,*,#1506,.F.);
#664=ORIENTED_EDGE('',*,*,#1241,.F.);
#665=ORIENTED_EDGE('',*,*,#1507,.T.);
#666=ORIENTED_EDGE('',*,*,#1508,.T.);
#667=ORIENTED_EDGE('',*,*,#1504,.T.);
#668=ORIENTED_EDGE('',*,*,#1509,.T.);
#669=ORIENTED_EDGE('',*,*,#1510,.T.);
#670=ORIENTED_EDGE('',*,*,#1511,.T.);
#671=ORIENTED_EDGE('',*,*,#1256,.T.);
#672=ORIENTED_EDGE('',*,*,#1512,.T.);
#673=ORIENTED_EDGE('',*,*,#1513,.F.);
#674=ORIENTED_EDGE('',*,*,#1514,.F.);
#675=ORIENTED_EDGE('',*,*,#1515,.F.);
#676=ORIENTED_EDGE('',*,*,#1513,.T.);
#677=ORIENTED_EDGE('',*,*,#1516,.F.);
#678=ORIENTED_EDGE('',*,*,#1261,.F.);
#679=ORIENTED_EDGE('',*,*,#1517,.T.);
#680=ORIENTED_EDGE('',*,*,#1518,.T.);
#681=ORIENTED_EDGE('',*,*,#1514,.T.);
#682=ORIENTED_EDGE('',*,*,#1519,.T.);
#683=ORIENTED_EDGE('',*,*,#1520,.T.);
#684=ORIENTED_EDGE('',*,*,#1521,.T.);
#685=ORIENTED_EDGE('',*,*,#1276,.T.);
#686=ORIENTED_EDGE('',*,*,#1522,.T.);
#687=ORIENTED_EDGE('',*,*,#1523,.F.);
#688=ORIENTED_EDGE('',*,*,#1524,.F.);
#689=ORIENTED_EDGE('',*,*,#1525,.F.);
#690=ORIENTED_EDGE('',*,*,#1523,.T.);
#691=ORIENTED_EDGE('',*,*,#1526,.F.);
#692=ORIENTED_EDGE('',*,*,#1281,.F.);
#693=ORIENTED_EDGE('',*,*,#1527,.T.);
#694=ORIENTED_EDGE('',*,*,#1528,.T.);
#695=ORIENTED_EDGE('',*,*,#1524,.T.);
#696=ORIENTED_EDGE('',*,*,#1529,.T.);
#697=ORIENTED_EDGE('',*,*,#1530,.F.);
#698=ORIENTED_EDGE('',*,*,#1531,.T.);
#699=ORIENTED_EDGE('',*,*,#1532,.T.);
#700=ORIENTED_EDGE('',*,*,#1282,.T.);
#701=ORIENTED_EDGE('',*,*,#1529,.F.);
#702=ORIENTED_EDGE('',*,*,#1526,.T.);
#703=ORIENTED_EDGE('',*,*,#1522,.F.);
#704=ORIENTED_EDGE('',*,*,#1275,.F.);
#705=ORIENTED_EDGE('',*,*,#1533,.F.);
#706=ORIENTED_EDGE('',*,*,#1534,.T.);
#707=ORIENTED_EDGE('',*,*,#1535,.T.);
#708=ORIENTED_EDGE('',*,*,#1262,.T.);
#709=ORIENTED_EDGE('',*,*,#1519,.F.);
#710=ORIENTED_EDGE('',*,*,#1516,.T.);
#711=ORIENTED_EDGE('',*,*,#1512,.F.);
#712=ORIENTED_EDGE('',*,*,#1255,.F.);
#713=ORIENTED_EDGE('',*,*,#1536,.F.);
#714=ORIENTED_EDGE('',*,*,#1537,.T.);
#715=ORIENTED_EDGE('',*,*,#1538,.T.);
#716=ORIENTED_EDGE('',*,*,#1242,.T.);
#717=ORIENTED_EDGE('',*,*,#1509,.F.);
#718=ORIENTED_EDGE('',*,*,#1506,.T.);
#719=ORIENTED_EDGE('',*,*,#1502,.F.);
#720=ORIENTED_EDGE('',*,*,#1235,.F.);
#721=ORIENTED_EDGE('',*,*,#1539,.F.);
#722=ORIENTED_EDGE('',*,*,#1540,.T.);
#723=ORIENTED_EDGE('',*,*,#1541,.T.);
#724=ORIENTED_EDGE('',*,*,#1316,.T.);
#725=ORIENTED_EDGE('',*,*,#1499,.F.);
#726=ORIENTED_EDGE('',*,*,#1496,.T.);
#727=ORIENTED_EDGE('',*,*,#1492,.F.);
#728=ORIENTED_EDGE('',*,*,#1309,.F.);
#729=ORIENTED_EDGE('',*,*,#1542,.F.);
#730=ORIENTED_EDGE('',*,*,#1543,.T.);
#731=ORIENTED_EDGE('',*,*,#1544,.T.);
#732=ORIENTED_EDGE('',*,*,#1344,.T.);
#733=ORIENTED_EDGE('',*,*,#1489,.F.);
#734=ORIENTED_EDGE('',*,*,#1486,.T.);
#735=ORIENTED_EDGE('',*,*,#1482,.F.);
#736=ORIENTED_EDGE('',*,*,#1337,.F.);
#737=ORIENTED_EDGE('',*,*,#1545,.F.);
#738=ORIENTED_EDGE('',*,*,#1546,.T.);
#739=ORIENTED_EDGE('',*,*,#1547,.T.);
#740=ORIENTED_EDGE('',*,*,#1330,.T.);
#741=ORIENTED_EDGE('',*,*,#1479,.F.);
#742=ORIENTED_EDGE('',*,*,#1476,.T.);
#743=ORIENTED_EDGE('',*,*,#1472,.F.);
#744=ORIENTED_EDGE('',*,*,#1323,.F.);
#745=ORIENTED_EDGE('',*,*,#1548,.T.);
#746=ORIENTED_EDGE('',*,*,#1549,.T.);
#747=ORIENTED_EDGE('',*,*,#1550,.T.);
#748=ORIENTED_EDGE('',*,*,#1551,.T.);
#749=ORIENTED_EDGE('',*,*,#1552,.T.);
#750=ORIENTED_EDGE('',*,*,#1553,.T.);
#751=ORIENTED_EDGE('',*,*,#1554,.T.);
#752=ORIENTED_EDGE('',*,*,#1555,.T.);
#753=ORIENTED_EDGE('',*,*,#1556,.T.);
#754=ORIENTED_EDGE('',*,*,#1557,.T.);
#755=ORIENTED_EDGE('',*,*,#1558,.T.);
#756=ORIENTED_EDGE('',*,*,#1559,.T.);
#757=ORIENTED_EDGE('',*,*,#1560,.T.);
#758=ORIENTED_EDGE('',*,*,#1467,.T.);
#759=ORIENTED_EDGE('',*,*,#1560,.F.);
#760=ORIENTED_EDGE('',*,*,#1561,.F.);
#761=ORIENTED_EDGE('',*,*,#1297,.T.);
#762=ORIENTED_EDGE('',*,*,#1468,.T.);
#763=ORIENTED_EDGE('',*,*,#1559,.F.);
#764=ORIENTED_EDGE('',*,*,#1466,.F.);
#765=ORIENTED_EDGE('',*,*,#1562,.T.);
#766=ORIENTED_EDGE('',*,*,#1563,.F.);
#767=ORIENTED_EDGE('',*,*,#1298,.T.);
#768=ORIENTED_EDGE('',*,*,#1561,.T.);
#769=ORIENTED_EDGE('',*,*,#1455,.F.);
#770=ORIENTED_EDGE('',*,*,#1564,.T.);
#771=ORIENTED_EDGE('',*,*,#1458,.T.);
#772=ORIENTED_EDGE('',*,*,#1531,.F.);
#773=ORIENTED_EDGE('',*,*,#1452,.F.);
#774=ORIENTED_EDGE('',*,*,#1565,.T.);
#775=ORIENTED_EDGE('',*,*,#1448,.T.);
#776=ORIENTED_EDGE('',*,*,#1534,.F.);
#777=ORIENTED_EDGE('',*,*,#1443,.F.);
#778=ORIENTED_EDGE('',*,*,#1566,.T.);
#779=ORIENTED_EDGE('',*,*,#1445,.T.);
#780=ORIENTED_EDGE('',*,*,#1537,.F.);
#781=ORIENTED_EDGE('',*,*,#1437,.F.);
#782=ORIENTED_EDGE('',*,*,#1567,.T.);
#783=ORIENTED_EDGE('',*,*,#1439,.T.);
#784=ORIENTED_EDGE('',*,*,#1543,.F.);
#785=ORIENTED_EDGE('',*,*,#1431,.F.);
#786=ORIENTED_EDGE('',*,*,#1568,.T.);
#787=ORIENTED_EDGE('',*,*,#1433,.T.);
#788=ORIENTED_EDGE('',*,*,#1540,.F.);
#789=ORIENTED_EDGE('',*,*,#1424,.F.);
#790=ORIENTED_EDGE('',*,*,#1569,.T.);
#791=ORIENTED_EDGE('',*,*,#1427,.T.);
#792=ORIENTED_EDGE('',*,*,#1546,.F.);
#793=ORIENTED_EDGE('',*,*,#1545,.T.);
#794=ORIENTED_EDGE('',*,*,#1322,.F.);
#795=ORIENTED_EDGE('',*,*,#1570,.F.);
#796=ORIENTED_EDGE('',*,*,#1425,.T.);
#797=ORIENTED_EDGE('',*,*,#1547,.F.);
#798=ORIENTED_EDGE('',*,*,#1429,.F.);
#799=ORIENTED_EDGE('',*,*,#1383,.T.);
#800=ORIENTED_EDGE('',*,*,#1331,.T.);
#801=ORIENTED_EDGE('',*,*,#1542,.T.);
#802=ORIENTED_EDGE('',*,*,#1336,.F.);
#803=ORIENTED_EDGE('',*,*,#1376,.F.);
#804=ORIENTED_EDGE('',*,*,#1438,.T.);
#805=ORIENTED_EDGE('',*,*,#1544,.F.);
#806=ORIENTED_EDGE('',*,*,#1441,.F.);
#807=ORIENTED_EDGE('',*,*,#1354,.T.);
#808=ORIENTED_EDGE('',*,*,#1345,.T.);
#809=ORIENTED_EDGE('',*,*,#1539,.T.);
#810=ORIENTED_EDGE('',*,*,#1308,.F.);
#811=ORIENTED_EDGE('',*,*,#1399,.F.);
#812=ORIENTED_EDGE('',*,*,#1432,.T.);
#813=ORIENTED_EDGE('',*,*,#1541,.F.);
#814=ORIENTED_EDGE('',*,*,#1435,.F.);
#815=ORIENTED_EDGE('',*,*,#1370,.T.);
#816=ORIENTED_EDGE('',*,*,#1317,.T.);
#817=ORIENTED_EDGE('',*,*,#1536,.T.);
#818=ORIENTED_EDGE('',*,*,#1234,.F.);
#819=ORIENTED_EDGE('',*,*,#1363,.F.);
#820=ORIENTED_EDGE('',*,*,#1444,.T.);
#821=ORIENTED_EDGE('',*,*,#1538,.F.);
#822=ORIENTED_EDGE('',*,*,#1447,.F.);
#823=ORIENTED_EDGE('',*,*,#1365,.T.);
#824=ORIENTED_EDGE('',*,*,#1243,.T.);
#825=ORIENTED_EDGE('',*,*,#1533,.T.);
#826=ORIENTED_EDGE('',*,*,#1254,.F.);
#827=ORIENTED_EDGE('',*,*,#1390,.F.);
#828=ORIENTED_EDGE('',*,*,#1453,.T.);
#829=ORIENTED_EDGE('',*,*,#1535,.F.);
#830=ORIENTED_EDGE('',*,*,#1450,.F.);
#831=ORIENTED_EDGE('',*,*,#1392,.T.);
#832=ORIENTED_EDGE('',*,*,#1263,.T.);
#833=ORIENTED_EDGE('',*,*,#1530,.T.);
#834=ORIENTED_EDGE('',*,*,#1274,.F.);
#835=ORIENTED_EDGE('',*,*,#1571,.F.);
#836=ORIENTED_EDGE('',*,*,#1456,.T.);
#837=ORIENTED_EDGE('',*,*,#1532,.F.);
#838=ORIENTED_EDGE('',*,*,#1461,.F.);
#839=ORIENTED_EDGE('',*,*,#1572,.T.);
#840=ORIENTED_EDGE('',*,*,#1283,.T.);
#841=ORIENTED_EDGE('',*,*,#1478,.F.);
#842=ORIENTED_EDGE('',*,*,#1573,.T.);
#843=ORIENTED_EDGE('',*,*,#1470,.F.);
#844=ORIENTED_EDGE('',*,*,#1475,.T.);
#845=ORIENTED_EDGE('',*,*,#1498,.F.);
#846=ORIENTED_EDGE('',*,*,#1574,.T.);
#847=ORIENTED_EDGE('',*,*,#1490,.F.);
#848=ORIENTED_EDGE('',*,*,#1495,.T.);
#849=ORIENTED_EDGE('',*,*,#1488,.F.);
#850=ORIENTED_EDGE('',*,*,#1575,.T.);
#851=ORIENTED_EDGE('',*,*,#1480,.F.);
#852=ORIENTED_EDGE('',*,*,#1485,.T.);
#853=ORIENTED_EDGE('',*,*,#1508,.F.);
#854=ORIENTED_EDGE('',*,*,#1576,.T.);
#855=ORIENTED_EDGE('',*,*,#1500,.F.);
#856=ORIENTED_EDGE('',*,*,#1505,.T.);
#857=ORIENTED_EDGE('',*,*,#1518,.F.);
#858=ORIENTED_EDGE('',*,*,#1577,.T.);
#859=ORIENTED_EDGE('',*,*,#1510,.F.);
#860=ORIENTED_EDGE('',*,*,#1515,.T.);
#861=ORIENTED_EDGE('',*,*,#1528,.F.);
#862=ORIENTED_EDGE('',*,*,#1578,.T.);
#863=ORIENTED_EDGE('',*,*,#1520,.F.);
#864=ORIENTED_EDGE('',*,*,#1525,.T.);
#865=ORIENTED_EDGE('',*,*,#1521,.F.);
#866=ORIENTED_EDGE('',*,*,#1578,.F.);
#867=ORIENTED_EDGE('',*,*,#1527,.F.);
#868=ORIENTED_EDGE('',*,*,#1280,.F.);
#869=ORIENTED_EDGE('',*,*,#1579,.T.);
#870=ORIENTED_EDGE('',*,*,#1277,.F.);
#871=ORIENTED_EDGE('',*,*,#1491,.F.);
#872=ORIENTED_EDGE('',*,*,#1574,.F.);
#873=ORIENTED_EDGE('',*,*,#1497,.F.);
#874=ORIENTED_EDGE('',*,*,#1314,.F.);
#875=ORIENTED_EDGE('',*,*,#1580,.T.);
#876=ORIENTED_EDGE('',*,*,#1311,.F.);
#877=ORIENTED_EDGE('',*,*,#1501,.F.);
#878=ORIENTED_EDGE('',*,*,#1576,.F.);
#879=ORIENTED_EDGE('',*,*,#1507,.F.);
#880=ORIENTED_EDGE('',*,*,#1240,.F.);
#881=ORIENTED_EDGE('',*,*,#1581,.T.);
#882=ORIENTED_EDGE('',*,*,#1237,.F.);
#883=ORIENTED_EDGE('',*,*,#1511,.F.);
#884=ORIENTED_EDGE('',*,*,#1577,.F.);
#885=ORIENTED_EDGE('',*,*,#1517,.F.);
#886=ORIENTED_EDGE('',*,*,#1260,.F.);
#887=ORIENTED_EDGE('',*,*,#1582,.T.);
#888=ORIENTED_EDGE('',*,*,#1257,.F.);
#889=ORIENTED_EDGE('',*,*,#1471,.F.);
#890=ORIENTED_EDGE('',*,*,#1573,.F.);
#891=ORIENTED_EDGE('',*,*,#1477,.F.);
#892=ORIENTED_EDGE('',*,*,#1328,.F.);
#893=ORIENTED_EDGE('',*,*,#1583,.T.);
#894=ORIENTED_EDGE('',*,*,#1325,.F.);
#895=ORIENTED_EDGE('',*,*,#1481,.F.);
#896=ORIENTED_EDGE('',*,*,#1575,.F.);
#897=ORIENTED_EDGE('',*,*,#1487,.F.);
#898=ORIENTED_EDGE('',*,*,#1342,.F.);
#899=ORIENTED_EDGE('',*,*,#1584,.T.);
#900=ORIENTED_EDGE('',*,*,#1339,.F.);
#901=ORIENTED_EDGE('',*,*,#1585,.F.);
#902=ORIENTED_EDGE('',*,*,#1586,.F.);
#903=ORIENTED_EDGE('',*,*,#1587,.T.);
#904=ORIENTED_EDGE('',*,*,#1588,.T.);
#905=ORIENTED_EDGE('',*,*,#1589,.F.);
#906=ORIENTED_EDGE('',*,*,#1590,.F.);
#907=ORIENTED_EDGE('',*,*,#1185,.T.);
#908=ORIENTED_EDGE('',*,*,#1426,.F.);
#909=ORIENTED_EDGE('',*,*,#1570,.T.);
#910=ORIENTED_EDGE('',*,*,#1591,.T.);
#911=ORIENTED_EDGE('',*,*,#1562,.F.);
#912=ORIENTED_EDGE('',*,*,#1465,.F.);
#913=ORIENTED_EDGE('',*,*,#1210,.F.);
#914=ORIENTED_EDGE('',*,*,#1189,.T.);
#915=ORIENTED_EDGE('',*,*,#1457,.F.);
#916=ORIENTED_EDGE('',*,*,#1571,.T.);
#917=ORIENTED_EDGE('',*,*,#1273,.T.);
#918=ORIENTED_EDGE('',*,*,#1592,.F.);
#919=ORIENTED_EDGE('',*,*,#1284,.F.);
#920=ORIENTED_EDGE('',*,*,#1572,.F.);
#921=ORIENTED_EDGE('',*,*,#1460,.T.);
#922=ORIENTED_EDGE('',*,*,#1421,.T.);
#923=ORIENTED_EDGE('',*,*,#1593,.T.);
#924=ORIENTED_EDGE('',*,*,#1594,.T.);
#925=ORIENTED_EDGE('',*,*,#1350,.F.);
#926=ORIENTED_EDGE('',*,*,#1413,.F.);
#927=ORIENTED_EDGE('',*,*,#1225,.T.);
#928=ORIENTED_EDGE('',*,*,#1595,.T.);
#929=ORIENTED_EDGE('',*,*,#1360,.T.);
#930=ORIENTED_EDGE('',*,*,#1596,.T.);
#931=ORIENTED_EDGE('',*,*,#1597,.T.);
#932=ORIENTED_EDGE('',*,*,#1598,.F.);
#933=ORIENTED_EDGE('',*,*,#1227,.F.);
#934=ORIENTED_EDGE('',*,*,#1412,.T.);
#935=ORIENTED_EDGE('',*,*,#1599,.T.);
#936=ORIENTED_EDGE('',*,*,#1600,.T.);
#937=ORIENTED_EDGE('',*,*,#1358,.F.);
#938=ORIENTED_EDGE('',*,*,#1601,.F.);
#939=ORIENTED_EDGE('',*,*,#1407,.F.);
#940=ORIENTED_EDGE('',*,*,#1602,.T.);
#941=ORIENTED_EDGE('',*,*,#1603,.T.);
#942=ORIENTED_EDGE('',*,*,#1601,.T.);
#943=ORIENTED_EDGE('',*,*,#1357,.F.);
#944=ORIENTED_EDGE('',*,*,#1604,.F.);
#945=ORIENTED_EDGE('',*,*,#1605,.F.);
#946=ORIENTED_EDGE('',*,*,#1606,.T.);
#947=ORIENTED_EDGE('',*,*,#1190,.T.);
#948=ORIENTED_EDGE('',*,*,#1374,.T.);
#949=ORIENTED_EDGE('',*,*,#1404,.F.);
#950=ORIENTED_EDGE('',*,*,#1607,.T.);
#951=ORIENTED_EDGE('',*,*,#1608,.T.);
#952=ORIENTED_EDGE('',*,*,#1604,.T.);
#953=ORIENTED_EDGE('',*,*,#1373,.F.);
#954=ORIENTED_EDGE('',*,*,#1395,.F.);
#955=ORIENTED_EDGE('',*,*,#1418,.F.);
#956=ORIENTED_EDGE('',*,*,#1202,.T.);
#957=ORIENTED_EDGE('',*,*,#1609,.T.);
#958=ORIENTED_EDGE('',*,*,#1387,.T.);
#959=ORIENTED_EDGE('',*,*,#1206,.F.);
#960=ORIENTED_EDGE('',*,*,#1610,.F.);
#961=ORIENTED_EDGE('',*,*,#1198,.F.);
#962=ORIENTED_EDGE('',*,*,#1417,.T.);
#963=ORIENTED_EDGE('',*,*,#1611,.F.);
#964=ORIENTED_EDGE('',*,*,#1204,.T.);
#965=ORIENTED_EDGE('',*,*,#1386,.F.);
#966=ORIENTED_EDGE('',*,*,#1401,.F.);
#967=ORIENTED_EDGE('',*,*,#1612,.T.);
#968=ORIENTED_EDGE('',*,*,#1613,.F.);
#969=ORIENTED_EDGE('',*,*,#1614,.F.);
#970=ORIENTED_EDGE('',*,*,#1615,.T.);
#971=ORIENTED_EDGE('',*,*,#1182,.T.);
#972=ORIENTED_EDGE('',*,*,#1590,.T.);
#973=ORIENTED_EDGE('',*,*,#1589,.T.);
#974=ORIENTED_EDGE('',*,*,#1616,.T.);
#975=ORIENTED_EDGE('',*,*,#1617,.F.);
#976=ORIENTED_EDGE('',*,*,#1613,.T.);
#977=ORIENTED_EDGE('',*,*,#1618,.F.);
#978=ORIENTED_EDGE('',*,*,#1619,.T.);
#979=ORIENTED_EDGE('',*,*,#1587,.F.);
#980=ORIENTED_EDGE('',*,*,#1420,.F.);
#981=ORIENTED_EDGE('',*,*,#1620,.T.);
#982=ORIENTED_EDGE('',*,*,#1396,.F.);
#983=ORIENTED_EDGE('',*,*,#1609,.F.);
#984=ORIENTED_EDGE('',*,*,#1201,.T.);
#985=ORIENTED_EDGE('',*,*,#1463,.T.);
#986=ORIENTED_EDGE('',*,*,#1288,.F.);
#987=ORIENTED_EDGE('',*,*,#1285,.T.);
#988=ORIENTED_EDGE('',*,*,#1592,.T.);
#989=ORIENTED_EDGE('',*,*,#1272,.F.);
#990=ORIENTED_EDGE('',*,*,#1248,.F.);
#991=ORIENTED_EDGE('',*,*,#1245,.T.);
#992=ORIENTED_EDGE('',*,*,#1364,.T.);
#993=ORIENTED_EDGE('',*,*,#1232,.F.);
#994=ORIENTED_EDGE('',*,*,#1268,.F.);
#995=ORIENTED_EDGE('',*,*,#1265,.T.);
#996=ORIENTED_EDGE('',*,*,#1391,.T.);
#997=ORIENTED_EDGE('',*,*,#1252,.F.);
#998=ORIENTED_EDGE('',*,*,#1303,.F.);
#999=ORIENTED_EDGE('',*,*,#1332,.T.);
#1000=ORIENTED_EDGE('',*,*,#1382,.T.);
#1001=ORIENTED_EDGE('',*,*,#1307,.F.);
#1002=ORIENTED_EDGE('',*,*,#1291,.F.);
#1003=ORIENTED_EDGE('',*,*,#1318,.T.);
#1004=ORIENTED_EDGE('',*,*,#1369,.T.);
#1005=ORIENTED_EDGE('',*,*,#1335,.F.);
#1006=ORIENTED_EDGE('',*,*,#1295,.F.);
#1007=ORIENTED_EDGE('',*,*,#1346,.T.);
#1008=ORIENTED_EDGE('',*,*,#1353,.T.);
#1009=ORIENTED_EDGE('',*,*,#1469,.F.);
#1010=ORIENTED_EDGE('',*,*,#1321,.F.);
#1011=ORIENTED_EDGE('',*,*,#1299,.T.);
#1012=ORIENTED_EDGE('',*,*,#1563,.T.);
#1013=ORIENTED_EDGE('',*,*,#1591,.F.);
#1014=ORIENTED_EDGE('',*,*,#1586,.T.);
#1015=ORIENTED_EDGE('',*,*,#1550,.F.);
#1016=ORIENTED_EDGE('',*,*,#1585,.T.);
#1017=ORIENTED_EDGE('',*,*,#1548,.F.);
#1018=ORIENTED_EDGE('',*,*,#1381,.T.);
#1019=ORIENTED_EDGE('',*,*,#1558,.F.);
#1020=ORIENTED_EDGE('',*,*,#1368,.T.);
#1021=ORIENTED_EDGE('',*,*,#1557,.F.);
#1022=ORIENTED_EDGE('',*,*,#1349,.T.);
#1023=ORIENTED_EDGE('',*,*,#1556,.F.);
#1024=ORIENTED_EDGE('',*,*,#1348,.T.);
#1025=ORIENTED_EDGE('',*,*,#1555,.F.);
#1026=ORIENTED_EDGE('',*,*,#1347,.T.);
#1027=ORIENTED_EDGE('',*,*,#1554,.F.);
#1028=ORIENTED_EDGE('',*,*,#1380,.T.);
#1029=ORIENTED_EDGE('',*,*,#1553,.F.);
#1030=ORIENTED_EDGE('',*,*,#1379,.T.);
#1031=ORIENTED_EDGE('',*,*,#1552,.F.);
#1032=ORIENTED_EDGE('',*,*,#1378,.T.);
#1033=ORIENTED_EDGE('',*,*,#1551,.F.);
#1034=ORIENTED_EDGE('',*,*,#1377,.T.);
#1035=ORIENTED_EDGE('',*,*,#1549,.F.);
#1036=ORIENTED_EDGE('',*,*,#1333,.T.);
#1037=ORIENTED_EDGE('',*,*,#1584,.F.);
#1038=ORIENTED_EDGE('',*,*,#1341,.F.);
#1039=ORIENTED_EDGE('',*,*,#1621,.T.);
#1040=ORIENTED_EDGE('',*,*,#1334,.T.);
#1041=ORIENTED_EDGE('',*,*,#1621,.F.);
#1042=ORIENTED_EDGE('',*,*,#1340,.F.);
#1043=ORIENTED_EDGE('',*,*,#1293,.T.);
#1044=ORIENTED_EDGE('',*,*,#1320,.T.);
#1045=ORIENTED_EDGE('',*,*,#1622,.F.);
#1046=ORIENTED_EDGE('',*,*,#1326,.F.);
#1047=ORIENTED_EDGE('',*,*,#1301,.T.);
#1048=ORIENTED_EDGE('',*,*,#1319,.T.);
#1049=ORIENTED_EDGE('',*,*,#1583,.F.);
#1050=ORIENTED_EDGE('',*,*,#1327,.F.);
#1051=ORIENTED_EDGE('',*,*,#1622,.T.);
#1052=ORIENTED_EDGE('',*,*,#1306,.T.);
#1053=ORIENTED_EDGE('',*,*,#1623,.F.);
#1054=ORIENTED_EDGE('',*,*,#1312,.F.);
#1055=ORIENTED_EDGE('',*,*,#1289,.T.);
#1056=ORIENTED_EDGE('',*,*,#1305,.T.);
#1057=ORIENTED_EDGE('',*,*,#1580,.F.);
#1058=ORIENTED_EDGE('',*,*,#1313,.F.);
#1059=ORIENTED_EDGE('',*,*,#1623,.T.);
#1060=ORIENTED_EDGE('',*,*,#1564,.F.);
#1061=ORIENTED_EDGE('',*,*,#1454,.F.);
#1062=ORIENTED_EDGE('',*,*,#1187,.T.);
#1063=ORIENTED_EDGE('',*,*,#1624,.T.);
#1064=ORIENTED_EDGE('',*,*,#1419,.T.);
#1065=ORIENTED_EDGE('',*,*,#1459,.T.);
#1066=ORIENTED_EDGE('',*,*,#1565,.F.);
#1067=ORIENTED_EDGE('',*,*,#1451,.F.);
#1068=ORIENTED_EDGE('',*,*,#1415,.T.);
#1069=ORIENTED_EDGE('',*,*,#1449,.T.);
#1070=ORIENTED_EDGE('',*,*,#1566,.F.);
#1071=ORIENTED_EDGE('',*,*,#1442,.F.);
#1072=ORIENTED_EDGE('',*,*,#1410,.T.);
#1073=ORIENTED_EDGE('',*,*,#1446,.T.);
#1074=ORIENTED_EDGE('',*,*,#1567,.F.);
#1075=ORIENTED_EDGE('',*,*,#1436,.F.);
#1076=ORIENTED_EDGE('',*,*,#1191,.T.);
#1077=ORIENTED_EDGE('',*,*,#1625,.T.);
#1078=ORIENTED_EDGE('',*,*,#1406,.T.);
#1079=ORIENTED_EDGE('',*,*,#1440,.T.);
#1080=ORIENTED_EDGE('',*,*,#1568,.F.);
#1081=ORIENTED_EDGE('',*,*,#1430,.F.);
#1082=ORIENTED_EDGE('',*,*,#1195,.T.);
#1083=ORIENTED_EDGE('',*,*,#1626,.T.);
#1084=ORIENTED_EDGE('',*,*,#1403,.T.);
#1085=ORIENTED_EDGE('',*,*,#1434,.T.);
#1086=ORIENTED_EDGE('',*,*,#1569,.F.);
#1087=ORIENTED_EDGE('',*,*,#1423,.F.);
#1088=ORIENTED_EDGE('',*,*,#1183,.T.);
#1089=ORIENTED_EDGE('',*,*,#1627,.T.);
#1090=ORIENTED_EDGE('',*,*,#1400,.T.);
#1091=ORIENTED_EDGE('',*,*,#1428,.T.);
#1092=ORIENTED_EDGE('',*,*,#1269,.T.);
#1093=ORIENTED_EDGE('',*,*,#1579,.F.);
#1094=ORIENTED_EDGE('',*,*,#1279,.F.);
#1095=ORIENTED_EDGE('',*,*,#1628,.T.);
#1096=ORIENTED_EDGE('',*,*,#1270,.T.);
#1097=ORIENTED_EDGE('',*,*,#1628,.F.);
#1098=ORIENTED_EDGE('',*,*,#1278,.F.);
#1099=ORIENTED_EDGE('',*,*,#1287,.T.);
#1100=ORIENTED_EDGE('',*,*,#1249,.T.);
#1101=ORIENTED_EDGE('',*,*,#1582,.F.);
#1102=ORIENTED_EDGE('',*,*,#1259,.F.);
#1103=ORIENTED_EDGE('',*,*,#1629,.T.);
#1104=ORIENTED_EDGE('',*,*,#1250,.T.);
#1105=ORIENTED_EDGE('',*,*,#1629,.F.);
#1106=ORIENTED_EDGE('',*,*,#1258,.F.);
#1107=ORIENTED_EDGE('',*,*,#1267,.T.);
#1108=ORIENTED_EDGE('',*,*,#1229,.T.);
#1109=ORIENTED_EDGE('',*,*,#1581,.F.);
#1110=ORIENTED_EDGE('',*,*,#1239,.F.);
#1111=ORIENTED_EDGE('',*,*,#1630,.T.);
#1112=ORIENTED_EDGE('',*,*,#1230,.T.);
#1113=ORIENTED_EDGE('',*,*,#1630,.F.);
#1114=ORIENTED_EDGE('',*,*,#1238,.F.);
#1115=ORIENTED_EDGE('',*,*,#1247,.T.);
#1116=ORIENTED_EDGE('',*,*,#1228,.F.);
#1117=ORIENTED_EDGE('',*,*,#1598,.T.);
#1118=ORIENTED_EDGE('',*,*,#1631,.T.);
#1119=ORIENTED_EDGE('',*,*,#1215,.T.);
#1120=ORIENTED_EDGE('',*,*,#1608,.F.);
#1121=ORIENTED_EDGE('',*,*,#1632,.T.);
#1122=ORIENTED_EDGE('',*,*,#1216,.T.);
#1123=ORIENTED_EDGE('',*,*,#1631,.F.);
#1124=ORIENTED_EDGE('',*,*,#1597,.F.);
#1125=ORIENTED_EDGE('',*,*,#1633,.T.);
#1126=ORIENTED_EDGE('',*,*,#1599,.F.);
#1127=ORIENTED_EDGE('',*,*,#1603,.F.);
#1128=ORIENTED_EDGE('',*,*,#1634,.T.);
#1129=ORIENTED_EDGE('',*,*,#1605,.T.);
#1130=ORIENTED_EDGE('',*,*,#1224,.T.);
#1131=ORIENTED_EDGE('',*,*,#1213,.F.);
#1132=ORIENTED_EDGE('',*,*,#1635,.F.);
#1133=ORIENTED_EDGE('',*,*,#1595,.F.);
#1134=ORIENTED_EDGE('',*,*,#1222,.F.);
#1135=ORIENTED_EDGE('',*,*,#1636,.T.);
#1136=ORIENTED_EDGE('',*,*,#1593,.F.);
#1137=ORIENTED_EDGE('',*,*,#1635,.T.);
#1138=ORIENTED_EDGE('',*,*,#1212,.T.);
#1139=ORIENTED_EDGE('',*,*,#1462,.F.);
#1140=ORIENTED_EDGE('',*,*,#1199,.F.);
#1141=ORIENTED_EDGE('',*,*,#1610,.T.);
#1142=ORIENTED_EDGE('',*,*,#1637,.T.);
#1143=ORIENTED_EDGE('',*,*,#1464,.F.);
#1144=ORIENTED_EDGE('',*,*,#1617,.T.);
#1145=ORIENTED_EDGE('',*,*,#1638,.T.);
#1146=ORIENTED_EDGE('',*,*,#1618,.T.);
#1147=ORIENTED_EDGE('',*,*,#1639,.T.);
#1148=ORIENTED_EDGE('',*,*,#1208,.T.);
#1149=ORIENTED_EDGE('',*,*,#1637,.F.);
#1150=ORIENTED_EDGE('',*,*,#1205,.F.);
#1151=ORIENTED_EDGE('',*,*,#1611,.T.);
#1152=ORIENTED_EDGE('',*,*,#1640,.T.);
#1153=ORIENTED_EDGE('',*,*,#1614,.T.);
#1154=ORIENTED_EDGE('',*,*,#1607,.F.);
#1155=ORIENTED_EDGE('',*,*,#1626,.F.);
#1156=ORIENTED_EDGE('',*,*,#1217,.F.);
#1157=ORIENTED_EDGE('',*,*,#1632,.F.);
#1158=ORIENTED_EDGE('',*,*,#1602,.F.);
#1159=ORIENTED_EDGE('',*,*,#1625,.F.);
#1160=ORIENTED_EDGE('',*,*,#1606,.F.);
#1161=ORIENTED_EDGE('',*,*,#1634,.F.);
#1162=ORIENTED_EDGE('',*,*,#1620,.F.);
#1163=ORIENTED_EDGE('',*,*,#1624,.F.);
#1164=ORIENTED_EDGE('',*,*,#1209,.F.);
#1165=ORIENTED_EDGE('',*,*,#1639,.F.);
#1166=ORIENTED_EDGE('',*,*,#1612,.F.);
#1167=ORIENTED_EDGE('',*,*,#1627,.F.);
#1168=ORIENTED_EDGE('',*,*,#1615,.F.);
#1169=ORIENTED_EDGE('',*,*,#1640,.F.);
#1170=ORIENTED_EDGE('',*,*,#1636,.F.);
#1171=ORIENTED_EDGE('',*,*,#1221,.F.);
#1172=ORIENTED_EDGE('',*,*,#1351,.F.);
#1173=ORIENTED_EDGE('',*,*,#1594,.F.);
#1174=ORIENTED_EDGE('',*,*,#1633,.F.);
#1175=ORIENTED_EDGE('',*,*,#1596,.F.);
#1176=ORIENTED_EDGE('',*,*,#1359,.F.);
#1177=ORIENTED_EDGE('',*,*,#1600,.F.);
#1178=ORIENTED_EDGE('',*,*,#1638,.F.);
#1179=ORIENTED_EDGE('',*,*,#1616,.F.);
#1180=ORIENTED_EDGE('',*,*,#1588,.F.);
#1181=ORIENTED_EDGE('',*,*,#1619,.F.);
#1182=EDGE_CURVE('',#1641,#1642,#1945,.T.);
#1183=EDGE_CURVE('',#1643,#1641,#1946,.T.);
#1184=EDGE_CURVE('',#1643,#1644,#1947,.T.);
#1185=EDGE_CURVE('',#1642,#1644,#1948,.T.);
#1186=EDGE_CURVE('',#1645,#1646,#1949,.T.);
#1187=EDGE_CURVE('',#1647,#1645,#1950,.T.);
#1188=EDGE_CURVE('',#1647,#1648,#1951,.T.);
#1189=EDGE_CURVE('',#1646,#1648,#1952,.T.);
#1190=EDGE_CURVE('',#1649,#1650,#1953,.T.);
#1191=EDGE_CURVE('',#1651,#1649,#1954,.T.);
#1192=EDGE_CURVE('',#1651,#1652,#1955,.T.);
#1193=EDGE_CURVE('',#1650,#1652,#1956,.T.);
#1194=EDGE_CURVE('',#1653,#1654,#1957,.T.);
#1195=EDGE_CURVE('',#1655,#1653,#1958,.T.);
#1196=EDGE_CURVE('',#1655,#1656,#1959,.T.);
#1197=EDGE_CURVE('',#1654,#1656,#1960,.T.);
#1198=EDGE_CURVE('',#1657,#1658,#168,.T.);
#1199=EDGE_CURVE('',#1658,#1659,#1961,.T.);
#1200=EDGE_CURVE('',#1660,#1659,#169,.T.);
#1201=EDGE_CURVE('',#1661,#1660,#170,.T.);
#1202=EDGE_CURVE('',#1662,#1661,#171,.T.);
#1203=EDGE_CURVE('',#1662,#1657,#1962,.T.);
#1204=EDGE_CURVE('',#1663,#1664,#1963,.T.);
#1205=EDGE_CURVE('',#1663,#1665,#172,.T.);
#1206=EDGE_CURVE('',#1665,#1666,#1964,.T.);
#1207=EDGE_CURVE('',#1664,#1666,#173,.T.);
#1208=EDGE_CURVE('',#1667,#1668,#174,.T.);
#1209=EDGE_CURVE('',#1667,#1645,#175,.T.);
#1210=EDGE_CURVE('',#1646,#1669,#176,.T.);
#1211=EDGE_CURVE('',#1668,#1669,#1965,.T.);
#1212=EDGE_CURVE('',#1670,#1671,#177,.T.);
#1213=EDGE_CURVE('',#1670,#1672,#1966,.T.);
#1214=EDGE_CURVE('',#1673,#1672,#178,.T.);
#1215=EDGE_CURVE('',#1674,#1673,#1967,.T.);
#1216=EDGE_CURVE('',#1675,#1674,#179,.T.);
#1217=EDGE_CURVE('',#1675,#1653,#180,.T.);
#1218=EDGE_CURVE('',#1654,#1676,#181,.T.);
#1219=EDGE_CURVE('',#1671,#1676,#1968,.T.);
#1220=EDGE_CURVE('',#1677,#1678,#182,.T.);
#1221=EDGE_CURVE('',#1677,#1679,#1969,.F.);
#1222=EDGE_CURVE('',#1679,#1680,#183,.T.);
#1223=EDGE_CURVE('',#1680,#1678,#1970,.T.);
#1224=EDGE_CURVE('',#1681,#1672,#1971,.T.);
#1225=EDGE_CURVE('',#1682,#1681,#184,.T.);
#1226=EDGE_CURVE('',#1682,#1683,#1972,.T.);
#1227=EDGE_CURVE('',#1683,#1684,#185,.T.);
#1228=EDGE_CURVE('',#1684,#1673,#1973,.T.);
#1229=EDGE_CURVE('',#1685,#1686,#1974,.T.);
#1230=EDGE_CURVE('',#1687,#1685,#186,.T.);
#1231=EDGE_CURVE('',#1688,#1687,#1975,.T.);
#1232=EDGE_CURVE('',#1688,#1689,#1976,.T.);
#1233=EDGE_CURVE('',#1690,#1689,#1977,.T.);
#1234=EDGE_CURVE('',#1690,#1691,#1978,.T.);
#1235=EDGE_CURVE('',#1691,#1692,#1979,.T.);
#1236=EDGE_CURVE('',#1693,#1692,#1980,.T.);
#1237=EDGE_CURVE('',#1693,#1686,#187,.T.);
#1238=EDGE_CURVE('',#1694,#1695,#188,.T.);
#1239=EDGE_CURVE('',#1695,#1696,#1981,.T.);
#1240=EDGE_CURVE('',#1696,#1697,#189,.T.);
#1241=EDGE_CURVE('',#1697,#1698,#1982,.T.);
#1242=EDGE_CURVE('',#1699,#1698,#1983,.T.);
#1243=EDGE_CURVE('',#1700,#1699,#1984,.T.);
#1244=EDGE_CURVE('',#1700,#1701,#1985,.T.);
#1245=EDGE_CURVE('',#1702,#1701,#1986,.T.);
#1246=EDGE_CURVE('',#1702,#1694,#1987,.T.);
#1247=EDGE_CURVE('',#1694,#1687,#57,.T.);
#1248=EDGE_CURVE('',#1702,#1688,#58,.T.);
#1249=EDGE_CURVE('',#1703,#1704,#1988,.T.);
#1250=EDGE_CURVE('',#1705,#1703,#190,.T.);
#1251=EDGE_CURVE('',#1706,#1705,#1989,.T.);
#1252=EDGE_CURVE('',#1706,#1707,#1990,.T.);
#1253=EDGE_CURVE('',#1708,#1707,#1991,.T.);
#1254=EDGE_CURVE('',#1708,#1709,#1992,.T.);
#1255=EDGE_CURVE('',#1709,#1710,#1993,.T.);
#1256=EDGE_CURVE('',#1711,#1710,#1994,.T.);
#1257=EDGE_CURVE('',#1711,#1704,#191,.T.);
#1258=EDGE_CURVE('',#1712,#1713,#192,.T.);
#1259=EDGE_CURVE('',#1713,#1714,#1995,.T.);
#1260=EDGE_CURVE('',#1714,#1715,#193,.T.);
#1261=EDGE_CURVE('',#1715,#1716,#1996,.T.);
#1262=EDGE_CURVE('',#1717,#1716,#1997,.T.);
#1263=EDGE_CURVE('',#1718,#1717,#1998,.T.);
#1264=EDGE_CURVE('',#1718,#1719,#1999,.T.);
#1265=EDGE_CURVE('',#1720,#1719,#2000,.T.);
#1266=EDGE_CURVE('',#1720,#1712,#2001,.T.);
#1267=EDGE_CURVE('',#1712,#1705,#59,.T.);
#1268=EDGE_CURVE('',#1720,#1706,#60,.T.);
#1269=EDGE_CURVE('',#1721,#1722,#2002,.T.);
#1270=EDGE_CURVE('',#1723,#1721,#194,.T.);
#1271=EDGE_CURVE('',#1724,#1723,#2003,.T.);
#1272=EDGE_CURVE('',#1724,#1725,#2004,.T.);
#1273=EDGE_CURVE('',#1726,#1725,#2005,.T.);
#1274=EDGE_CURVE('',#1726,#1727,#2006,.T.);
#1275=EDGE_CURVE('',#1727,#1728,#2007,.T.);
#1276=EDGE_CURVE('',#1729,#1728,#2008,.T.);
#1277=EDGE_CURVE('',#1729,#1722,#195,.T.);
#1278=EDGE_CURVE('',#1730,#1731,#196,.T.);
#1279=EDGE_CURVE('',#1731,#1732,#2009,.T.);
#1280=EDGE_CURVE('',#1732,#1733,#197,.T.);
#1281=EDGE_CURVE('',#1733,#1734,#2010,.T.);
#1282=EDGE_CURVE('',#1735,#1734,#2011,.T.);
#1283=EDGE_CURVE('',#1736,#1735,#2012,.T.);
#1284=EDGE_CURVE('',#1736,#1737,#2013,.T.);
#1285=EDGE_CURVE('',#1738,#1737,#2014,.T.);
#1286=EDGE_CURVE('',#1738,#1730,#2015,.T.);
#1287=EDGE_CURVE('',#1730,#1723,#61,.T.);
#1288=EDGE_CURVE('',#1738,#1724,#62,.T.);
#1289=EDGE_CURVE('',#1739,#1740,#63,.T.);
#1290=EDGE_CURVE('',#1741,#1739,#2016,.T.);
#1291=EDGE_CURVE('',#1741,#1742,#198,.T.);
#1292=EDGE_CURVE('',#1742,#1743,#2017,.T.);
#1293=EDGE_CURVE('',#1744,#1743,#64,.T.);
#1294=EDGE_CURVE('',#1745,#1744,#2018,.T.);
#1295=EDGE_CURVE('',#1745,#1746,#2019,.T.);
#1296=EDGE_CURVE('',#1747,#1746,#199,.T.);
#1297=EDGE_CURVE('',#1748,#1747,#200,.T.);
#1298=EDGE_CURVE('',#1749,#1748,#201,.T.);
#1299=EDGE_CURVE('',#1750,#1749,#2020,.T.);
#1300=EDGE_CURVE('',#1750,#1751,#2021,.T.);
#1301=EDGE_CURVE('',#1752,#1751,#65,.T.);
#1302=EDGE_CURVE('',#1753,#1752,#2022,.T.);
#1303=EDGE_CURVE('',#1753,#1754,#202,.T.);
#1304=EDGE_CURVE('',#1754,#1740,#2023,.T.);
#1305=EDGE_CURVE('',#1755,#1756,#2024,.T.);
#1306=EDGE_CURVE('',#1740,#1755,#203,.T.);
#1307=EDGE_CURVE('',#1754,#1757,#2025,.T.);
#1308=EDGE_CURVE('',#1757,#1758,#2026,.T.);
#1309=EDGE_CURVE('',#1758,#1759,#2027,.T.);
#1310=EDGE_CURVE('',#1760,#1759,#2028,.T.);
#1311=EDGE_CURVE('',#1760,#1756,#204,.T.);
#1312=EDGE_CURVE('',#1739,#1761,#205,.T.);
#1313=EDGE_CURVE('',#1761,#1762,#2029,.T.);
#1314=EDGE_CURVE('',#1762,#1763,#206,.T.);
#1315=EDGE_CURVE('',#1763,#1764,#2030,.T.);
#1316=EDGE_CURVE('',#1765,#1764,#2031,.T.);
#1317=EDGE_CURVE('',#1766,#1765,#2032,.T.);
#1318=EDGE_CURVE('',#1741,#1766,#2033,.T.);
#1319=EDGE_CURVE('',#1767,#1768,#2034,.T.);
#1320=EDGE_CURVE('',#1751,#1767,#207,.T.);
#1321=EDGE_CURVE('',#1750,#1769,#2035,.T.);
#1322=EDGE_CURVE('',#1769,#1770,#2036,.T.);
#1323=EDGE_CURVE('',#1770,#1771,#2037,.T.);
#1324=EDGE_CURVE('',#1772,#1771,#2038,.T.);
#1325=EDGE_CURVE('',#1772,#1768,#208,.T.);
#1326=EDGE_CURVE('',#1752,#1773,#209,.T.);
#1327=EDGE_CURVE('',#1773,#1774,#2039,.T.);
#1328=EDGE_CURVE('',#1774,#1775,#210,.T.);
#1329=EDGE_CURVE('',#1775,#1776,#2040,.T.);
#1330=EDGE_CURVE('',#1777,#1776,#2041,.T.);
#1331=EDGE_CURVE('',#1778,#1777,#2042,.T.);
#1332=EDGE_CURVE('',#1753,#1778,#2043,.T.);
#1333=EDGE_CURVE('',#1779,#1780,#2044,.T.);
#1334=EDGE_CURVE('',#1743,#1779,#211,.T.);
#1335=EDGE_CURVE('',#1742,#1781,#2045,.T.);
#1336=EDGE_CURVE('',#1781,#1782,#2046,.T.);
#1337=EDGE_CURVE('',#1782,#1783,#2047,.T.);
#1338=EDGE_CURVE('',#1784,#1783,#2048,.T.);
#1339=EDGE_CURVE('',#1784,#1780,#212,.T.);
#1340=EDGE_CURVE('',#1744,#1785,#213,.T.);
#1341=EDGE_CURVE('',#1785,#1786,#2049,.T.);
#1342=EDGE_CURVE('',#1786,#1787,#214,.T.);
#1343=EDGE_CURVE('',#1787,#1788,#2050,.T.);
#1344=EDGE_CURVE('',#1789,#1788,#2051,.T.);
#1345=EDGE_CURVE('',#1790,#1789,#2052,.T.);
#1346=EDGE_CURVE('',#1745,#1790,#2053,.T.);
#1347=EDGE_CURVE('',#1791,#1791,#66,.T.);
#1348=EDGE_CURVE('',#1792,#1792,#67,.T.);
#1349=EDGE_CURVE('',#1793,#1793,#68,.T.);
#1350=EDGE_CURVE('',#1794,#1795,#215,.T.);
#1351=EDGE_CURVE('',#1795,#1677,#2054,.F.);
#1352=EDGE_CURVE('',#1796,#1678,#216,.T.);
#1353=EDGE_CURVE('',#1790,#1796,#2055,.T.);
#1354=EDGE_CURVE('',#1797,#1790,#2056,.T.);
#1355=EDGE_CURVE('',#1797,#1798,#2057,.T.);
#1356=EDGE_CURVE('',#1798,#1799,#2058,.T.);
#1357=EDGE_CURVE('',#1799,#1800,#217,.T.);
#1358=EDGE_CURVE('',#1800,#1801,#218,.T.);
#1359=EDGE_CURVE('',#1801,#1802,#2059,.F.);
#1360=EDGE_CURVE('',#1803,#1802,#219,.T.);
#1361=EDGE_CURVE('',#1803,#1804,#2060,.T.);
#1362=EDGE_CURVE('',#1805,#1804,#2061,.T.);
#1363=EDGE_CURVE('',#1805,#1690,#2062,.T.);
#1364=EDGE_CURVE('',#1701,#1689,#69,.T.);
#1365=EDGE_CURVE('',#1806,#1700,#2063,.T.);
#1366=EDGE_CURVE('',#1806,#1807,#2064,.T.);
#1367=EDGE_CURVE('',#1807,#1794,#2065,.T.);
#1368=EDGE_CURVE('',#1808,#1808,#70,.T.);
#1369=EDGE_CURVE('',#1766,#1781,#220,.T.);
#1370=EDGE_CURVE('',#1809,#1766,#2066,.T.);
#1371=EDGE_CURVE('',#1809,#1810,#2067,.T.);
#1372=EDGE_CURVE('',#1810,#1811,#2068,.T.);
#1373=EDGE_CURVE('',#1811,#1812,#221,.T.);
#1374=EDGE_CURVE('',#1650,#1812,#222,.T.);
#1375=EDGE_CURVE('',#1813,#1652,#2069,.T.);
#1376=EDGE_CURVE('',#1813,#1781,#2070,.T.);
#1377=EDGE_CURVE('',#1814,#1814,#71,.T.);
#1378=EDGE_CURVE('',#1815,#1815,#72,.T.);
#1379=EDGE_CURVE('',#1816,#1816,#73,.T.);
#1380=EDGE_CURVE('',#1817,#1817,#74,.T.);
#1381=EDGE_CURVE('',#1818,#1818,#75,.T.);
#1382=EDGE_CURVE('',#1778,#1757,#223,.T.);
#1383=EDGE_CURVE('',#1819,#1778,#2071,.T.);
#1384=EDGE_CURVE('',#1819,#1820,#2072,.T.);
#1385=EDGE_CURVE('',#1820,#1821,#2073,.T.);
#1386=EDGE_CURVE('',#1821,#1664,#224,.T.);
#1387=EDGE_CURVE('',#1822,#1666,#225,.T.);
#1388=EDGE_CURVE('',#1822,#1823,#2074,.T.);
#1389=EDGE_CURVE('',#1824,#1823,#2075,.T.);
#1390=EDGE_CURVE('',#1824,#1708,#2076,.T.);
#1391=EDGE_CURVE('',#1719,#1707,#76,.T.);
#1392=EDGE_CURVE('',#1825,#1718,#2077,.T.);
#1393=EDGE_CURVE('',#1825,#1826,#2078,.T.);
#1394=EDGE_CURVE('',#1826,#1827,#2079,.T.);
#1395=EDGE_CURVE('',#1827,#1828,#226,.T.);
#1396=EDGE_CURVE('',#1828,#1829,#227,.T.);
#1397=EDGE_CURVE('',#1676,#1829,#228,.T.);
#1398=EDGE_CURVE('',#1830,#1656,#2080,.T.);
#1399=EDGE_CURVE('',#1830,#1757,#2081,.T.);
#1400=EDGE_CURVE('',#1831,#1832,#2082,.T.);
#1401=EDGE_CURVE('',#1831,#1821,#2083,.T.);
#1402=EDGE_CURVE('',#1832,#1820,#2084,.T.);
#1403=EDGE_CURVE('',#1833,#1834,#2085,.T.);
#1404=EDGE_CURVE('',#1833,#1811,#2086,.T.);
#1405=EDGE_CURVE('',#1834,#1810,#2087,.T.);
#1406=EDGE_CURVE('',#1835,#1836,#2088,.T.);
#1407=EDGE_CURVE('',#1835,#1799,#2089,.T.);
#1408=EDGE_CURVE('',#1836,#1798,#2090,.T.);
#1409=EDGE_CURVE('',#1837,#1807,#2091,.T.);
#1410=EDGE_CURVE('',#1838,#1837,#2092,.T.);
#1411=EDGE_CURVE('',#1838,#1804,#2093,.T.);
#1412=EDGE_CURVE('',#1683,#1803,#2094,.T.);
#1413=EDGE_CURVE('',#1682,#1794,#2095,.T.);
#1414=EDGE_CURVE('',#1839,#1826,#2096,.T.);
#1415=EDGE_CURVE('',#1840,#1839,#2097,.T.);
#1416=EDGE_CURVE('',#1840,#1823,#2098,.T.);
#1417=EDGE_CURVE('',#1657,#1822,#2099,.T.);
#1418=EDGE_CURVE('',#1662,#1827,#2100,.T.);
#1419=EDGE_CURVE('',#1841,#1842,#2101,.T.);
#1420=EDGE_CURVE('',#1841,#1843,#2102,.T.);
#1421=EDGE_CURVE('',#1844,#1843,#2103,.T.);
#1422=EDGE_CURVE('',#1842,#1844,#2104,.T.);
#1423=EDGE_CURVE('',#1643,#1845,#2105,.T.);
#1424=EDGE_CURVE('',#1845,#1846,#2106,.T.);
#1425=EDGE_CURVE('',#1847,#1846,#2107,.T.);
#1426=EDGE_CURVE('',#1847,#1644,#2108,.T.);
#1427=EDGE_CURVE('',#1848,#1849,#2109,.T.);
#1428=EDGE_CURVE('',#1832,#1848,#2110,.T.);
#1429=EDGE_CURVE('',#1819,#1849,#2111,.T.);
#1430=EDGE_CURVE('',#1655,#1850,#2112,.T.);
#1431=EDGE_CURVE('',#1850,#1851,#2113,.T.);
#1432=EDGE_CURVE('',#1830,#1851,#2114,.T.);
#1433=EDGE_CURVE('',#1852,#1853,#2115,.T.);
#1434=EDGE_CURVE('',#1834,#1852,#2116,.T.);
#1435=EDGE_CURVE('',#1809,#1853,#2117,.T.);
#1436=EDGE_CURVE('',#1651,#1854,#2118,.T.);
#1437=EDGE_CURVE('',#1854,#1855,#2119,.T.);
#1438=EDGE_CURVE('',#1813,#1855,#2120,.T.);
#1439=EDGE_CURVE('',#1856,#1857,#2121,.T.);
#1440=EDGE_CURVE('',#1836,#1856,#2122,.T.);
#1441=EDGE_CURVE('',#1797,#1857,#2123,.T.);
#1442=EDGE_CURVE('',#1838,#1858,#2124,.T.);
#1443=EDGE_CURVE('',#1858,#1859,#2125,.T.);
#1444=EDGE_CURVE('',#1805,#1859,#2126,.T.);
#1445=EDGE_CURVE('',#1860,#1861,#2127,.T.);
#1446=EDGE_CURVE('',#1837,#1860,#2128,.T.);
#1447=EDGE_CURVE('',#1806,#1861,#2129,.T.);
#1448=EDGE_CURVE('',#1862,#1863,#2130,.T.);
#1449=EDGE_CURVE('',#1839,#1862,#2131,.T.);
#1450=EDGE_CURVE('',#1825,#1863,#2132,.T.);
#1451=EDGE_CURVE('',#1840,#1864,#2133,.T.);
#1452=EDGE_CURVE('',#1864,#1865,#2134,.T.);
#1453=EDGE_CURVE('',#1824,#1865,#2135,.T.);
#1454=EDGE_CURVE('',#1647,#1866,#2136,.T.);
#1455=EDGE_CURVE('',#1866,#1867,#2137,.T.);
#1456=EDGE_CURVE('',#1868,#1867,#2138,.T.);
#1457=EDGE_CURVE('',#1868,#1648,#2139,.T.);
#1458=EDGE_CURVE('',#1869,#1870,#2140,.T.);
#1459=EDGE_CURVE('',#1842,#1869,#2141,.T.);
#1460=EDGE_CURVE('',#1871,#1844,#2142,.T.);
#1461=EDGE_CURVE('',#1871,#1870,#2143,.T.);
#1462=EDGE_CURVE('',#1680,#1671,#229,.T.);
#1463=EDGE_CURVE('',#1660,#1829,#2144,.T.);
#1464=EDGE_CURVE('',#1659,#1668,#2145,.T.);
#1465=EDGE_CURVE('',#1669,#1872,#230,.T.);
#1466=EDGE_CURVE('',#1872,#1873,#2146,.T.);
#1467=EDGE_CURVE('',#1874,#1873,#231,.T.);
#1468=EDGE_CURVE('',#1747,#1874,#2147,.T.);
#1469=EDGE_CURVE('',#1746,#1796,#2148,.T.);
#1470=EDGE_CURVE('',#1875,#1876,#77,.F.);
#1471=EDGE_CURVE('',#1876,#1772,#232,.T.);
#1472=EDGE_CURVE('',#1771,#1877,#78,.T.);
#1473=EDGE_CURVE('',#1875,#1877,#2149,.T.);
#1474=EDGE_CURVE('',#1878,#1879,#2150,.T.);
#1475=EDGE_CURVE('',#1875,#1878,#79,.F.);
#1476=EDGE_CURVE('',#1879,#1877,#80,.T.);
#1477=EDGE_CURVE('',#1775,#1880,#233,.T.);
#1478=EDGE_CURVE('',#1880,#1878,#81,.F.);
#1479=EDGE_CURVE('',#1879,#1776,#82,.T.);
#1480=EDGE_CURVE('',#1881,#1882,#83,.F.);
#1481=EDGE_CURVE('',#1882,#1784,#234,.T.);
#1482=EDGE_CURVE('',#1783,#1883,#84,.T.);
#1483=EDGE_CURVE('',#1881,#1883,#2151,.T.);
#1484=EDGE_CURVE('',#1884,#1885,#2152,.T.);
#1485=EDGE_CURVE('',#1881,#1884,#85,.F.);
#1486=EDGE_CURVE('',#1885,#1883,#86,.T.);
#1487=EDGE_CURVE('',#1787,#1886,#235,.T.);
#1488=EDGE_CURVE('',#1886,#1884,#87,.F.);
#1489=EDGE_CURVE('',#1885,#1788,#88,.T.);
#1490=EDGE_CURVE('',#1887,#1888,#89,.F.);
#1491=EDGE_CURVE('',#1888,#1760,#236,.T.);
#1492=EDGE_CURVE('',#1759,#1889,#90,.T.);
#1493=EDGE_CURVE('',#1887,#1889,#2153,.T.);
#1494=EDGE_CURVE('',#1890,#1891,#2154,.T.);
#1495=EDGE_CURVE('',#1887,#1890,#91,.F.);
#1496=EDGE_CURVE('',#1891,#1889,#92,.T.);
#1497=EDGE_CURVE('',#1763,#1892,#237,.T.);
#1498=EDGE_CURVE('',#1892,#1890,#93,.F.);
#1499=EDGE_CURVE('',#1891,#1764,#94,.T.);
#1500=EDGE_CURVE('',#1893,#1894,#95,.F.);
#1501=EDGE_CURVE('',#1894,#1693,#238,.T.);
#1502=EDGE_CURVE('',#1692,#1895,#96,.T.);
#1503=EDGE_CURVE('',#1893,#1895,#2155,.T.);
#1504=EDGE_CURVE('',#1896,#1897,#2156,.T.);
#1505=EDGE_CURVE('',#1893,#1896,#97,.F.);
#1506=EDGE_CURVE('',#1897,#1895,#98,.T.);
#1507=EDGE_CURVE('',#1697,#1898,#239,.T.);
#1508=EDGE_CURVE('',#1898,#1896,#99,.F.);
#1509=EDGE_CURVE('',#1897,#1698,#100,.T.);
#1510=EDGE_CURVE('',#1899,#1900,#101,.F.);
#1511=EDGE_CURVE('',#1900,#1711,#240,.T.);
#1512=EDGE_CURVE('',#1710,#1901,#102,.T.);
#1513=EDGE_CURVE('',#1899,#1901,#2157,.T.);
#1514=EDGE_CURVE('',#1902,#1903,#2158,.T.);
#1515=EDGE_CURVE('',#1899,#1902,#103,.F.);
#1516=EDGE_CURVE('',#1903,#1901,#104,.T.);
#1517=EDGE_CURVE('',#1715,#1904,#241,.T.);
#1518=EDGE_CURVE('',#1904,#1902,#105,.F.);
#1519=EDGE_CURVE('',#1903,#1716,#106,.T.);
#1520=EDGE_CURVE('',#1905,#1906,#107,.F.);
#1521=EDGE_CURVE('',#1906,#1729,#242,.T.);
#1522=EDGE_CURVE('',#1728,#1907,#108,.T.);
#1523=EDGE_CURVE('',#1905,#1907,#2159,.T.);
#1524=EDGE_CURVE('',#1908,#1909,#2160,.T.);
#1525=EDGE_CURVE('',#1905,#1908,#109,.F.);
#1526=EDGE_CURVE('',#1909,#1907,#110,.T.);
#1527=EDGE_CURVE('',#1733,#1910,#243,.T.);
#1528=EDGE_CURVE('',#1910,#1908,#111,.F.);
#1529=EDGE_CURVE('',#1909,#1734,#112,.T.);
#1530=EDGE_CURVE('',#1867,#1727,#2161,.T.);
#1531=EDGE_CURVE('',#1867,#1870,#2162,.T.);
#1532=EDGE_CURVE('',#1870,#1735,#2163,.T.);
#1533=EDGE_CURVE('',#1865,#1709,#2164,.T.);
#1534=EDGE_CURVE('',#1865,#1863,#2165,.T.);
#1535=EDGE_CURVE('',#1863,#1717,#2166,.T.);
#1536=EDGE_CURVE('',#1859,#1691,#2167,.T.);
#1537=EDGE_CURVE('',#1859,#1861,#2168,.T.);
#1538=EDGE_CURVE('',#1861,#1699,#2169,.T.);
#1539=EDGE_CURVE('',#1851,#1758,#2170,.T.);
#1540=EDGE_CURVE('',#1851,#1853,#2171,.T.);
#1541=EDGE_CURVE('',#1853,#1765,#2172,.T.);
#1542=EDGE_CURVE('',#1855,#1782,#2173,.T.);
#1543=EDGE_CURVE('',#1855,#1857,#2174,.T.);
#1544=EDGE_CURVE('',#1857,#1789,#2175,.T.);
#1545=EDGE_CURVE('',#1846,#1770,#2176,.T.);
#1546=EDGE_CURVE('',#1846,#1849,#2177,.T.);
#1547=EDGE_CURVE('',#1849,#1777,#2178,.T.);
#1548=EDGE_CURVE('',#1911,#1911,#113,.T.);
#1549=EDGE_CURVE('',#1912,#1912,#114,.T.);
#1550=EDGE_CURVE('',#1913,#1913,#115,.T.);
#1551=EDGE_CURVE('',#1914,#1914,#116,.T.);
#1552=EDGE_CURVE('',#1915,#1915,#117,.T.);
#1553=EDGE_CURVE('',#1916,#1916,#118,.T.);
#1554=EDGE_CURVE('',#1917,#1917,#119,.T.);
#1555=EDGE_CURVE('',#1918,#1918,#120,.T.);
#1556=EDGE_CURVE('',#1919,#1919,#121,.T.);
#1557=EDGE_CURVE('',#1920,#1920,#122,.T.);
#1558=EDGE_CURVE('',#1921,#1921,#123,.T.);
#1559=EDGE_CURVE('',#1873,#1922,#244,.T.);
#1560=EDGE_CURVE('',#1922,#1874,#245,.T.);
#1561=EDGE_CURVE('',#1748,#1922,#2179,.T.);
#1562=EDGE_CURVE('',#1872,#1923,#246,.T.);
#1563=EDGE_CURVE('',#1749,#1923,#2180,.T.);
#1564=EDGE_CURVE('',#1866,#1869,#2181,.T.);
#1565=EDGE_CURVE('',#1864,#1862,#2182,.T.);
#1566=EDGE_CURVE('',#1858,#1860,#2183,.T.);
#1567=EDGE_CURVE('',#1854,#1856,#2184,.T.);
#1568=EDGE_CURVE('',#1850,#1852,#2185,.T.);
#1569=EDGE_CURVE('',#1845,#1848,#2186,.T.);
#1570=EDGE_CURVE('',#1847,#1769,#2187,.T.);
#1571=EDGE_CURVE('',#1868,#1726,#2188,.T.);
#1572=EDGE_CURVE('',#1871,#1736,#2189,.T.);
#1573=EDGE_CURVE('',#1880,#1876,#124,.T.);
#1574=EDGE_CURVE('',#1892,#1888,#125,.T.);
#1575=EDGE_CURVE('',#1886,#1882,#126,.T.);
#1576=EDGE_CURVE('',#1898,#1894,#127,.T.);
#1577=EDGE_CURVE('',#1904,#1900,#128,.T.);
#1578=EDGE_CURVE('',#1910,#1906,#129,.T.);
#1579=EDGE_CURVE('',#1732,#1722,#130,.T.);
#1580=EDGE_CURVE('',#1762,#1756,#131,.T.);
#1581=EDGE_CURVE('',#1696,#1686,#132,.T.);
#1582=EDGE_CURVE('',#1714,#1704,#133,.T.);
#1583=EDGE_CURVE('',#1774,#1768,#134,.T.);
#1584=EDGE_CURVE('',#1786,#1780,#135,.T.);
#1585=EDGE_CURVE('',#1924,#1924,#136,.T.);
#1586=EDGE_CURVE('',#1925,#1925,#137,.T.);
#1587=EDGE_CURVE('',#1843,#1926,#247,.T.);
#1588=EDGE_CURVE('',#1926,#1927,#2190,.F.);
#1589=EDGE_CURVE('',#1928,#1927,#138,.T.);
#1590=EDGE_CURVE('',#1642,#1928,#248,.T.);
#1591=EDGE_CURVE('',#1769,#1923,#2191,.T.);
#1592=EDGE_CURVE('',#1737,#1725,#139,.T.);
#1593=EDGE_CURVE('',#1929,#1930,#249,.T.);
#1594=EDGE_CURVE('',#1930,#1795,#2192,.T.);
#1595=EDGE_CURVE('',#1681,#1929,#2193,.T.);
#1596=EDGE_CURVE('',#1802,#1931,#2194,.F.);
#1597=EDGE_CURVE('',#1931,#1932,#250,.T.);
#1598=EDGE_CURVE('',#1684,#1932,#2195,.T.);
#1599=EDGE_CURVE('',#1933,#1934,#251,.T.);
#1600=EDGE_CURVE('',#1934,#1801,#2196,.T.);
#1601=EDGE_CURVE('',#1933,#1800,#2197,.T.);
#1602=EDGE_CURVE('',#1835,#1935,#252,.T.);
#1603=EDGE_CURVE('',#1935,#1933,#253,.T.);
#1604=EDGE_CURVE('',#1936,#1812,#2198,.T.);
#1605=EDGE_CURVE('',#1937,#1936,#254,.T.);
#1606=EDGE_CURVE('',#1937,#1649,#255,.T.);
#1607=EDGE_CURVE('',#1833,#1938,#256,.T.);
#1608=EDGE_CURVE('',#1938,#1936,#257,.T.);
#1609=EDGE_CURVE('',#1661,#1828,#2199,.T.);
#1610=EDGE_CURVE('',#1658,#1665,#2200,.T.);
#1611=EDGE_CURVE('',#1663,#1939,#258,.T.);
#1612=EDGE_CURVE('',#1831,#1939,#259,.T.);
#1613=EDGE_CURVE('',#1940,#1928,#2201,.T.);
#1614=EDGE_CURVE('',#1941,#1940,#260,.T.);
#1615=EDGE_CURVE('',#1941,#1641,#261,.T.);
#1616=EDGE_CURVE('',#1927,#1942,#2202,.F.);
#1617=EDGE_CURVE('',#1940,#1942,#140,.T.);
#1618=EDGE_CURVE('',#1943,#1944,#262,.T.);
#1619=EDGE_CURVE('',#1943,#1926,#2203,.T.);
#1620=EDGE_CURVE('',#1841,#1944,#263,.T.);
#1621=EDGE_CURVE('',#1785,#1779,#141,.T.);
#1622=EDGE_CURVE('',#1773,#1767,#142,.T.);
#1623=EDGE_CURVE('',#1761,#1755,#143,.T.);
#1624=EDGE_CURVE('',#1645,#1841,#2204,.T.);
#1625=EDGE_CURVE('',#1649,#1835,#2205,.T.);
#1626=EDGE_CURVE('',#1653,#1833,#2206,.T.);
#1627=EDGE_CURVE('',#1641,#1831,#2207,.T.);
#1628=EDGE_CURVE('',#1731,#1721,#144,.T.);
#1629=EDGE_CURVE('',#1713,#1703,#145,.T.);
#1630=EDGE_CURVE('',#1695,#1685,#146,.T.);
#1631=EDGE_CURVE('',#1932,#1674,#2208,.T.);
#1632=EDGE_CURVE('',#1938,#1675,#2209,.T.);
#1633=EDGE_CURVE('',#1931,#1934,#2210,.F.);
#1634=EDGE_CURVE('',#1935,#1937,#2211,.T.);
#1635=EDGE_CURVE('',#1929,#1670,#2212,.T.);
#1636=EDGE_CURVE('',#1679,#1930,#2213,.F.);
#1637=EDGE_CURVE('',#1665,#1668,#2214,.T.);
#1638=EDGE_CURVE('',#1942,#1943,#2215,.F.);
#1639=EDGE_CURVE('',#1944,#1667,#2216,.T.);
#1640=EDGE_CURVE('',#1939,#1941,#2217,.T.);
#1641=VERTEX_POINT('',#4165);
#1642=VERTEX_POINT('',#4166);
#1643=VERTEX_POINT('',#4168);
#1644=VERTEX_POINT('',#4170);
#1645=VERTEX_POINT('',#4174);
#1646=VERTEX_POINT('',#4175);
#1647=VERTEX_POINT('',#4177);
#1648=VERTEX_POINT('',#4179);
#1649=VERTEX_POINT('',#4183);
#1650=VERTEX_POINT('',#4184);
#1651=VERTEX_POINT('',#4186);
#1652=VERTEX_POINT('',#4188);
#1653=VERTEX_POINT('',#4192);
#1654=VERTEX_POINT('',#4193);
#1655=VERTEX_POINT('',#4195);
#1656=VERTEX_POINT('',#4197);
#1657=VERTEX_POINT('',#4214);
#1658=VERTEX_POINT('',#4215);
#1659=VERTEX_POINT('',#4217);
#1660=VERTEX_POINT('',#4238);
#1661=VERTEX_POINT('',#4243);
#1662=VERTEX_POINT('',#4248);
#1663=VERTEX_POINT('',#4269);
#1664=VERTEX_POINT('',#4270);
#1665=VERTEX_POINT('',#4286);
#1666=VERTEX_POINT('',#4288);
#1667=VERTEX_POINT('',#4340);
#1668=VERTEX_POINT('',#4341);
#1669=VERTEX_POINT('',#4353);
#1670=VERTEX_POINT('',#4425);
#1671=VERTEX_POINT('',#4426);
#1672=VERTEX_POINT('',#4428);
#1673=VERTEX_POINT('',#4437);
#1674=VERTEX_POINT('',#4439);
#1675=VERTEX_POINT('',#4448);
#1676=VERTEX_POINT('',#4466);
#1677=VERTEX_POINT('',#4512);
#1678=VERTEX_POINT('',#4513);
#1679=VERTEX_POINT('',#4515);
#1680=VERTEX_POINT('',#4540);
#1681=VERTEX_POINT('',#4544);
#1682=VERTEX_POINT('',#4559);
#1683=VERTEX_POINT('',#4561);
#1684=VERTEX_POINT('',#4576);
#1685=VERTEX_POINT('',#4580);
#1686=VERTEX_POINT('',#4581);
#1687=VERTEX_POINT('',#4586);
#1688=VERTEX_POINT('',#4588);
#1689=VERTEX_POINT('',#4590);
#1690=VERTEX_POINT('',#4592);
#1691=VERTEX_POINT('',#4594);
#1692=VERTEX_POINT('',#4596);
#1693=VERTEX_POINT('',#4598);
#1694=VERTEX_POINT('',#4608);
#1695=VERTEX_POINT('',#4609);
#1696=VERTEX_POINT('',#4611);
#1697=VERTEX_POINT('',#4616);
#1698=VERTEX_POINT('',#4618);
#1699=VERTEX_POINT('',#4620);
#1700=VERTEX_POINT('',#4622);
#1701=VERTEX_POINT('',#4624);
#1702=VERTEX_POINT('',#4626);
#1703=VERTEX_POINT('',#4633);
#1704=VERTEX_POINT('',#4634);
#1705=VERTEX_POINT('',#4639);
#1706=VERTEX_POINT('',#4641);
#1707=VERTEX_POINT('',#4643);
#1708=VERTEX_POINT('',#4645);
#1709=VERTEX_POINT('',#4647);
#1710=VERTEX_POINT('',#4649);
#1711=VERTEX_POINT('',#4651);
#1712=VERTEX_POINT('',#4661);
#1713=VERTEX_POINT('',#4662);
#1714=VERTEX_POINT('',#4664);
#1715=VERTEX_POINT('',#4669);
#1716=VERTEX_POINT('',#4671);
#1717=VERTEX_POINT('',#4673);
#1718=VERTEX_POINT('',#4675);
#1719=VERTEX_POINT('',#4677);
#1720=VERTEX_POINT('',#4679);
#1721=VERTEX_POINT('',#4686);
#1722=VERTEX_POINT('',#4687);
#1723=VERTEX_POINT('',#4692);
#1724=VERTEX_POINT('',#4694);
#1725=VERTEX_POINT('',#4696);
#1726=VERTEX_POINT('',#4698);
#1727=VERTEX_POINT('',#4700);
#1728=VERTEX_POINT('',#4702);
#1729=VERTEX_POINT('',#4704);
#1730=VERTEX_POINT('',#4714);
#1731=VERTEX_POINT('',#4715);
#1732=VERTEX_POINT('',#4717);
#1733=VERTEX_POINT('',#4722);
#1734=VERTEX_POINT('',#4724);
#1735=VERTEX_POINT('',#4726);
#1736=VERTEX_POINT('',#4728);
#1737=VERTEX_POINT('',#4730);
#1738=VERTEX_POINT('',#4732);
#1739=VERTEX_POINT('',#4739);
#1740=VERTEX_POINT('',#4740);
#1741=VERTEX_POINT('',#4742);
#1742=VERTEX_POINT('',#4747);
#1743=VERTEX_POINT('',#4749);
#1744=VERTEX_POINT('',#4751);
#1745=VERTEX_POINT('',#4753);
#1746=VERTEX_POINT('',#4755);
#1747=VERTEX_POINT('',#4776);
#1748=VERTEX_POINT('',#4780);
#1749=VERTEX_POINT('',#4795);
#1750=VERTEX_POINT('',#4797);
#1751=VERTEX_POINT('',#4799);
#1752=VERTEX_POINT('',#4801);
#1753=VERTEX_POINT('',#4803);
#1754=VERTEX_POINT('',#4808);
#1755=VERTEX_POINT('',#4812);
#1756=VERTEX_POINT('',#4813);
#1757=VERTEX_POINT('',#4819);
#1758=VERTEX_POINT('',#4821);
#1759=VERTEX_POINT('',#4823);
#1760=VERTEX_POINT('',#4825);
#1761=VERTEX_POINT('',#4835);
#1762=VERTEX_POINT('',#4837);
#1763=VERTEX_POINT('',#4842);
#1764=VERTEX_POINT('',#4844);
#1765=VERTEX_POINT('',#4846);
#1766=VERTEX_POINT('',#4848);
#1767=VERTEX_POINT('',#4852);
#1768=VERTEX_POINT('',#4853);
#1769=VERTEX_POINT('',#4859);
#1770=VERTEX_POINT('',#4861);
#1771=VERTEX_POINT('',#4863);
#1772=VERTEX_POINT('',#4865);
#1773=VERTEX_POINT('',#4875);
#1774=VERTEX_POINT('',#4877);
#1775=VERTEX_POINT('',#4882);
#1776=VERTEX_POINT('',#4884);
#1777=VERTEX_POINT('',#4886);
#1778=VERTEX_POINT('',#4888);
#1779=VERTEX_POINT('',#4892);
#1780=VERTEX_POINT('',#4893);
#1781=VERTEX_POINT('',#4899);
#1782=VERTEX_POINT('',#4901);
#1783=VERTEX_POINT('',#4903);
#1784=VERTEX_POINT('',#4905);
#1785=VERTEX_POINT('',#4915);
#1786=VERTEX_POINT('',#4917);
#1787=VERTEX_POINT('',#4922);
#1788=VERTEX_POINT('',#4924);
#1789=VERTEX_POINT('',#4926);
#1790=VERTEX_POINT('',#4928);
#1791=VERTEX_POINT('',#4932);
#1792=VERTEX_POINT('',#4934);
#1793=VERTEX_POINT('',#4936);
#1794=VERTEX_POINT('',#4951);
#1795=VERTEX_POINT('',#4952);
#1796=VERTEX_POINT('',#4974);
#1797=VERTEX_POINT('',#4977);
#1798=VERTEX_POINT('',#4979);
#1799=VERTEX_POINT('',#4981);
#1800=VERTEX_POINT('',#5003);
#1801=VERTEX_POINT('',#5030);
#1802=VERTEX_POINT('',#5032);
#1803=VERTEX_POINT('',#5047);
#1804=VERTEX_POINT('',#5049);
#1805=VERTEX_POINT('',#5051);
#1806=VERTEX_POINT('',#5055);
#1807=VERTEX_POINT('',#5057);
#1808=VERTEX_POINT('',#5061);
#1809=VERTEX_POINT('',#5067);
#1810=VERTEX_POINT('',#5069);
#1811=VERTEX_POINT('',#5071);
#1812=VERTEX_POINT('',#5100);
#1813=VERTEX_POINT('',#5108);
#1814=VERTEX_POINT('',#5112);
#1815=VERTEX_POINT('',#5114);
#1816=VERTEX_POINT('',#5116);
#1817=VERTEX_POINT('',#5118);
#1818=VERTEX_POINT('',#5120);
#1819=VERTEX_POINT('',#5126);
#1820=VERTEX_POINT('',#5128);
#1821=VERTEX_POINT('',#5130);
#1822=VERTEX_POINT('',#5152);
#1823=VERTEX_POINT('',#5154);
#1824=VERTEX_POINT('',#5156);
#1825=VERTEX_POINT('',#5160);
#1826=VERTEX_POINT('',#5162);
#1827=VERTEX_POINT('',#5164);
#1828=VERTEX_POINT('',#5169);
#1829=VERTEX_POINT('',#5174);
#1830=VERTEX_POINT('',#5196);
#1831=VERTEX_POINT('',#5200);
#1832=VERTEX_POINT('',#5201);
#1833=VERTEX_POINT('',#5206);
#1834=VERTEX_POINT('',#5207);
#1835=VERTEX_POINT('',#5212);
#1836=VERTEX_POINT('',#5213);
#1837=VERTEX_POINT('',#5218);
#1838=VERTEX_POINT('',#5220);
#1839=VERTEX_POINT('',#5226);
#1840=VERTEX_POINT('',#5228);
#1841=VERTEX_POINT('',#5234);
#1842=VERTEX_POINT('',#5235);
#1843=VERTEX_POINT('',#5237);
#1844=VERTEX_POINT('',#5239);
#1845=VERTEX_POINT('',#5243);
#1846=VERTEX_POINT('',#5245);
#1847=VERTEX_POINT('',#5247);
#1848=VERTEX_POINT('',#5251);
#1849=VERTEX_POINT('',#5252);
#1850=VERTEX_POINT('',#5257);
#1851=VERTEX_POINT('',#5259);
#1852=VERTEX_POINT('',#5263);
#1853=VERTEX_POINT('',#5264);
#1854=VERTEX_POINT('',#5269);
#1855=VERTEX_POINT('',#5271);
#1856=VERTEX_POINT('',#5275);
#1857=VERTEX_POINT('',#5276);
#1858=VERTEX_POINT('',#5281);
#1859=VERTEX_POINT('',#5283);
#1860=VERTEX_POINT('',#5287);
#1861=VERTEX_POINT('',#5288);
#1862=VERTEX_POINT('',#5293);
#1863=VERTEX_POINT('',#5294);
#1864=VERTEX_POINT('',#5299);
#1865=VERTEX_POINT('',#5301);
#1866=VERTEX_POINT('',#5305);
#1867=VERTEX_POINT('',#5307);
#1868=VERTEX_POINT('',#5309);
#1869=VERTEX_POINT('',#5313);
#1870=VERTEX_POINT('',#5314);
#1871=VERTEX_POINT('',#5317);
#1872=VERTEX_POINT('',#5457);
#1873=VERTEX_POINT('',#5459);
#1874=VERTEX_POINT('',#5480);
#1875=VERTEX_POINT('',#5485);
#1876=VERTEX_POINT('',#5486);
#1877=VERTEX_POINT('',#5492);
#1878=VERTEX_POINT('',#5496);
#1879=VERTEX_POINT('',#5497);
#1880=VERTEX_POINT('',#5505);
#1881=VERTEX_POINT('',#5510);
#1882=VERTEX_POINT('',#5511);
#1883=VERTEX_POINT('',#5517);
#1884=VERTEX_POINT('',#5521);
#1885=VERTEX_POINT('',#5522);
#1886=VERTEX_POINT('',#5530);
#1887=VERTEX_POINT('',#5535);
#1888=VERTEX_POINT('',#5536);
#1889=VERTEX_POINT('',#5542);
#1890=VERTEX_POINT('',#5546);
#1891=VERTEX_POINT('',#5547);
#1892=VERTEX_POINT('',#5555);
#1893=VERTEX_POINT('',#5560);
#1894=VERTEX_POINT('',#5561);
#1895=VERTEX_POINT('',#5567);
#1896=VERTEX_POINT('',#5571);
#1897=VERTEX_POINT('',#5572);
#1898=VERTEX_POINT('',#5580);
#1899=VERTEX_POINT('',#5585);
#1900=VERTEX_POINT('',#5586);
#1901=VERTEX_POINT('',#5592);
#1902=VERTEX_POINT('',#5596);
#1903=VERTEX_POINT('',#5597);
#1904=VERTEX_POINT('',#5605);
#1905=VERTEX_POINT('',#5610);
#1906=VERTEX_POINT('',#5611);
#1907=VERTEX_POINT('',#5617);
#1908=VERTEX_POINT('',#5621);
#1909=VERTEX_POINT('',#5622);
#1910=VERTEX_POINT('',#5630);
#1911=VERTEX_POINT('',#5659);
#1912=VERTEX_POINT('',#5661);
#1913=VERTEX_POINT('',#5663);
#1914=VERTEX_POINT('',#5665);
#1915=VERTEX_POINT('',#5667);
#1916=VERTEX_POINT('',#5669);
#1917=VERTEX_POINT('',#5671);
#1918=VERTEX_POINT('',#5673);
#1919=VERTEX_POINT('',#5675);
#1920=VERTEX_POINT('',#5677);
#1921=VERTEX_POINT('',#5679);
#1922=VERTEX_POINT('',#5694);
#1923=VERTEX_POINT('',#5793);
#1924=VERTEX_POINT('',#5848);
#1925=VERTEX_POINT('',#5850);
#1926=VERTEX_POINT('',#5870);
#1927=VERTEX_POINT('',#5872);
#1928=VERTEX_POINT('',#5874);
#1929=VERTEX_POINT('',#5938);
#1930=VERTEX_POINT('',#5939);
#1931=VERTEX_POINT('',#5961);
#1932=VERTEX_POINT('',#5966);
#1933=VERTEX_POINT('',#6014);
#1934=VERTEX_POINT('',#6015);
#1935=VERTEX_POINT('',#6050);
#1936=VERTEX_POINT('',#6095);
#1937=VERTEX_POINT('',#6102);
#1938=VERTEX_POINT('',#6156);
#1939=VERTEX_POINT('',#6252);
#1940=VERTEX_POINT('',#6304);
#1941=VERTEX_POINT('',#6344);
#1942=VERTEX_POINT('',#6352);
#1943=VERTEX_POINT('',#6386);
#1944=VERTEX_POINT('',#6387);
#1945=LINE('',#4164,#2218);
#1946=LINE('',#4167,#2219);
#1947=LINE('',#4169,#2220);
#1948=LINE('',#4171,#2221);
#1949=LINE('',#4173,#2222);
#1950=LINE('',#4176,#2223);
#1951=LINE('',#4178,#2224);
#1952=LINE('',#4180,#2225);
#1953=LINE('',#4182,#2226);
#1954=LINE('',#4185,#2227);
#1955=LINE('',#4187,#2228);
#1956=LINE('',#4189,#2229);
#1957=LINE('',#4191,#2230);
#1958=LINE('',#4194,#2231);
#1959=LINE('',#4196,#2232);
#1960=LINE('',#4198,#2233);
#1961=LINE('',#4216,#2234);
#1962=LINE('',#4249,#2235);
#1963=LINE('',#4268,#2236);
#1964=LINE('',#4287,#2237);
#1965=LINE('',#4354,#2238);
#1966=LINE('',#4427,#2239);
#1967=LINE('',#4438,#2240);
#1968=LINE('',#4467,#2241);
#1969=LINE('',#4514,#2242);
#1970=LINE('',#4541,#2243);
#1971=LINE('',#4543,#2244);
#1972=LINE('',#4560,#2245);
#1973=LINE('',#4577,#2246);
#1974=LINE('',#4579,#2247);
#1975=LINE('',#4587,#2248);
#1976=LINE('',#4589,#2249);
#1977=LINE('',#4591,#2250);
#1978=LINE('',#4593,#2251);
#1979=LINE('',#4595,#2252);
#1980=LINE('',#4597,#2253);
#1981=LINE('',#4610,#2254);
#1982=LINE('',#4617,#2255);
#1983=LINE('',#4619,#2256);
#1984=LINE('',#4621,#2257);
#1985=LINE('',#4623,#2258);
#1986=LINE('',#4625,#2259);
#1987=LINE('',#4627,#2260);
#1988=LINE('',#4632,#2261);
#1989=LINE('',#4640,#2262);
#1990=LINE('',#4642,#2263);
#1991=LINE('',#4644,#2264);
#1992=LINE('',#4646,#2265);
#1993=LINE('',#4648,#2266);
#1994=LINE('',#4650,#2267);
#1995=LINE('',#4663,#2268);
#1996=LINE('',#4670,#2269);
#1997=LINE('',#4672,#2270);
#1998=LINE('',#4674,#2271);
#1999=LINE('',#4676,#2272);
#2000=LINE('',#4678,#2273);
#2001=LINE('',#4680,#2274);
#2002=LINE('',#4685,#2275);
#2003=LINE('',#4693,#2276);
#2004=LINE('',#4695,#2277);
#2005=LINE('',#4697,#2278);
#2006=LINE('',#4699,#2279);
#2007=LINE('',#4701,#2280);
#2008=LINE('',#4703,#2281);
#2009=LINE('',#4716,#2282);
#2010=LINE('',#4723,#2283);
#2011=LINE('',#4725,#2284);
#2012=LINE('',#4727,#2285);
#2013=LINE('',#4729,#2286);
#2014=LINE('',#4731,#2287);
#2015=LINE('',#4733,#2288);
#2016=LINE('',#4741,#2289);
#2017=LINE('',#4748,#2290);
#2018=LINE('',#4752,#2291);
#2019=LINE('',#4754,#2292);
#2020=LINE('',#4796,#2293);
#2021=LINE('',#4798,#2294);
#2022=LINE('',#4802,#2295);
#2023=LINE('',#4809,#2296);
#2024=LINE('',#4811,#2297);
#2025=LINE('',#4818,#2298);
#2026=LINE('',#4820,#2299);
#2027=LINE('',#4822,#2300);
#2028=LINE('',#4824,#2301);
#2029=LINE('',#4836,#2302);
#2030=LINE('',#4843,#2303);
#2031=LINE('',#4845,#2304);
#2032=LINE('',#4847,#2305);
#2033=LINE('',#4849,#2306);
#2034=LINE('',#4851,#2307);
#2035=LINE('',#4858,#2308);
#2036=LINE('',#4860,#2309);
#2037=LINE('',#4862,#2310);
#2038=LINE('',#4864,#2311);
#2039=LINE('',#4876,#2312);
#2040=LINE('',#4883,#2313);
#2041=LINE('',#4885,#2314);
#2042=LINE('',#4887,#2315);
#2043=LINE('',#4889,#2316);
#2044=LINE('',#4891,#2317);
#2045=LINE('',#4898,#2318);
#2046=LINE('',#4900,#2319);
#2047=LINE('',#4902,#2320);
#2048=LINE('',#4904,#2321);
#2049=LINE('',#4916,#2322);
#2050=LINE('',#4923,#2323);
#2051=LINE('',#4925,#2324);
#2052=LINE('',#4927,#2325);
#2053=LINE('',#4929,#2326);
#2054=LINE('',#4953,#2327);
#2055=LINE('',#4975,#2328);
#2056=LINE('',#4976,#2329);
#2057=LINE('',#4978,#2330);
#2058=LINE('',#4980,#2331);
#2059=LINE('',#5031,#2332);
#2060=LINE('',#5048,#2333);
#2061=LINE('',#5050,#2334);
#2062=LINE('',#5052,#2335);
#2063=LINE('',#5054,#2336);
#2064=LINE('',#5056,#2337);
#2065=LINE('',#5058,#2338);
#2066=LINE('',#5066,#2339);
#2067=LINE('',#5068,#2340);
#2068=LINE('',#5070,#2341);
#2069=LINE('',#5107,#2342);
#2070=LINE('',#5109,#2343);
#2071=LINE('',#5125,#2344);
#2072=LINE('',#5127,#2345);
#2073=LINE('',#5129,#2346);
#2074=LINE('',#5153,#2347);
#2075=LINE('',#5155,#2348);
#2076=LINE('',#5157,#2349);
#2077=LINE('',#5159,#2350);
#2078=LINE('',#5161,#2351);
#2079=LINE('',#5163,#2352);
#2080=LINE('',#5195,#2353);
#2081=LINE('',#5197,#2354);
#2082=LINE('',#5199,#2355);
#2083=LINE('',#5202,#2356);
#2084=LINE('',#5203,#2357);
#2085=LINE('',#5205,#2358);
#2086=LINE('',#5208,#2359);
#2087=LINE('',#5209,#2360);
#2088=LINE('',#5211,#2361);
#2089=LINE('',#5214,#2362);
#2090=LINE('',#5215,#2363);
#2091=LINE('',#5217,#2364);
#2092=LINE('',#5219,#2365);
#2093=LINE('',#5221,#2366);
#2094=LINE('',#5222,#2367);
#2095=LINE('',#5223,#2368);
#2096=LINE('',#5225,#2369);
#2097=LINE('',#5227,#2370);
#2098=LINE('',#5229,#2371);
#2099=LINE('',#5230,#2372);
#2100=LINE('',#5231,#2373);
#2101=LINE('',#5233,#2374);
#2102=LINE('',#5236,#2375);
#2103=LINE('',#5238,#2376);
#2104=LINE('',#5240,#2377);
#2105=LINE('',#5242,#2378);
#2106=LINE('',#5244,#2379);
#2107=LINE('',#5246,#2380);
#2108=LINE('',#5248,#2381);
#2109=LINE('',#5250,#2382);
#2110=LINE('',#5253,#2383);
#2111=LINE('',#5254,#2384);
#2112=LINE('',#5256,#2385);
#2113=LINE('',#5258,#2386);
#2114=LINE('',#5260,#2387);
#2115=LINE('',#5262,#2388);
#2116=LINE('',#5265,#2389);
#2117=LINE('',#5266,#2390);
#2118=LINE('',#5268,#2391);
#2119=LINE('',#5270,#2392);
#2120=LINE('',#5272,#2393);
#2121=LINE('',#5274,#2394);
#2122=LINE('',#5277,#2395);
#2123=LINE('',#5278,#2396);
#2124=LINE('',#5280,#2397);
#2125=LINE('',#5282,#2398);
#2126=LINE('',#5284,#2399);
#2127=LINE('',#5286,#2400);
#2128=LINE('',#5289,#2401);
#2129=LINE('',#5290,#2402);
#2130=LINE('',#5292,#2403);
#2131=LINE('',#5295,#2404);
#2132=LINE('',#5296,#2405);
#2133=LINE('',#5298,#2406);
#2134=LINE('',#5300,#2407);
#2135=LINE('',#5302,#2408);
#2136=LINE('',#5304,#2409);
#2137=LINE('',#5306,#2410);
#2138=LINE('',#5308,#2411);
#2139=LINE('',#5310,#2412);
#2140=LINE('',#5312,#2413);
#2141=LINE('',#5315,#2414);
#2142=LINE('',#5316,#2415);
#2143=LINE('',#5318,#2416);
#2144=LINE('',#5435,#2417);
#2145=LINE('',#5436,#2418);
#2146=LINE('',#5458,#2419);
#2147=LINE('',#5481,#2420);
#2148=LINE('',#5482,#2421);
#2149=LINE('',#5493,#2422);
#2150=LINE('',#5495,#2423);
#2151=LINE('',#5518,#2424);
#2152=LINE('',#5520,#2425);
#2153=LINE('',#5543,#2426);
#2154=LINE('',#5545,#2427);
#2155=LINE('',#5568,#2428);
#2156=LINE('',#5570,#2429);
#2157=LINE('',#5593,#2430);
#2158=LINE('',#5595,#2431);
#2159=LINE('',#5618,#2432);
#2160=LINE('',#5620,#2433);
#2161=LINE('',#5634,#2434);
#2162=LINE('',#5635,#2435);
#2163=LINE('',#5636,#2436);
#2164=LINE('',#5638,#2437);
#2165=LINE('',#5639,#2438);
#2166=LINE('',#5640,#2439);
#2167=LINE('',#5642,#2440);
#2168=LINE('',#5643,#2441);
#2169=LINE('',#5644,#2442);
#2170=LINE('',#5646,#2443);
#2171=LINE('',#5647,#2444);
#2172=LINE('',#5648,#2445);
#2173=LINE('',#5650,#2446);
#2174=LINE('',#5651,#2447);
#2175=LINE('',#5652,#2448);
#2176=LINE('',#5654,#2449);
#2177=LINE('',#5655,#2450);
#2178=LINE('',#5656,#2451);
#2179=LINE('',#5706,#2452);
#2180=LINE('',#5794,#2453);
#2181=LINE('',#5796,#2454);
#2182=LINE('',#5798,#2455);
#2183=LINE('',#5800,#2456);
#2184=LINE('',#5802,#2457);
#2185=LINE('',#5804,#2458);
#2186=LINE('',#5806,#2459);
#2187=LINE('',#5808,#2460);
#2188=LINE('',#5819,#2461);
#2189=LINE('',#5821,#2462);
#2190=LINE('',#5871,#2463);
#2191=LINE('',#5914,#2464);
#2192=LINE('',#5940,#2465);
#2193=LINE('',#5941,#2466);
#2194=LINE('',#5960,#2467);
#2195=LINE('',#5967,#2468);
#2196=LINE('',#6016,#2469);
#2197=LINE('',#6017,#2470);
#2198=LINE('',#6094,#2471);
#2199=LINE('',#6193,#2472);
#2200=LINE('',#6208,#2473);
#2201=LINE('',#6303,#2474);
#2202=LINE('',#6351,#2475);
#2203=LINE('',#6388,#2476);
#2204=LINE('',#6444,#2477);
#2205=LINE('',#6448,#2478);
#2206=LINE('',#6450,#2479);
#2207=LINE('',#6452,#2480);
#2208=LINE('',#6463,#2481);
#2209=LINE('',#6465,#2482);
#2210=LINE('',#6466,#2483);
#2211=LINE('',#6467,#2484);
#2212=LINE('',#6469,#2485);
#2213=LINE('',#6471,#2486);
#2214=LINE('',#6473,#2487);
#2215=LINE('',#6475,#2488);
#2216=LINE('',#6476,#2489);
#2217=LINE('',#6477,#2490);
#2218=VECTOR('',#3417,1.);
#2219=VECTOR('',#3418,1.);
#2220=VECTOR('',#3419,1.);
#2221=VECTOR('',#3420,1.);
#2222=VECTOR('',#3423,1.);
#2223=VECTOR('',#3424,1.);
#2224=VECTOR('',#3425,1.);
#2225=VECTOR('',#3426,1.);
#2226=VECTOR('',#3429,1.);
#2227=VECTOR('',#3430,1.);
#2228=VECTOR('',#3431,1.);
#2229=VECTOR('',#3432,1.);
#2230=VECTOR('',#3435,1.);
#2231=VECTOR('',#3436,1.);
#2232=VECTOR('',#3437,1.);
#2233=VECTOR('',#3438,1.);
#2234=VECTOR('',#3441,1.);
#2235=VECTOR('',#3442,1.);
#2236=VECTOR('',#3443,1.);
#2237=VECTOR('',#3444,1.);
#2238=VECTOR('',#3445,1.);
#2239=VECTOR('',#3446,1.);
#2240=VECTOR('',#3447,1.);
#2241=VECTOR('',#3448,1.);
#2242=VECTOR('',#3449,1.);
#2243=VECTOR('',#3450,1.);
#2244=VECTOR('',#3453,1.);
#2245=VECTOR('',#3454,1.);
#2246=VECTOR('',#3455,1.);
#2247=VECTOR('',#3458,1.);
#2248=VECTOR('',#3459,1.);
#2249=VECTOR('',#3460,1.);
#2250=VECTOR('',#3461,1.);
#2251=VECTOR('',#3462,1.);
#2252=VECTOR('',#3463,1.);
#2253=VECTOR('',#3464,1.);
#2254=VECTOR('',#3467,1.);
#2255=VECTOR('',#3468,1.);
#2256=VECTOR('',#3469,1.);
#2257=VECTOR('',#3470,1.);
#2258=VECTOR('',#3471,1.);
#2259=VECTOR('',#3472,1.);
#2260=VECTOR('',#3473,1.);
#2261=VECTOR('',#3482,1.);
#2262=VECTOR('',#3483,1.);
#2263=VECTOR('',#3484,1.);
#2264=VECTOR('',#3485,1.);
#2265=VECTOR('',#3486,1.);
#2266=VECTOR('',#3487,1.);
#2267=VECTOR('',#3488,1.);
#2268=VECTOR('',#3491,1.);
#2269=VECTOR('',#3492,1.);
#2270=VECTOR('',#3493,1.);
#2271=VECTOR('',#3494,1.);
#2272=VECTOR('',#3495,1.);
#2273=VECTOR('',#3496,1.);
#2274=VECTOR('',#3497,1.);
#2275=VECTOR('',#3506,1.);
#2276=VECTOR('',#3507,1.);
#2277=VECTOR('',#3508,1.);
#2278=VECTOR('',#3509,1.);
#2279=VECTOR('',#3510,1.);
#2280=VECTOR('',#3511,1.);
#2281=VECTOR('',#3512,1.);
#2282=VECTOR('',#3515,1.);
#2283=VECTOR('',#3516,1.);
#2284=VECTOR('',#3517,1.);
#2285=VECTOR('',#3518,1.);
#2286=VECTOR('',#3519,1.);
#2287=VECTOR('',#3520,1.);
#2288=VECTOR('',#3521,1.);
#2289=VECTOR('',#3532,1.);
#2290=VECTOR('',#3533,1.);
#2291=VECTOR('',#3536,1.);
#2292=VECTOR('',#3537,1.);
#2293=VECTOR('',#3538,1.);
#2294=VECTOR('',#3539,1.);
#2295=VECTOR('',#3542,1.);
#2296=VECTOR('',#3543,1.);
#2297=VECTOR('',#3546,1.);
#2298=VECTOR('',#3547,1.);
#2299=VECTOR('',#3548,1.);
#2300=VECTOR('',#3549,1.);
#2301=VECTOR('',#3550,1.);
#2302=VECTOR('',#3553,1.);
#2303=VECTOR('',#3554,1.);
#2304=VECTOR('',#3555,1.);
#2305=VECTOR('',#3556,1.);
#2306=VECTOR('',#3557,1.);
#2307=VECTOR('',#3560,1.);
#2308=VECTOR('',#3561,1.);
#2309=VECTOR('',#3562,1.);
#2310=VECTOR('',#3563,1.);
#2311=VECTOR('',#3564,1.);
#2312=VECTOR('',#3567,1.);
#2313=VECTOR('',#3568,1.);
#2314=VECTOR('',#3569,1.);
#2315=VECTOR('',#3570,1.);
#2316=VECTOR('',#3571,1.);
#2317=VECTOR('',#3574,1.);
#2318=VECTOR('',#3575,1.);
#2319=VECTOR('',#3576,1.);
#2320=VECTOR('',#3577,1.);
#2321=VECTOR('',#3578,1.);
#2322=VECTOR('',#3581,1.);
#2323=VECTOR('',#3582,1.);
#2324=VECTOR('',#3583,1.);
#2325=VECTOR('',#3584,1.);
#2326=VECTOR('',#3585,1.);
#2327=VECTOR('',#3594,1.);
#2328=VECTOR('',#3595,1.);
#2329=VECTOR('',#3596,1.);
#2330=VECTOR('',#3597,1.);
#2331=VECTOR('',#3598,1.);
#2332=VECTOR('',#3599,1.);
#2333=VECTOR('',#3600,1.);
#2334=VECTOR('',#3601,1.);
#2335=VECTOR('',#3602,1.);
#2336=VECTOR('',#3605,1.);
#2337=VECTOR('',#3606,1.);
#2338=VECTOR('',#3607,1.);
#2339=VECTOR('',#3612,1.);
#2340=VECTOR('',#3613,1.);
#2341=VECTOR('',#3614,1.);
#2342=VECTOR('',#3615,1.);
#2343=VECTOR('',#3616,1.);
#2344=VECTOR('',#3629,1.);
#2345=VECTOR('',#3630,1.);
#2346=VECTOR('',#3631,1.);
#2347=VECTOR('',#3632,1.);
#2348=VECTOR('',#3633,1.);
#2349=VECTOR('',#3634,1.);
#2350=VECTOR('',#3637,1.);
#2351=VECTOR('',#3638,1.);
#2352=VECTOR('',#3639,1.);
#2353=VECTOR('',#3640,1.);
#2354=VECTOR('',#3641,1.);
#2355=VECTOR('',#3644,1.);
#2356=VECTOR('',#3645,1.);
#2357=VECTOR('',#3646,1.);
#2358=VECTOR('',#3649,1.);
#2359=VECTOR('',#3650,1.);
#2360=VECTOR('',#3651,1.);
#2361=VECTOR('',#3654,1.);
#2362=VECTOR('',#3655,1.);
#2363=VECTOR('',#3656,1.);
#2364=VECTOR('',#3659,1.);
#2365=VECTOR('',#3660,1.);
#2366=VECTOR('',#3661,1.);
#2367=VECTOR('',#3662,1.);
#2368=VECTOR('',#3663,1.);
#2369=VECTOR('',#3666,1.);
#2370=VECTOR('',#3667,1.);
#2371=VECTOR('',#3668,1.);
#2372=VECTOR('',#3669,1.);
#2373=VECTOR('',#3670,1.);
#2374=VECTOR('',#3673,1.);
#2375=VECTOR('',#3674,1.);
#2376=VECTOR('',#3675,1.);
#2377=VECTOR('',#3676,1.);
#2378=VECTOR('',#3679,1.);
#2379=VECTOR('',#3680,1.);
#2380=VECTOR('',#3681,1.);
#2381=VECTOR('',#3682,1.);
#2382=VECTOR('',#3685,1.);
#2383=VECTOR('',#3686,1.);
#2384=VECTOR('',#3687,1.);
#2385=VECTOR('',#3690,1.);
#2386=VECTOR('',#3691,1.);
#2387=VECTOR('',#3692,1.);
#2388=VECTOR('',#3695,1.);
#2389=VECTOR('',#3696,1.);
#2390=VECTOR('',#3697,1.);
#2391=VECTOR('',#3700,1.);
#2392=VECTOR('',#3701,1.);
#2393=VECTOR('',#3702,1.);
#2394=VECTOR('',#3705,1.);
#2395=VECTOR('',#3706,1.);
#2396=VECTOR('',#3707,1.);
#2397=VECTOR('',#3710,1.);
#2398=VECTOR('',#3711,1.);
#2399=VECTOR('',#3712,1.);
#2400=VECTOR('',#3715,1.);
#2401=VECTOR('',#3716,1.);
#2402=VECTOR('',#3717,1.);
#2403=VECTOR('',#3720,1.);
#2404=VECTOR('',#3721,1.);
#2405=VECTOR('',#3722,1.);
#2406=VECTOR('',#3725,1.);
#2407=VECTOR('',#3726,1.);
#2408=VECTOR('',#3727,1.);
#2409=VECTOR('',#3730,1.);
#2410=VECTOR('',#3731,1.);
#2411=VECTOR('',#3732,1.);
#2412=VECTOR('',#3733,1.);
#2413=VECTOR('',#3736,1.);
#2414=VECTOR('',#3737,1.);
#2415=VECTOR('',#3738,1.);
#2416=VECTOR('',#3739,1.);
#2417=VECTOR('',#3740,1.);
#2418=VECTOR('',#3741,1.);
#2419=VECTOR('',#3742,1.);
#2420=VECTOR('',#3743,1.);
#2421=VECTOR('',#3744,1.);
#2422=VECTOR('',#3751,1.);
#2423=VECTOR('',#3754,1.);
#2424=VECTOR('',#3771,1.);
#2425=VECTOR('',#3774,1.);
#2426=VECTOR('',#3791,1.);
#2427=VECTOR('',#3794,1.);
#2428=VECTOR('',#3811,1.);
#2429=VECTOR('',#3814,1.);
#2430=VECTOR('',#3831,1.);
#2431=VECTOR('',#3834,1.);
#2432=VECTOR('',#3851,1.);
#2433=VECTOR('',#3854,1.);
#2434=VECTOR('',#3867,1.);
#2435=VECTOR('',#3868,1.);
#2436=VECTOR('',#3869,1.);
#2437=VECTOR('',#3872,1.);
#2438=VECTOR('',#3873,1.);
#2439=VECTOR('',#3874,1.);
#2440=VECTOR('',#3877,1.);
#2441=VECTOR('',#3878,1.);
#2442=VECTOR('',#3879,1.);
#2443=VECTOR('',#3882,1.);
#2444=VECTOR('',#3883,1.);
#2445=VECTOR('',#3884,1.);
#2446=VECTOR('',#3887,1.);
#2447=VECTOR('',#3888,1.);
#2448=VECTOR('',#3889,1.);
#2449=VECTOR('',#3892,1.);
#2450=VECTOR('',#3893,1.);
#2451=VECTOR('',#3894,1.);
#2452=VECTOR('',#3919,1.);
#2453=VECTOR('',#3920,1.);
#2454=VECTOR('',#3923,1.);
#2455=VECTOR('',#3926,1.);
#2456=VECTOR('',#3929,1.);
#2457=VECTOR('',#3932,1.);
#2458=VECTOR('',#3935,1.);
#2459=VECTOR('',#3938,1.);
#2460=VECTOR('',#3941,1.);
#2461=VECTOR('',#3962,1.);
#2462=VECTOR('',#3965,1.);
#2463=VECTOR('',#4020,1.);
#2464=VECTOR('',#4023,1.);
#2465=VECTOR('',#4026,1.);
#2466=VECTOR('',#4027,1.);
#2467=VECTOR('',#4028,1.);
#2468=VECTOR('',#4029,1.);
#2469=VECTOR('',#4030,1.);
#2470=VECTOR('',#4031,1.);
#2471=VECTOR('',#4032,1.);
#2472=VECTOR('',#4033,1.);
#2473=VECTOR('',#4034,1.);
#2474=VECTOR('',#4035,1.);
#2475=VECTOR('',#4038,1.);
#2476=VECTOR('',#4041,1.);
#2477=VECTOR('',#4094,1.);
#2478=VECTOR('',#4101,1.);
#2479=VECTOR('',#4104,1.);
#2480=VECTOR('',#4107,1.);
#2481=VECTOR('',#4128,1.);
#2482=VECTOR('',#4131,1.);
#2483=VECTOR('',#4132,1.);
#2484=VECTOR('',#4133,1.);
#2485=VECTOR('',#4136,1.);
#2486=VECTOR('',#4139,1.);
#2487=VECTOR('',#4142,1.);
#2488=VECTOR('',#4145,1.);
#2489=VECTOR('',#4146,1.);
#2490=VECTOR('',#4147,1.);
#2491=EDGE_LOOP('',(#264,#265,#266,#267));
#2492=EDGE_LOOP('',(#268,#269,#270,#271));
#2493=EDGE_LOOP('',(#272,#273,#274,#275));
#2494=EDGE_LOOP('',(#276,#277,#278,#279));
#2495=EDGE_LOOP('',(#280,#281,#282,#283,#284,#285));
#2496=EDGE_LOOP('',(#286,#287,#288,#289));
#2497=EDGE_LOOP('',(#290,#291,#292,#293,#294));
#2498=EDGE_LOOP('',(#295,#296,#297,#298,#299,#300,#301,#302,#303));
#2499=EDGE_LOOP('',(#304,#305,#306,#307));
#2500=EDGE_LOOP('',(#308,#309,#310,#311,#312,#313));
#2501=EDGE_LOOP('',(#314,#315,#316,#317,#318,#319,#320,#321,#322));
#2502=EDGE_LOOP('',(#323,#324,#325,#326,#327,#328,#329,#330,#331));
#2503=EDGE_LOOP('',(#332,#333,#334,#335));
#2504=EDGE_LOOP('',(#336,#337,#338,#339,#340,#341,#342,#343,#344));
#2505=EDGE_LOOP('',(#345,#346,#347,#348,#349,#350,#351,#352,#353));
#2506=EDGE_LOOP('',(#354,#355,#356,#357));
#2507=EDGE_LOOP('',(#358,#359,#360,#361,#362,#363,#364,#365,#366));
#2508=EDGE_LOOP('',(#367,#368,#369,#370,#371,#372,#373,#374,#375));
#2509=EDGE_LOOP('',(#376,#377,#378,#379));
#2510=EDGE_LOOP('',(#380,#381,#382,#383,#384,#385,#386,#387,#388,#389,#390,
#391,#392,#393,#394,#395));
#2511=EDGE_LOOP('',(#396,#397,#398,#399,#400,#401,#402,#403));
#2512=EDGE_LOOP('',(#404,#405,#406,#407,#408,#409,#410,#411));
#2513=EDGE_LOOP('',(#412,#413,#414,#415,#416,#417,#418,#419));
#2514=EDGE_LOOP('',(#420,#421,#422,#423,#424,#425,#426,#427));
#2515=EDGE_LOOP('',(#428,#429,#430,#431,#432,#433,#434,#435));
#2516=EDGE_LOOP('',(#436,#437,#438,#439,#440,#441,#442,#443));
#2517=EDGE_LOOP('',(#444));
#2518=EDGE_LOOP('',(#445));
#2519=EDGE_LOOP('',(#446));
#2520=EDGE_LOOP('',(#447,#448,#449,#450,#451,#452,#453,#454,#455,#456,#457,
#458,#459,#460,#461,#462,#463,#464,#465,#466,#467));
#2521=EDGE_LOOP('',(#468));
#2522=EDGE_LOOP('',(#469,#470,#471,#472,#473,#474,#475,#476,#477));
#2523=EDGE_LOOP('',(#478));
#2524=EDGE_LOOP('',(#479));
#2525=EDGE_LOOP('',(#480));
#2526=EDGE_LOOP('',(#481));
#2527=EDGE_LOOP('',(#482));
#2528=EDGE_LOOP('',(#483,#484,#485,#486,#487,#488,#489,#490,#491,#492,#493,
#494,#495,#496,#497,#498,#499,#500,#501,#502,#503,#504,#505));
#2529=EDGE_LOOP('',(#506,#507,#508,#509));
#2530=EDGE_LOOP('',(#510,#511,#512,#513));
#2531=EDGE_LOOP('',(#514,#515,#516,#517));
#2532=EDGE_LOOP('',(#518,#519,#520,#521,#522,#523,#524,#525));
#2533=EDGE_LOOP('',(#526,#527,#528,#529,#530,#531,#532,#533));
#2534=EDGE_LOOP('',(#534,#535,#536,#537));
#2535=EDGE_LOOP('',(#538,#539,#540,#541,#542));
#2536=EDGE_LOOP('',(#543,#544,#545,#546,#547));
#2537=EDGE_LOOP('',(#548,#549,#550,#551,#552));
#2538=EDGE_LOOP('',(#553,#554,#555,#556,#557));
#2539=EDGE_LOOP('',(#558,#559,#560,#561,#562));
#2540=EDGE_LOOP('',(#563,#564,#565,#566,#567));
#2541=EDGE_LOOP('',(#568,#569,#570,#571,#572));
#2542=EDGE_LOOP('',(#573,#574,#575,#576,#577));
#2543=EDGE_LOOP('',(#578,#579,#580,#581,#582));
#2544=EDGE_LOOP('',(#583,#584,#585,#586,#587));
#2545=EDGE_LOOP('',(#588,#589,#590,#591,#592));
#2546=EDGE_LOOP('',(#593,#594,#595,#596,#597));
#2547=EDGE_LOOP('',(#598,#599,#600,#601,#602,#603,#604,#605,#606,#607,#608,
#609,#610,#611,#612));
#2548=EDGE_LOOP('',(#613,#614,#615,#616,#617));
#2549=EDGE_LOOP('',(#618,#619,#620,#621));
#2550=EDGE_LOOP('',(#622,#623,#624,#625,#626));
#2551=EDGE_LOOP('',(#627,#628,#629,#630,#631));
#2552=EDGE_LOOP('',(#632,#633,#634,#635));
#2553=EDGE_LOOP('',(#636,#637,#638,#639,#640));
#2554=EDGE_LOOP('',(#641,#642,#643,#644,#645));
#2555=EDGE_LOOP('',(#646,#647,#648,#649));
#2556=EDGE_LOOP('',(#650,#651,#652,#653,#654));
#2557=EDGE_LOOP('',(#655,#656,#657,#658,#659));
#2558=EDGE_LOOP('',(#660,#661,#662,#663));
#2559=EDGE_LOOP('',(#664,#665,#666,#667,#668));
#2560=EDGE_LOOP('',(#669,#670,#671,#672,#673));
#2561=EDGE_LOOP('',(#674,#675,#676,#677));
#2562=EDGE_LOOP('',(#678,#679,#680,#681,#682));
#2563=EDGE_LOOP('',(#683,#684,#685,#686,#687));
#2564=EDGE_LOOP('',(#688,#689,#690,#691));
#2565=EDGE_LOOP('',(#692,#693,#694,#695,#696));
#2566=EDGE_LOOP('',(#697,#698,#699,#700,#701,#702,#703,#704));
#2567=EDGE_LOOP('',(#705,#706,#707,#708,#709,#710,#711,#712));
#2568=EDGE_LOOP('',(#713,#714,#715,#716,#717,#718,#719,#720));
#2569=EDGE_LOOP('',(#721,#722,#723,#724,#725,#726,#727,#728));
#2570=EDGE_LOOP('',(#729,#730,#731,#732,#733,#734,#735,#736));
#2571=EDGE_LOOP('',(#737,#738,#739,#740,#741,#742,#743,#744));
#2572=EDGE_LOOP('',(#745));
#2573=EDGE_LOOP('',(#746));
#2574=EDGE_LOOP('',(#747));
#2575=EDGE_LOOP('',(#748));
#2576=EDGE_LOOP('',(#749));
#2577=EDGE_LOOP('',(#750));
#2578=EDGE_LOOP('',(#751));
#2579=EDGE_LOOP('',(#752));
#2580=EDGE_LOOP('',(#753));
#2581=EDGE_LOOP('',(#754));
#2582=EDGE_LOOP('',(#755));
#2583=EDGE_LOOP('',(#756,#757,#758));
#2584=EDGE_LOOP('',(#759,#760,#761,#762));
#2585=EDGE_LOOP('',(#763,#764,#765,#766,#767,#768));
#2586=EDGE_LOOP('',(#769,#770,#771,#772));
#2587=EDGE_LOOP('',(#773,#774,#775,#776));
#2588=EDGE_LOOP('',(#777,#778,#779,#780));
#2589=EDGE_LOOP('',(#781,#782,#783,#784));
#2590=EDGE_LOOP('',(#785,#786,#787,#788));
#2591=EDGE_LOOP('',(#789,#790,#791,#792));
#2592=EDGE_LOOP('',(#793,#794,#795,#796));
#2593=EDGE_LOOP('',(#797,#798,#799,#800));
#2594=EDGE_LOOP('',(#801,#802,#803,#804));
#2595=EDGE_LOOP('',(#805,#806,#807,#808));
#2596=EDGE_LOOP('',(#809,#810,#811,#812));
#2597=EDGE_LOOP('',(#813,#814,#815,#816));
#2598=EDGE_LOOP('',(#817,#818,#819,#820));
#2599=EDGE_LOOP('',(#821,#822,#823,#824));
#2600=EDGE_LOOP('',(#825,#826,#827,#828));
#2601=EDGE_LOOP('',(#829,#830,#831,#832));
#2602=EDGE_LOOP('',(#833,#834,#835,#836));
#2603=EDGE_LOOP('',(#837,#838,#839,#840));
#2604=EDGE_LOOP('',(#841,#842,#843,#844));
#2605=EDGE_LOOP('',(#845,#846,#847,#848));
#2606=EDGE_LOOP('',(#849,#850,#851,#852));
#2607=EDGE_LOOP('',(#853,#854,#855,#856));
#2608=EDGE_LOOP('',(#857,#858,#859,#860));
#2609=EDGE_LOOP('',(#861,#862,#863,#864));
#2610=EDGE_LOOP('',(#865,#866,#867,#868,#869,#870));
#2611=EDGE_LOOP('',(#871,#872,#873,#874,#875,#876));
#2612=EDGE_LOOP('',(#877,#878,#879,#880,#881,#882));
#2613=EDGE_LOOP('',(#883,#884,#885,#886,#887,#888));
#2614=EDGE_LOOP('',(#889,#890,#891,#892,#893,#894));
#2615=EDGE_LOOP('',(#895,#896,#897,#898,#899,#900));
#2616=EDGE_LOOP('',(#901));
#2617=EDGE_LOOP('',(#902));
#2618=EDGE_LOOP('',(#903,#904,#905,#906,#907,#908,#909,#910,#911,#912,#913,
#914,#915,#916,#917,#918,#919,#920,#921,#922));
#2619=EDGE_LOOP('',(#923,#924,#925,#926,#927,#928));
#2620=EDGE_LOOP('',(#929,#930,#931,#932,#933,#934));
#2621=EDGE_LOOP('',(#935,#936,#937,#938));
#2622=EDGE_LOOP('',(#939,#940,#941,#942,#943));
#2623=EDGE_LOOP('',(#944,#945,#946,#947,#948));
#2624=EDGE_LOOP('',(#949,#950,#951,#952,#953));
#2625=EDGE_LOOP('',(#954,#955,#956,#957));
#2626=EDGE_LOOP('',(#958,#959,#960,#961,#962));
#2627=EDGE_LOOP('',(#963,#964,#965,#966,#967));
#2628=EDGE_LOOP('',(#968,#969,#970,#971,#972));
#2629=EDGE_LOOP('',(#973,#974,#975,#976));
#2630=EDGE_LOOP('',(#977,#978,#979,#980,#981));
#2631=EDGE_LOOP('',(#982,#983,#984,#985));
#2632=EDGE_LOOP('',(#986,#987,#988,#989));
#2633=EDGE_LOOP('',(#990,#991,#992,#993));
#2634=EDGE_LOOP('',(#994,#995,#996,#997));
#2635=EDGE_LOOP('',(#998,#999,#1000,#1001));
#2636=EDGE_LOOP('',(#1002,#1003,#1004,#1005));
#2637=EDGE_LOOP('',(#1006,#1007,#1008,#1009));
#2638=EDGE_LOOP('',(#1010,#1011,#1012,#1013));
#2639=EDGE_LOOP('',(#1014));
#2640=EDGE_LOOP('',(#1015));
#2641=EDGE_LOOP('',(#1016));
#2642=EDGE_LOOP('',(#1017));
#2643=EDGE_LOOP('',(#1018));
#2644=EDGE_LOOP('',(#1019));
#2645=EDGE_LOOP('',(#1020));
#2646=EDGE_LOOP('',(#1021));
#2647=EDGE_LOOP('',(#1022));
#2648=EDGE_LOOP('',(#1023));
#2649=EDGE_LOOP('',(#1024));
#2650=EDGE_LOOP('',(#1025));
#2651=EDGE_LOOP('',(#1026));
#2652=EDGE_LOOP('',(#1027));
#2653=EDGE_LOOP('',(#1028));
#2654=EDGE_LOOP('',(#1029));
#2655=EDGE_LOOP('',(#1030));
#2656=EDGE_LOOP('',(#1031));
#2657=EDGE_LOOP('',(#1032));
#2658=EDGE_LOOP('',(#1033));
#2659=EDGE_LOOP('',(#1034));
#2660=EDGE_LOOP('',(#1035));
#2661=EDGE_LOOP('',(#1036,#1037,#1038,#1039));
#2662=EDGE_LOOP('',(#1040,#1041,#1042,#1043));
#2663=EDGE_LOOP('',(#1044,#1045,#1046,#1047));
#2664=EDGE_LOOP('',(#1048,#1049,#1050,#1051));
#2665=EDGE_LOOP('',(#1052,#1053,#1054,#1055));
#2666=EDGE_LOOP('',(#1056,#1057,#1058,#1059));
#2667=EDGE_LOOP('',(#1060,#1061,#1062,#1063,#1064,#1065));
#2668=EDGE_LOOP('',(#1066,#1067,#1068,#1069));
#2669=EDGE_LOOP('',(#1070,#1071,#1072,#1073));
#2670=EDGE_LOOP('',(#1074,#1075,#1076,#1077,#1078,#1079));
#2671=EDGE_LOOP('',(#1080,#1081,#1082,#1083,#1084,#1085));
#2672=EDGE_LOOP('',(#1086,#1087,#1088,#1089,#1090,#1091));
#2673=EDGE_LOOP('',(#1092,#1093,#1094,#1095));
#2674=EDGE_LOOP('',(#1096,#1097,#1098,#1099));
#2675=EDGE_LOOP('',(#1100,#1101,#1102,#1103));
#2676=EDGE_LOOP('',(#1104,#1105,#1106,#1107));
#2677=EDGE_LOOP('',(#1108,#1109,#1110,#1111));
#2678=EDGE_LOOP('',(#1112,#1113,#1114,#1115));
#2679=EDGE_LOOP('',(#1116,#1117,#1118,#1119));
#2680=EDGE_LOOP('',(#1120,#1121,#1122,#1123,#1124,#1125,#1126,#1127,#1128,
#1129));
#2681=EDGE_LOOP('',(#1130,#1131,#1132,#1133));
#2682=EDGE_LOOP('',(#1134,#1135,#1136,#1137,#1138,#1139));
#2683=EDGE_LOOP('',(#1140,#1141,#1142,#1143));
#2684=EDGE_LOOP('',(#1144,#1145,#1146,#1147,#1148,#1149,#1150,#1151,#1152,
#1153));
#2685=EDGE_LOOP('',(#1154,#1155,#1156,#1157));
#2686=EDGE_LOOP('',(#1158,#1159,#1160,#1161));
#2687=EDGE_LOOP('',(#1162,#1163,#1164,#1165));
#2688=EDGE_LOOP('',(#1166,#1167,#1168,#1169));
#2689=EDGE_LOOP('',(#1170,#1171,#1172,#1173));
#2690=EDGE_LOOP('',(#1174,#1175,#1176,#1177));
#2691=EDGE_LOOP('',(#1178,#1179,#1180,#1181));
#2692=FACE_BOUND('',#2491,.T.);
#2693=FACE_BOUND('',#2492,.T.);
#2694=FACE_BOUND('',#2493,.T.);
#2695=FACE_BOUND('',#2494,.T.);
#2696=FACE_BOUND('',#2495,.T.);
#2697=FACE_BOUND('',#2496,.T.);
#2698=FACE_BOUND('',#2497,.T.);
#2699=FACE_BOUND('',#2498,.T.);
#2700=FACE_BOUND('',#2499,.T.);
#2701=FACE_BOUND('',#2500,.T.);
#2702=FACE_BOUND('',#2501,.T.);
#2703=FACE_BOUND('',#2502,.T.);
#2704=FACE_BOUND('',#2503,.T.);
#2705=FACE_BOUND('',#2504,.T.);
#2706=FACE_BOUND('',#2505,.T.);
#2707=FACE_BOUND('',#2506,.T.);
#2708=FACE_BOUND('',#2507,.T.);
#2709=FACE_BOUND('',#2508,.T.);
#2710=FACE_BOUND('',#2509,.T.);
#2711=FACE_BOUND('',#2510,.T.);
#2712=FACE_BOUND('',#2511,.T.);
#2713=FACE_BOUND('',#2512,.T.);
#2714=FACE_BOUND('',#2513,.T.);
#2715=FACE_BOUND('',#2514,.T.);
#2716=FACE_BOUND('',#2515,.T.);
#2717=FACE_BOUND('',#2516,.T.);
#2718=FACE_BOUND('',#2517,.T.);
#2719=FACE_BOUND('',#2518,.T.);
#2720=FACE_BOUND('',#2519,.T.);
#2721=FACE_BOUND('',#2520,.T.);
#2722=FACE_BOUND('',#2521,.T.);
#2723=FACE_BOUND('',#2522,.T.);
#2724=FACE_BOUND('',#2523,.T.);
#2725=FACE_BOUND('',#2524,.T.);
#2726=FACE_BOUND('',#2525,.T.);
#2727=FACE_BOUND('',#2526,.T.);
#2728=FACE_BOUND('',#2527,.T.);
#2729=FACE_BOUND('',#2528,.T.);
#2730=FACE_BOUND('',#2529,.T.);
#2731=FACE_BOUND('',#2530,.T.);
#2732=FACE_BOUND('',#2531,.T.);
#2733=FACE_BOUND('',#2532,.T.);
#2734=FACE_BOUND('',#2533,.T.);
#2735=FACE_BOUND('',#2534,.T.);
#2736=FACE_BOUND('',#2535,.T.);
#2737=FACE_BOUND('',#2536,.T.);
#2738=FACE_BOUND('',#2537,.T.);
#2739=FACE_BOUND('',#2538,.T.);
#2740=FACE_BOUND('',#2539,.T.);
#2741=FACE_BOUND('',#2540,.T.);
#2742=FACE_BOUND('',#2541,.T.);
#2743=FACE_BOUND('',#2542,.T.);
#2744=FACE_BOUND('',#2543,.T.);
#2745=FACE_BOUND('',#2544,.T.);
#2746=FACE_BOUND('',#2545,.T.);
#2747=FACE_BOUND('',#2546,.T.);
#2748=FACE_BOUND('',#2547,.T.);
#2749=FACE_BOUND('',#2548,.T.);
#2750=FACE_BOUND('',#2549,.T.);
#2751=FACE_BOUND('',#2550,.T.);
#2752=FACE_BOUND('',#2551,.T.);
#2753=FACE_BOUND('',#2552,.T.);
#2754=FACE_BOUND('',#2553,.T.);
#2755=FACE_BOUND('',#2554,.T.);
#2756=FACE_BOUND('',#2555,.T.);
#2757=FACE_BOUND('',#2556,.T.);
#2758=FACE_BOUND('',#2557,.T.);
#2759=FACE_BOUND('',#2558,.T.);
#2760=FACE_BOUND('',#2559,.T.);
#2761=FACE_BOUND('',#2560,.T.);
#2762=FACE_BOUND('',#2561,.T.);
#2763=FACE_BOUND('',#2562,.T.);
#2764=FACE_BOUND('',#2563,.T.);
#2765=FACE_BOUND('',#2564,.T.);
#2766=FACE_BOUND('',#2565,.T.);
#2767=FACE_BOUND('',#2566,.T.);
#2768=FACE_BOUND('',#2567,.T.);
#2769=FACE_BOUND('',#2568,.T.);
#2770=FACE_BOUND('',#2569,.T.);
#2771=FACE_BOUND('',#2570,.T.);
#2772=FACE_BOUND('',#2571,.T.);
#2773=FACE_BOUND('',#2572,.T.);
#2774=FACE_BOUND('',#2573,.T.);
#2775=FACE_BOUND('',#2574,.T.);
#2776=FACE_BOUND('',#2575,.T.);
#2777=FACE_BOUND('',#2576,.T.);
#2778=FACE_BOUND('',#2577,.T.);
#2779=FACE_BOUND('',#2578,.T.);
#2780=FACE_BOUND('',#2579,.T.);
#2781=FACE_BOUND('',#2580,.T.);
#2782=FACE_BOUND('',#2581,.T.);
#2783=FACE_BOUND('',#2582,.T.);
#2784=FACE_BOUND('',#2583,.T.);
#2785=FACE_BOUND('',#2584,.T.);
#2786=FACE_BOUND('',#2585,.T.);
#2787=FACE_BOUND('',#2586,.T.);
#2788=FACE_BOUND('',#2587,.T.);
#2789=FACE_BOUND('',#2588,.T.);
#2790=FACE_BOUND('',#2589,.T.);
#2791=FACE_BOUND('',#2590,.T.);
#2792=FACE_BOUND('',#2591,.T.);
#2793=FACE_BOUND('',#2592,.T.);
#2794=FACE_BOUND('',#2593,.T.);
#2795=FACE_BOUND('',#2594,.T.);
#2796=FACE_BOUND('',#2595,.T.);
#2797=FACE_BOUND('',#2596,.T.);
#2798=FACE_BOUND('',#2597,.T.);
#2799=FACE_BOUND('',#2598,.T.);
#2800=FACE_BOUND('',#2599,.T.);
#2801=FACE_BOUND('',#2600,.T.);
#2802=FACE_BOUND('',#2601,.T.);
#2803=FACE_BOUND('',#2602,.T.);
#2804=FACE_BOUND('',#2603,.T.);
#2805=FACE_BOUND('',#2604,.T.);
#2806=FACE_BOUND('',#2605,.T.);
#2807=FACE_BOUND('',#2606,.T.);
#2808=FACE_BOUND('',#2607,.T.);
#2809=FACE_BOUND('',#2608,.T.);
#2810=FACE_BOUND('',#2609,.T.);
#2811=FACE_BOUND('',#2610,.T.);
#2812=FACE_BOUND('',#2611,.T.);
#2813=FACE_BOUND('',#2612,.T.);
#2814=FACE_BOUND('',#2613,.T.);
#2815=FACE_BOUND('',#2614,.T.);
#2816=FACE_BOUND('',#2615,.T.);
#2817=FACE_BOUND('',#2616,.T.);
#2818=FACE_BOUND('',#2617,.T.);
#2819=FACE_BOUND('',#2618,.T.);
#2820=FACE_BOUND('',#2619,.T.);
#2821=FACE_BOUND('',#2620,.T.);
#2822=FACE_BOUND('',#2621,.T.);
#2823=FACE_BOUND('',#2622,.T.);
#2824=FACE_BOUND('',#2623,.T.);
#2825=FACE_BOUND('',#2624,.T.);
#2826=FACE_BOUND('',#2625,.T.);
#2827=FACE_BOUND('',#2626,.T.);
#2828=FACE_BOUND('',#2627,.T.);
#2829=FACE_BOUND('',#2628,.T.);
#2830=FACE_BOUND('',#2629,.T.);
#2831=FACE_BOUND('',#2630,.T.);
#2832=FACE_BOUND('',#2631,.T.);
#2833=FACE_BOUND('',#2632,.T.);
#2834=FACE_BOUND('',#2633,.T.);
#2835=FACE_BOUND('',#2634,.T.);
#2836=FACE_BOUND('',#2635,.T.);
#2837=FACE_BOUND('',#2636,.T.);
#2838=FACE_BOUND('',#2637,.T.);
#2839=FACE_BOUND('',#2638,.T.);
#2840=FACE_BOUND('',#2639,.T.);
#2841=FACE_BOUND('',#2640,.T.);
#2842=FACE_BOUND('',#2641,.T.);
#2843=FACE_BOUND('',#2642,.T.);
#2844=FACE_BOUND('',#2643,.T.);
#2845=FACE_BOUND('',#2644,.T.);
#2846=FACE_BOUND('',#2645,.T.);
#2847=FACE_BOUND('',#2646,.T.);
#2848=FACE_BOUND('',#2647,.T.);
#2849=FACE_BOUND('',#2648,.T.);
#2850=FACE_BOUND('',#2649,.T.);
#2851=FACE_BOUND('',#2650,.T.);
#2852=FACE_BOUND('',#2651,.T.);
#2853=FACE_BOUND('',#2652,.T.);
#2854=FACE_BOUND('',#2653,.T.);
#2855=FACE_BOUND('',#2654,.T.);
#2856=FACE_BOUND('',#2655,.T.);
#2857=FACE_BOUND('',#2656,.T.);
#2858=FACE_BOUND('',#2657,.T.);
#2859=FACE_BOUND('',#2658,.T.);
#2860=FACE_BOUND('',#2659,.T.);
#2861=FACE_BOUND('',#2660,.T.);
#2862=FACE_BOUND('',#2661,.T.);
#2863=FACE_BOUND('',#2662,.T.);
#2864=FACE_BOUND('',#2663,.T.);
#2865=FACE_BOUND('',#2664,.T.);
#2866=FACE_BOUND('',#2665,.T.);
#2867=FACE_BOUND('',#2666,.T.);
#2868=FACE_BOUND('',#2667,.T.);
#2869=FACE_BOUND('',#2668,.T.);
#2870=FACE_BOUND('',#2669,.T.);
#2871=FACE_BOUND('',#2670,.T.);
#2872=FACE_BOUND('',#2671,.T.);
#2873=FACE_BOUND('',#2672,.T.);
#2874=FACE_BOUND('',#2673,.T.);
#2875=FACE_BOUND('',#2674,.T.);
#2876=FACE_BOUND('',#2675,.T.);
#2877=FACE_BOUND('',#2676,.T.);
#2878=FACE_BOUND('',#2677,.T.);
#2879=FACE_BOUND('',#2678,.T.);
#2880=FACE_BOUND('',#2679,.T.);
#2881=FACE_BOUND('',#2680,.T.);
#2882=FACE_BOUND('',#2681,.T.);
#2883=FACE_BOUND('',#2682,.T.);
#2884=FACE_BOUND('',#2683,.T.);
#2885=FACE_BOUND('',#2684,.T.);
#2886=FACE_BOUND('',#2685,.T.);
#2887=FACE_BOUND('',#2686,.T.);
#2888=FACE_BOUND('',#2687,.T.);
#2889=FACE_BOUND('',#2688,.T.);
#2890=FACE_BOUND('',#2689,.T.);
#2891=FACE_BOUND('',#2690,.T.);
#2892=FACE_BOUND('',#2691,.T.);
#2893=PLANE('',#3176);
#2894=PLANE('',#3177);
#2895=PLANE('',#3178);
#2896=PLANE('',#3179);
#2897=PLANE('',#3180);
#2898=PLANE('',#3181);
#2899=PLANE('',#3182);
#2900=PLANE('',#3183);
#2901=PLANE('',#3184);
#2902=PLANE('',#3187);
#2903=PLANE('',#3188);
#2904=PLANE('',#3189);
#2905=PLANE('',#3192);
#2906=PLANE('',#3193);
#2907=PLANE('',#3194);
#2908=PLANE('',#3197);
#2909=PLANE('',#3201);
#2910=PLANE('',#3202);
#2911=PLANE('',#3203);
#2912=PLANE('',#3204);
#2913=PLANE('',#3205);
#2914=PLANE('',#3206);
#2915=PLANE('',#3207);
#2916=PLANE('',#3212);
#2917=PLANE('',#3214);
#2918=PLANE('',#3221);
#2919=PLANE('',#3222);
#2920=PLANE('',#3223);
#2921=PLANE('',#3224);
#2922=PLANE('',#3225);
#2923=PLANE('',#3226);
#2924=PLANE('',#3227);
#2925=PLANE('',#3228);
#2926=PLANE('',#3229);
#2927=PLANE('',#3230);
#2928=PLANE('',#3231);
#2929=PLANE('',#3232);
#2930=PLANE('',#3233);
#2931=PLANE('',#3234);
#2932=PLANE('',#3235);
#2933=PLANE('',#3236);
#2934=PLANE('',#3237);
#2935=PLANE('',#3238);
#2936=PLANE('',#3293);
#2937=PLANE('',#3294);
#2938=PLANE('',#3295);
#2939=PLANE('',#3296);
#2940=PLANE('',#3297);
#2941=PLANE('',#3298);
#2942=PLANE('',#3299);
#2943=PLANE('',#3311);
#2944=PLANE('',#3312);
#2945=PLANE('',#3313);
#2946=PLANE('',#3314);
#2947=PLANE('',#3315);
#2948=PLANE('',#3316);
#2949=PLANE('',#3317);
#2950=PLANE('',#3318);
#2951=PLANE('',#3319);
#2952=PLANE('',#3320);
#2953=PLANE('',#3321);
#2954=PLANE('',#3322);
#2955=PLANE('',#3323);
#2956=PLANE('',#3324);
#2957=PLANE('',#3325);
#2958=PLANE('',#3326);
#2959=PLANE('',#3327);
#2960=PLANE('',#3328);
#2961=PLANE('',#3329);
#2962=PLANE('',#3331);
#2963=PLANE('',#3333);
#2964=PLANE('',#3335);
#2965=PLANE('',#3337);
#2966=PLANE('',#3339);
#2967=PLANE('',#3353);
#2968=PLANE('',#3363);
#2969=PLANE('',#3364);
#2970=PLANE('',#3376);
#2971=PLANE('',#3381);
#2972=PLANE('',#3384);
#2973=PLANE('',#3385);
#2974=PLANE('',#3386);
#2975=PLANE('',#3387);
#2976=PLANE('',#3388);
#2977=PLANE('',#3389);
#2978=PLANE('',#3390);
#2979=PLANE('',#3391);
#2980=PLANE('',#3394);
#2981=PLANE('',#3397);
#2982=PLANE('',#3400);
#2983=PLANE('',#3401);
#2984=PLANE('',#3402);
#2985=PLANE('',#3403);
#2986=PLANE('',#3404);
#2987=PLANE('',#3405);
#2988=PLANE('',#3406);
#2989=PLANE('',#3407);
#2990=PLANE('',#3408);
#2991=PLANE('',#3409);
#2992=PLANE('',#3410);
#2993=PLANE('',#3411);
#2994=PLANE('',#3412);
#2995=ADVANCED_FACE('',(#2692),#2893,.T.);
#2996=ADVANCED_FACE('',(#2693),#2894,.T.);
#2997=ADVANCED_FACE('',(#2694),#2895,.T.);
#2998=ADVANCED_FACE('',(#2695),#2896,.T.);
#2999=ADVANCED_FACE('',(#2696),#2897,.T.);
#3000=ADVANCED_FACE('',(#2697),#147,.T.);
#3001=ADVANCED_FACE('',(#2698),#148,.F.);
#3002=ADVANCED_FACE('',(#2699),#149,.F.);
#3003=ADVANCED_FACE('',(#2700),#150,.T.);
#3004=ADVANCED_FACE('',(#2701),#2898,.T.);
#3005=ADVANCED_FACE('',(#2702),#2899,.F.);
#3006=ADVANCED_FACE('',(#2703),#2900,.T.);
#3007=ADVANCED_FACE('',(#2704),#2901,.T.);
#3008=ADVANCED_FACE('',(#2705),#2902,.F.);
#3009=ADVANCED_FACE('',(#2706),#2903,.T.);
#3010=ADVANCED_FACE('',(#2707),#2904,.T.);
#3011=ADVANCED_FACE('',(#2708),#2905,.F.);
#3012=ADVANCED_FACE('',(#2709),#2906,.T.);
#3013=ADVANCED_FACE('',(#2710),#2907,.T.);
#3014=ADVANCED_FACE('',(#2711),#2908,.T.);
#3015=ADVANCED_FACE('',(#2712),#2909,.F.);
#3016=ADVANCED_FACE('',(#2713),#2910,.T.);
#3017=ADVANCED_FACE('',(#2714),#2911,.F.);
#3018=ADVANCED_FACE('',(#2715),#2912,.T.);
#3019=ADVANCED_FACE('',(#2716),#2913,.F.);
#3020=ADVANCED_FACE('',(#2717),#2914,.T.);
#3021=ADVANCED_FACE('',(#2718,#2719,#2720,#2721),#2915,.T.);
#3022=ADVANCED_FACE('',(#2722,#2723),#2916,.T.);
#3023=ADVANCED_FACE('',(#2724,#2725,#2726,#2727,#2728,#2729),#2917,.T.);
#3024=ADVANCED_FACE('',(#2730),#2918,.T.);
#3025=ADVANCED_FACE('',(#2731),#2919,.T.);
#3026=ADVANCED_FACE('',(#2732),#2920,.T.);
#3027=ADVANCED_FACE('',(#2733),#2921,.T.);
#3028=ADVANCED_FACE('',(#2734),#2922,.T.);
#3029=ADVANCED_FACE('',(#2735),#2923,.T.);
#3030=ADVANCED_FACE('',(#2736),#2924,.F.);
#3031=ADVANCED_FACE('',(#2737),#2925,.T.);
#3032=ADVANCED_FACE('',(#2738),#2926,.F.);
#3033=ADVANCED_FACE('',(#2739),#2927,.T.);
#3034=ADVANCED_FACE('',(#2740),#2928,.F.);
#3035=ADVANCED_FACE('',(#2741),#2929,.T.);
#3036=ADVANCED_FACE('',(#2742),#2930,.F.);
#3037=ADVANCED_FACE('',(#2743),#2931,.T.);
#3038=ADVANCED_FACE('',(#2744),#2932,.T.);
#3039=ADVANCED_FACE('',(#2745),#2933,.F.);
#3040=ADVANCED_FACE('',(#2746),#2934,.F.);
#3041=ADVANCED_FACE('',(#2747),#2935,.T.);
#3042=ADVANCED_FACE('',(#2748),#151,.T.);
#3043=ADVANCED_FACE('',(#2749),#24,.T.);
#3044=ADVANCED_FACE('',(#2750),#25,.F.);
#3045=ADVANCED_FACE('',(#2751),#26,.T.);
#3046=ADVANCED_FACE('',(#2752),#27,.T.);
#3047=ADVANCED_FACE('',(#2753),#28,.F.);
#3048=ADVANCED_FACE('',(#2754),#29,.T.);
#3049=ADVANCED_FACE('',(#2755),#30,.T.);
#3050=ADVANCED_FACE('',(#2756),#31,.F.);
#3051=ADVANCED_FACE('',(#2757),#32,.T.);
#3052=ADVANCED_FACE('',(#2758),#33,.T.);
#3053=ADVANCED_FACE('',(#2759),#34,.F.);
#3054=ADVANCED_FACE('',(#2760),#35,.T.);
#3055=ADVANCED_FACE('',(#2761),#36,.T.);
#3056=ADVANCED_FACE('',(#2762),#37,.F.);
#3057=ADVANCED_FACE('',(#2763),#38,.T.);
#3058=ADVANCED_FACE('',(#2764),#39,.T.);
#3059=ADVANCED_FACE('',(#2765),#40,.F.);
#3060=ADVANCED_FACE('',(#2766),#41,.T.);
#3061=ADVANCED_FACE('',(#2767),#2936,.T.);
#3062=ADVANCED_FACE('',(#2768),#2937,.T.);
#3063=ADVANCED_FACE('',(#2769),#2938,.T.);
#3064=ADVANCED_FACE('',(#2770),#2939,.T.);
#3065=ADVANCED_FACE('',(#2771),#2940,.T.);
#3066=ADVANCED_FACE('',(#2772),#2941,.T.);
#3067=ADVANCED_FACE('',(#2773,#2774,#2775,#2776,#2777,#2778,#2779,#2780,
#2781,#2782,#2783,#2784),#2942,.F.);
#3068=ADVANCED_FACE('',(#2785),#152,.T.);
#3069=ADVANCED_FACE('',(#2786),#153,.T.);
#3070=ADVANCED_FACE('',(#2787),#2943,.T.);
#3071=ADVANCED_FACE('',(#2788),#2944,.T.);
#3072=ADVANCED_FACE('',(#2789),#2945,.T.);
#3073=ADVANCED_FACE('',(#2790),#2946,.T.);
#3074=ADVANCED_FACE('',(#2791),#2947,.T.);
#3075=ADVANCED_FACE('',(#2792),#2948,.T.);
#3076=ADVANCED_FACE('',(#2793),#2949,.F.);
#3077=ADVANCED_FACE('',(#2794),#2950,.T.);
#3078=ADVANCED_FACE('',(#2795),#2951,.F.);
#3079=ADVANCED_FACE('',(#2796),#2952,.T.);
#3080=ADVANCED_FACE('',(#2797),#2953,.F.);
#3081=ADVANCED_FACE('',(#2798),#2954,.T.);
#3082=ADVANCED_FACE('',(#2799),#2955,.F.);
#3083=ADVANCED_FACE('',(#2800),#2956,.T.);
#3084=ADVANCED_FACE('',(#2801),#2957,.F.);
#3085=ADVANCED_FACE('',(#2802),#2958,.T.);
#3086=ADVANCED_FACE('',(#2803),#2959,.F.);
#3087=ADVANCED_FACE('',(#2804),#2960,.T.);
#3088=ADVANCED_FACE('',(#2805),#2961,.T.);
#3089=ADVANCED_FACE('',(#2806),#2962,.T.);
#3090=ADVANCED_FACE('',(#2807),#2963,.T.);
#3091=ADVANCED_FACE('',(#2808),#2964,.T.);
#3092=ADVANCED_FACE('',(#2809),#2965,.T.);
#3093=ADVANCED_FACE('',(#2810),#2966,.T.);
#3094=ADVANCED_FACE('',(#2811),#18,.F.);
#3095=ADVANCED_FACE('',(#2812),#19,.F.);
#3096=ADVANCED_FACE('',(#2813),#20,.F.);
#3097=ADVANCED_FACE('',(#2814),#21,.F.);
#3098=ADVANCED_FACE('',(#2815),#22,.F.);
#3099=ADVANCED_FACE('',(#2816),#23,.F.);
#3100=ADVANCED_FACE('',(#2817,#2818,#2819),#2967,.T.);
#3101=ADVANCED_FACE('',(#2820),#154,.T.);
#3102=ADVANCED_FACE('',(#2821),#155,.F.);
#3103=ADVANCED_FACE('',(#2822),#156,.T.);
#3104=ADVANCED_FACE('',(#2823),#157,.T.);
#3105=ADVANCED_FACE('',(#2824),#158,.F.);
#3106=ADVANCED_FACE('',(#2825),#159,.T.);
#3107=ADVANCED_FACE('',(#2826),#160,.T.);
#3108=ADVANCED_FACE('',(#2827),#161,.F.);
#3109=ADVANCED_FACE('',(#2828),#162,.T.);
#3110=ADVANCED_FACE('',(#2829),#163,.F.);
#3111=ADVANCED_FACE('',(#2830),#42,.F.);
#3112=ADVANCED_FACE('',(#2831),#164,.T.);
#3113=ADVANCED_FACE('',(#2832),#165,.T.);
#3114=ADVANCED_FACE('',(#2833),#43,.T.);
#3115=ADVANCED_FACE('',(#2834),#44,.T.);
#3116=ADVANCED_FACE('',(#2835),#45,.T.);
#3117=ADVANCED_FACE('',(#2836),#166,.F.);
#3118=ADVANCED_FACE('',(#2837),#167,.F.);
#3119=ADVANCED_FACE('',(#2838),#2968,.F.);
#3120=ADVANCED_FACE('',(#2839),#2969,.T.);
#3121=ADVANCED_FACE('',(#2840,#2841),#46,.F.);
#3122=ADVANCED_FACE('',(#2842,#2843),#47,.F.);
#3123=ADVANCED_FACE('',(#2844,#2845),#48,.F.);
#3124=ADVANCED_FACE('',(#2846,#2847),#49,.F.);
#3125=ADVANCED_FACE('',(#2848,#2849),#50,.F.);
#3126=ADVANCED_FACE('',(#2850,#2851),#51,.F.);
#3127=ADVANCED_FACE('',(#2852,#2853),#52,.F.);
#3128=ADVANCED_FACE('',(#2854,#2855),#53,.F.);
#3129=ADVANCED_FACE('',(#2856,#2857),#54,.F.);
#3130=ADVANCED_FACE('',(#2858,#2859),#55,.F.);
#3131=ADVANCED_FACE('',(#2860,#2861),#56,.F.);
#3132=ADVANCED_FACE('',(#2862),#2970,.T.);
#3133=ADVANCED_FACE('',(#2863),#12,.F.);
#3134=ADVANCED_FACE('',(#2864),#13,.F.);
#3135=ADVANCED_FACE('',(#2865),#2971,.T.);
#3136=ADVANCED_FACE('',(#2866),#14,.F.);
#3137=ADVANCED_FACE('',(#2867),#2972,.T.);
#3138=ADVANCED_FACE('',(#2868),#2973,.T.);
#3139=ADVANCED_FACE('',(#2869),#2974,.T.);
#3140=ADVANCED_FACE('',(#2870),#2975,.T.);
#3141=ADVANCED_FACE('',(#2871),#2976,.T.);
#3142=ADVANCED_FACE('',(#2872),#2977,.T.);
#3143=ADVANCED_FACE('',(#2873),#2978,.T.);
#3144=ADVANCED_FACE('',(#2874),#2979,.T.);
#3145=ADVANCED_FACE('',(#2875),#15,.F.);
#3146=ADVANCED_FACE('',(#2876),#2980,.T.);
#3147=ADVANCED_FACE('',(#2877),#16,.F.);
#3148=ADVANCED_FACE('',(#2878),#2981,.T.);
#3149=ADVANCED_FACE('',(#2879),#17,.F.);
#3150=ADVANCED_FACE('',(#2880),#2982,.T.);
#3151=ADVANCED_FACE('',(#2881),#2983,.T.);
#3152=ADVANCED_FACE('',(#2882),#2984,.F.);
#3153=ADVANCED_FACE('',(#2883),#2985,.T.);
#3154=ADVANCED_FACE('',(#2884),#2986,.T.);
#3155=ADVANCED_FACE('',(#2885),#2987,.T.);
#3156=ADVANCED_FACE('',(#2886),#2988,.F.);
#3157=ADVANCED_FACE('',(#2887),#2989,.F.);
#3158=ADVANCED_FACE('',(#2888),#2990,.F.);
#3159=ADVANCED_FACE('',(#2889),#2991,.F.);
#3160=ADVANCED_FACE('',(#2890),#2992,.F.);
#3161=ADVANCED_FACE('',(#2891),#2993,.F.);
#3162=ADVANCED_FACE('',(#2892),#2994,.F.);
#3163=CLOSED_SHELL('',(#2995,#2996,#2997,#2998,#2999,#3000,#3001,#3002,
#3003,#3004,#3005,#3006,#3007,#3008,#3009,#3010,#3011,#3012,#3013,#3014,
#3015,#3016,#3017,#3018,#3019,#3020,#3021,#3022,#3023,#3024,#3025,#3026,
#3027,#3028,#3029,#3030,#3031,#3032,#3033,#3034,#3035,#3036,#3037,#3038,
#3039,#3040,#3041,#3042,#3043,#3044,#3045,#3046,#3047,#3048,#3049,#3050,
#3051,#3052,#3053,#3054,#3055,#3056,#3057,#3058,#3059,#3060,#3061,#3062,
#3063,#3064,#3065,#3066,#3067,#3068,#3069,#3070,#3071,#3072,#3073,#3074,
#3075,#3076,#3077,#3078,#3079,#3080,#3081,#3082,#3083,#3084,#3085,#3086,
#3087,#3088,#3089,#3090,#3091,#3092,#3093,#3094,#3095,#3096,#3097,#3098,
#3099,#3100,#3101,#3102,#3103,#3104,#3105,#3106,#3107,#3108,#3109,#3110,
#3111,#3112,#3113,#3114,#3115,#3116,#3117,#3118,#3119,#3120,#3121,#3122,
#3123,#3124,#3125,#3126,#3127,#3128,#3129,#3130,#3131,#3132,#3133,#3134,
#3135,#3136,#3137,#3138,#3139,#3140,#3141,#3142,#3143,#3144,#3145,#3146,
#3147,#3148,#3149,#3150,#3151,#3152,#3153,#3154,#3155,#3156,#3157,#3158,
#3159,#3160,#3161,#3162));
#3164=STYLED_ITEM('',(#3165),#3172);
#3165=PRESENTATION_STYLE_ASSIGNMENT((#3166));
#3166=SURFACE_STYLE_USAGE(.BOTH.,#3167);
#3167=SURFACE_SIDE_STYLE('',(#3168));
#3168=SURFACE_STYLE_FILL_AREA(#3169);
#3169=FILL_AREA_STYLE('',(#3170));
#3170=FILL_AREA_STYLE_COLOUR('',#3171);
#3171=COLOUR_RGB('',0.615686274509804,0.811764705882353,0.929411764705882);
#3172=MANIFOLD_SOLID_BREP('Main',#3163);
#3173=SHAPE_DEFINITION_REPRESENTATION(#6491,#3174);
#3174=SHAPE_REPRESENTATION('Main',(#3175),#6486);
#3175=AXIS2_PLACEMENT_3D('',#4162,#3413,#3414);
#3176=AXIS2_PLACEMENT_3D('',#4163,#3415,#3416);
#3177=AXIS2_PLACEMENT_3D('',#4172,#3421,#3422);
#3178=AXIS2_PLACEMENT_3D('',#4181,#3427,#3428);
#3179=AXIS2_PLACEMENT_3D('',#4190,#3433,#3434);
#3180=AXIS2_PLACEMENT_3D('',#4199,#3439,#3440);
#3181=AXIS2_PLACEMENT_3D('',#4542,#3451,#3452);
#3182=AXIS2_PLACEMENT_3D('',#4578,#3456,#3457);
#3183=AXIS2_PLACEMENT_3D('',#4603,#3465,#3466);
#3184=AXIS2_PLACEMENT_3D('',#4628,#3474,#3475);
#3185=AXIS2_PLACEMENT_3D('',#4629,#3476,#3477);
#3186=AXIS2_PLACEMENT_3D('',#4630,#3478,#3479);
#3187=AXIS2_PLACEMENT_3D('',#4631,#3480,#3481);
#3188=AXIS2_PLACEMENT_3D('',#4656,#3489,#3490);
#3189=AXIS2_PLACEMENT_3D('',#4681,#3498,#3499);
#3190=AXIS2_PLACEMENT_3D('',#4682,#3500,#3501);
#3191=AXIS2_PLACEMENT_3D('',#4683,#3502,#3503);
#3192=AXIS2_PLACEMENT_3D('',#4684,#3504,#3505);
#3193=AXIS2_PLACEMENT_3D('',#4709,#3513,#3514);
#3194=AXIS2_PLACEMENT_3D('',#4734,#3522,#3523);
#3195=AXIS2_PLACEMENT_3D('',#4735,#3524,#3525);
#3196=AXIS2_PLACEMENT_3D('',#4736,#3526,#3527);
#3197=AXIS2_PLACEMENT_3D('',#4737,#3528,#3529);
#3198=AXIS2_PLACEMENT_3D('',#4738,#3530,#3531);
#3199=AXIS2_PLACEMENT_3D('',#4750,#3534,#3535);
#3200=AXIS2_PLACEMENT_3D('',#4800,#3540,#3541);
#3201=AXIS2_PLACEMENT_3D('',#4810,#3544,#3545);
#3202=AXIS2_PLACEMENT_3D('',#4830,#3551,#3552);
#3203=AXIS2_PLACEMENT_3D('',#4850,#3558,#3559);
#3204=AXIS2_PLACEMENT_3D('',#4870,#3565,#3566);
#3205=AXIS2_PLACEMENT_3D('',#4890,#3572,#3573);
#3206=AXIS2_PLACEMENT_3D('',#4910,#3579,#3580);
#3207=AXIS2_PLACEMENT_3D('',#4930,#3586,#3587);
#3208=AXIS2_PLACEMENT_3D('',#4931,#3588,#3589);
#3209=AXIS2_PLACEMENT_3D('',#4933,#3590,#3591);
#3210=AXIS2_PLACEMENT_3D('',#4935,#3592,#3593);
#3211=AXIS2_PLACEMENT_3D('',#5053,#3603,#3604);
#3212=AXIS2_PLACEMENT_3D('',#5059,#3608,#3609);
#3213=AXIS2_PLACEMENT_3D('',#5060,#3610,#3611);
#3214=AXIS2_PLACEMENT_3D('',#5110,#3617,#3618);
#3215=AXIS2_PLACEMENT_3D('',#5111,#3619,#3620);
#3216=AXIS2_PLACEMENT_3D('',#5113,#3621,#3622);
#3217=AXIS2_PLACEMENT_3D('',#5115,#3623,#3624);
#3218=AXIS2_PLACEMENT_3D('',#5117,#3625,#3626);
#3219=AXIS2_PLACEMENT_3D('',#5119,#3627,#3628);
#3220=AXIS2_PLACEMENT_3D('',#5158,#3635,#3636);
#3221=AXIS2_PLACEMENT_3D('',#5198,#3642,#3643);
#3222=AXIS2_PLACEMENT_3D('',#5204,#3647,#3648);
#3223=AXIS2_PLACEMENT_3D('',#5210,#3652,#3653);
#3224=AXIS2_PLACEMENT_3D('',#5216,#3657,#3658);
#3225=AXIS2_PLACEMENT_3D('',#5224,#3664,#3665);
#3226=AXIS2_PLACEMENT_3D('',#5232,#3671,#3672);
#3227=AXIS2_PLACEMENT_3D('',#5241,#3677,#3678);
#3228=AXIS2_PLACEMENT_3D('',#5249,#3683,#3684);
#3229=AXIS2_PLACEMENT_3D('',#5255,#3688,#3689);
#3230=AXIS2_PLACEMENT_3D('',#5261,#3693,#3694);
#3231=AXIS2_PLACEMENT_3D('',#5267,#3698,#3699);
#3232=AXIS2_PLACEMENT_3D('',#5273,#3703,#3704);
#3233=AXIS2_PLACEMENT_3D('',#5279,#3708,#3709);
#3234=AXIS2_PLACEMENT_3D('',#5285,#3713,#3714);
#3235=AXIS2_PLACEMENT_3D('',#5291,#3718,#3719);
#3236=AXIS2_PLACEMENT_3D('',#5297,#3723,#3724);
#3237=AXIS2_PLACEMENT_3D('',#5303,#3728,#3729);
#3238=AXIS2_PLACEMENT_3D('',#5311,#3734,#3735);
#3239=AXIS2_PLACEMENT_3D('',#5483,#3745,#3746);
#3240=AXIS2_PLACEMENT_3D('',#5484,#3747,#3748);
#3241=AXIS2_PLACEMENT_3D('',#5491,#3749,#3750);
#3242=AXIS2_PLACEMENT_3D('',#5494,#3752,#3753);
#3243=AXIS2_PLACEMENT_3D('',#5498,#3755,#3756);
#3244=AXIS2_PLACEMENT_3D('',#5499,#3757,#3758);
#3245=AXIS2_PLACEMENT_3D('',#5500,#3759,#3760);
#3246=AXIS2_PLACEMENT_3D('',#5506,#3761,#3762);
#3247=AXIS2_PLACEMENT_3D('',#5507,#3763,#3764);
#3248=AXIS2_PLACEMENT_3D('',#5508,#3765,#3766);
#3249=AXIS2_PLACEMENT_3D('',#5509,#3767,#3768);
#3250=AXIS2_PLACEMENT_3D('',#5516,#3769,#3770);
#3251=AXIS2_PLACEMENT_3D('',#5519,#3772,#3773);
#3252=AXIS2_PLACEMENT_3D('',#5523,#3775,#3776);
#3253=AXIS2_PLACEMENT_3D('',#5524,#3777,#3778);
#3254=AXIS2_PLACEMENT_3D('',#5525,#3779,#3780);
#3255=AXIS2_PLACEMENT_3D('',#5531,#3781,#3782);
#3256=AXIS2_PLACEMENT_3D('',#5532,#3783,#3784);
#3257=AXIS2_PLACEMENT_3D('',#5533,#3785,#3786);
#3258=AXIS2_PLACEMENT_3D('',#5534,#3787,#3788);
#3259=AXIS2_PLACEMENT_3D('',#5541,#3789,#3790);
#3260=AXIS2_PLACEMENT_3D('',#5544,#3792,#3793);
#3261=AXIS2_PLACEMENT_3D('',#5548,#3795,#3796);
#3262=AXIS2_PLACEMENT_3D('',#5549,#3797,#3798);
#3263=AXIS2_PLACEMENT_3D('',#5550,#3799,#3800);
#3264=AXIS2_PLACEMENT_3D('',#5556,#3801,#3802);
#3265=AXIS2_PLACEMENT_3D('',#5557,#3803,#3804);
#3266=AXIS2_PLACEMENT_3D('',#5558,#3805,#3806);
#3267=AXIS2_PLACEMENT_3D('',#5559,#3807,#3808);
#3268=AXIS2_PLACEMENT_3D('',#5566,#3809,#3810);
#3269=AXIS2_PLACEMENT_3D('',#5569,#3812,#3813);
#3270=AXIS2_PLACEMENT_3D('',#5573,#3815,#3816);
#3271=AXIS2_PLACEMENT_3D('',#5574,#3817,#3818);
#3272=AXIS2_PLACEMENT_3D('',#5575,#3819,#3820);
#3273=AXIS2_PLACEMENT_3D('',#5581,#3821,#3822);
#3274=AXIS2_PLACEMENT_3D('',#5582,#3823,#3824);
#3275=AXIS2_PLACEMENT_3D('',#5583,#3825,#3826);
#3276=AXIS2_PLACEMENT_3D('',#5584,#3827,#3828);
#3277=AXIS2_PLACEMENT_3D('',#5591,#3829,#3830);
#3278=AXIS2_PLACEMENT_3D('',#5594,#3832,#3833);
#3279=AXIS2_PLACEMENT_3D('',#5598,#3835,#3836);
#3280=AXIS2_PLACEMENT_3D('',#5599,#3837,#3838);
#3281=AXIS2_PLACEMENT_3D('',#5600,#3839,#3840);
#3282=AXIS2_PLACEMENT_3D('',#5606,#3841,#3842);
#3283=AXIS2_PLACEMENT_3D('',#5607,#3843,#3844);
#3284=AXIS2_PLACEMENT_3D('',#5608,#3845,#3846);
#3285=AXIS2_PLACEMENT_3D('',#5609,#3847,#3848);
#3286=AXIS2_PLACEMENT_3D('',#5616,#3849,#3850);
#3287=AXIS2_PLACEMENT_3D('',#5619,#3852,#3853);
#3288=AXIS2_PLACEMENT_3D('',#5623,#3855,#3856);
#3289=AXIS2_PLACEMENT_3D('',#5624,#3857,#3858);
#3290=AXIS2_PLACEMENT_3D('',#5625,#3859,#3860);
#3291=AXIS2_PLACEMENT_3D('',#5631,#3861,#3862);
#3292=AXIS2_PLACEMENT_3D('',#5632,#3863,#3864);
#3293=AXIS2_PLACEMENT_3D('',#5633,#3865,#3866);
#3294=AXIS2_PLACEMENT_3D('',#5637,#3870,#3871);
#3295=AXIS2_PLACEMENT_3D('',#5641,#3875,#3876);
#3296=AXIS2_PLACEMENT_3D('',#5645,#3880,#3881);
#3297=AXIS2_PLACEMENT_3D('',#5649,#3885,#3886);
#3298=AXIS2_PLACEMENT_3D('',#5653,#3890,#3891);
#3299=AXIS2_PLACEMENT_3D('',#5657,#3895,#3896);
#3300=AXIS2_PLACEMENT_3D('',#5658,#3897,#3898);
#3301=AXIS2_PLACEMENT_3D('',#5660,#3899,#3900);
#3302=AXIS2_PLACEMENT_3D('',#5662,#3901,#3902);
#3303=AXIS2_PLACEMENT_3D('',#5664,#3903,#3904);
#3304=AXIS2_PLACEMENT_3D('',#5666,#3905,#3906);
#3305=AXIS2_PLACEMENT_3D('',#5668,#3907,#3908);
#3306=AXIS2_PLACEMENT_3D('',#5670,#3909,#3910);
#3307=AXIS2_PLACEMENT_3D('',#5672,#3911,#3912);
#3308=AXIS2_PLACEMENT_3D('',#5674,#3913,#3914);
#3309=AXIS2_PLACEMENT_3D('',#5676,#3915,#3916);
#3310=AXIS2_PLACEMENT_3D('',#5678,#3917,#3918);
#3311=AXIS2_PLACEMENT_3D('',#5795,#3921,#3922);
#3312=AXIS2_PLACEMENT_3D('',#5797,#3924,#3925);
#3313=AXIS2_PLACEMENT_3D('',#5799,#3927,#3928);
#3314=AXIS2_PLACEMENT_3D('',#5801,#3930,#3931);
#3315=AXIS2_PLACEMENT_3D('',#5803,#3933,#3934);
#3316=AXIS2_PLACEMENT_3D('',#5805,#3936,#3937);
#3317=AXIS2_PLACEMENT_3D('',#5807,#3939,#3940);
#3318=AXIS2_PLACEMENT_3D('',#5809,#3942,#3943);
#3319=AXIS2_PLACEMENT_3D('',#5810,#3944,#3945);
#3320=AXIS2_PLACEMENT_3D('',#5811,#3946,#3947);
#3321=AXIS2_PLACEMENT_3D('',#5812,#3948,#3949);
#3322=AXIS2_PLACEMENT_3D('',#5813,#3950,#3951);
#3323=AXIS2_PLACEMENT_3D('',#5814,#3952,#3953);
#3324=AXIS2_PLACEMENT_3D('',#5815,#3954,#3955);
#3325=AXIS2_PLACEMENT_3D('',#5816,#3956,#3957);
#3326=AXIS2_PLACEMENT_3D('',#5817,#3958,#3959);
#3327=AXIS2_PLACEMENT_3D('',#5818,#3960,#3961);
#3328=AXIS2_PLACEMENT_3D('',#5820,#3963,#3964);
#3329=AXIS2_PLACEMENT_3D('',#5822,#3966,#3967);
#3330=AXIS2_PLACEMENT_3D('',#5823,#3968,#3969);
#3331=AXIS2_PLACEMENT_3D('',#5824,#3970,#3971);
#3332=AXIS2_PLACEMENT_3D('',#5825,#3972,#3973);
#3333=AXIS2_PLACEMENT_3D('',#5826,#3974,#3975);
#3334=AXIS2_PLACEMENT_3D('',#5827,#3976,#3977);
#3335=AXIS2_PLACEMENT_3D('',#5828,#3978,#3979);
#3336=AXIS2_PLACEMENT_3D('',#5829,#3980,#3981);
#3337=AXIS2_PLACEMENT_3D('',#5830,#3982,#3983);
#3338=AXIS2_PLACEMENT_3D('',#5831,#3984,#3985);
#3339=AXIS2_PLACEMENT_3D('',#5832,#3986,#3987);
#3340=AXIS2_PLACEMENT_3D('',#5833,#3988,#3989);
#3341=AXIS2_PLACEMENT_3D('',#5834,#3990,#3991);
#3342=AXIS2_PLACEMENT_3D('',#5835,#3992,#3993);
#3343=AXIS2_PLACEMENT_3D('',#5836,#3994,#3995);
#3344=AXIS2_PLACEMENT_3D('',#5837,#3996,#3997);
#3345=AXIS2_PLACEMENT_3D('',#5838,#3998,#3999);
#3346=AXIS2_PLACEMENT_3D('',#5839,#4000,#4001);
#3347=AXIS2_PLACEMENT_3D('',#5840,#4002,#4003);
#3348=AXIS2_PLACEMENT_3D('',#5841,#4004,#4005);
#3349=AXIS2_PLACEMENT_3D('',#5842,#4006,#4007);
#3350=AXIS2_PLACEMENT_3D('',#5843,#4008,#4009);
#3351=AXIS2_PLACEMENT_3D('',#5844,#4010,#4011);
#3352=AXIS2_PLACEMENT_3D('',#5845,#4012,#4013);
#3353=AXIS2_PLACEMENT_3D('',#5846,#4014,#4015);
#3354=AXIS2_PLACEMENT_3D('',#5847,#4016,#4017);
#3355=AXIS2_PLACEMENT_3D('',#5849,#4018,#4019);
#3356=AXIS2_PLACEMENT_3D('',#5873,#4021,#4022);
#3357=AXIS2_PLACEMENT_3D('',#5915,#4024,#4025);
#3358=AXIS2_PLACEMENT_3D('',#6350,#4036,#4037);
#3359=AXIS2_PLACEMENT_3D('',#6353,#4039,#4040);
#3360=AXIS2_PLACEMENT_3D('',#6402,#4042,#4043);
#3361=AXIS2_PLACEMENT_3D('',#6403,#4044,#4045);
#3362=AXIS2_PLACEMENT_3D('',#6404,#4046,#4047);
#3363=AXIS2_PLACEMENT_3D('',#6421,#4048,#4049);
#3364=AXIS2_PLACEMENT_3D('',#6422,#4050,#4051);
#3365=AXIS2_PLACEMENT_3D('',#6423,#4052,#4053);
#3366=AXIS2_PLACEMENT_3D('',#6424,#4054,#4055);
#3367=AXIS2_PLACEMENT_3D('',#6425,#4056,#4057);
#3368=AXIS2_PLACEMENT_3D('',#6426,#4058,#4059);
#3369=AXIS2_PLACEMENT_3D('',#6427,#4060,#4061);
#3370=AXIS2_PLACEMENT_3D('',#6428,#4062,#4063);
#3371=AXIS2_PLACEMENT_3D('',#6429,#4064,#4065);
#3372=AXIS2_PLACEMENT_3D('',#6430,#4066,#4067);
#3373=AXIS2_PLACEMENT_3D('',#6431,#4068,#4069);
#3374=AXIS2_PLACEMENT_3D('',#6432,#4070,#4071);
#3375=AXIS2_PLACEMENT_3D('',#6433,#4072,#4073);
#3376=AXIS2_PLACEMENT_3D('',#6434,#4074,#4075);
#3377=AXIS2_PLACEMENT_3D('',#6435,#4076,#4077);
#3378=AXIS2_PLACEMENT_3D('',#6436,#4078,#4079);
#3379=AXIS2_PLACEMENT_3D('',#6437,#4080,#4081);
#3380=AXIS2_PLACEMENT_3D('',#6438,#4082,#4083);
#3381=AXIS2_PLACEMENT_3D('',#6439,#4084,#4085);
#3382=AXIS2_PLACEMENT_3D('',#6440,#4086,#4087);
#3383=AXIS2_PLACEMENT_3D('',#6441,#4088,#4089);
#3384=AXIS2_PLACEMENT_3D('',#6442,#4090,#4091);
#3385=AXIS2_PLACEMENT_3D('',#6443,#4092,#4093);
#3386=AXIS2_PLACEMENT_3D('',#6445,#4095,#4096);
#3387=AXIS2_PLACEMENT_3D('',#6446,#4097,#4098);
#3388=AXIS2_PLACEMENT_3D('',#6447,#4099,#4100);
#3389=AXIS2_PLACEMENT_3D('',#6449,#4102,#4103);
#3390=AXIS2_PLACEMENT_3D('',#6451,#4105,#4106);
#3391=AXIS2_PLACEMENT_3D('',#6453,#4108,#4109);
#3392=AXIS2_PLACEMENT_3D('',#6454,#4110,#4111);
#3393=AXIS2_PLACEMENT_3D('',#6455,#4112,#4113);
#3394=AXIS2_PLACEMENT_3D('',#6456,#4114,#4115);
#3395=AXIS2_PLACEMENT_3D('',#6457,#4116,#4117);
#3396=AXIS2_PLACEMENT_3D('',#6458,#4118,#4119);
#3397=AXIS2_PLACEMENT_3D('',#6459,#4120,#4121);
#3398=AXIS2_PLACEMENT_3D('',#6460,#4122,#4123);
#3399=AXIS2_PLACEMENT_3D('',#6461,#4124,#4125);
#3400=AXIS2_PLACEMENT_3D('',#6462,#4126,#4127);
#3401=AXIS2_PLACEMENT_3D('',#6464,#4129,#4130);
#3402=AXIS2_PLACEMENT_3D('',#6468,#4134,#4135);
#3403=AXIS2_PLACEMENT_3D('',#6470,#4137,#4138);
#3404=AXIS2_PLACEMENT_3D('',#6472,#4140,#4141);
#3405=AXIS2_PLACEMENT_3D('',#6474,#4143,#4144);
#3406=AXIS2_PLACEMENT_3D('',#6478,#4148,#4149);
#3407=AXIS2_PLACEMENT_3D('',#6479,#4150,#4151);
#3408=AXIS2_PLACEMENT_3D('',#6480,#4152,#4153);
#3409=AXIS2_PLACEMENT_3D('',#6481,#4154,#4155);
#3410=AXIS2_PLACEMENT_3D('',#6482,#4156,#4157);
#3411=AXIS2_PLACEMENT_3D('',#6483,#4158,#4159);
#3412=AXIS2_PLACEMENT_3D('',#6484,#4160,#4161);
#3413=DIRECTION('',(0.,0.,1.));
#3414=DIRECTION('',(1.,0.,0.));
#3415=DIRECTION('',(0.,1.,0.));
#3416=DIRECTION('',(0.,0.,1.));
#3417=DIRECTION('',(0.,0.,1.));
#3418=DIRECTION('',(1.,0.,0.));
#3419=DIRECTION('',(0.,0.,1.));
#3420=DIRECTION('',(-1.,0.,0.));
#3421=DIRECTION('',(0.,1.,0.));
#3422=DIRECTION('',(0.,0.,1.));
#3423=DIRECTION('',(0.,0.,1.));
#3424=DIRECTION('',(1.,0.,0.));
#3425=DIRECTION('',(0.,0.,1.));
#3426=DIRECTION('',(-1.,0.,0.));
#3427=DIRECTION('',(-1.60622544071926E-16,1.,0.));
#3428=DIRECTION('',(-1.,-1.60622544071926E-16,0.));
#3429=DIRECTION('',(0.,0.,1.));
#3430=DIRECTION('',(1.,1.60622544071926E-16,0.));
#3431=DIRECTION('',(0.,0.,1.));
#3432=DIRECTION('',(-1.,-1.60622544071926E-16,0.));
#3433=DIRECTION('',(0.,1.,0.));
#3434=DIRECTION('',(0.,0.,1.));
#3435=DIRECTION('',(0.,0.,1.));
#3436=DIRECTION('',(1.,0.,0.));
#3437=DIRECTION('',(0.,0.,1.));
#3438=DIRECTION('',(-1.,0.,0.));
#3439=DIRECTION('',(0.,0.,1.));
#3440=DIRECTION('',(1.,0.,0.));
#3441=DIRECTION('',(-0.850801990816627,-0.525486415069376,0.));
#3442=DIRECTION('',(-0.766044443118978,0.642787609686539,0.));
#3443=DIRECTION('',(0.,0.,1.));
#3444=DIRECTION('',(0.,0.,1.));
#3445=DIRECTION('',(0.,0.,1.));
#3446=DIRECTION('',(0.,0.,-1.));
#3447=DIRECTION('',(0.,0.,-1.));
#3448=DIRECTION('',(0.,0.,1.));
#3449=DIRECTION('',(0.,0.,1.));
#3450=DIRECTION('',(0.,0.,1.));
#3451=DIRECTION('',(0.,0.,1.));
#3452=DIRECTION('',(1.,0.,0.));
#3453=DIRECTION('',(-0.509317398006179,-0.860578751822409,0.));
#3454=DIRECTION('',(-1.,0.,0.));
#3455=DIRECTION('',(-0.519198754727697,-0.854653528097327,0.));
#3456=DIRECTION('',(-1.,-3.83177930346832E-15,0.));
#3457=DIRECTION('',(3.83177930346832E-15,-1.,0.));
#3458=DIRECTION('',(-3.83177930346832E-15,1.,0.));
#3459=DIRECTION('',(-3.83177930346832E-15,1.,0.));
#3460=DIRECTION('',(0.,0.,-1.));
#3461=DIRECTION('',(-3.83177930346832E-15,1.,0.));
#3462=DIRECTION('',(0.,0.,-1.));
#3463=DIRECTION('',(-3.83177930346832E-15,1.,0.));
#3464=DIRECTION('',(0.,0.,-1.));
#3465=DIRECTION('',(-1.,-3.8317793034683E-15,0.));
#3466=DIRECTION('',(3.8317793034683E-15,-1.,0.));
#3467=DIRECTION('',(-3.8317793034683E-15,1.,0.));
#3468=DIRECTION('',(0.,0.,-1.));
#3469=DIRECTION('',(-3.8317793034683E-15,1.,0.));
#3470=DIRECTION('',(0.,0.,-1.));
#3471=DIRECTION('',(-3.8317793034683E-15,1.,0.));
#3472=DIRECTION('',(0.,0.,-1.));
#3473=DIRECTION('',(-3.8317793034683E-15,1.,0.));
#3474=DIRECTION('',(0.,0.,1.));
#3475=DIRECTION('',(1.,0.,0.));
#3476=DIRECTION('',(0.,0.,1.));
#3477=DIRECTION('',(1.,0.,0.));
#3478=DIRECTION('',(0.,0.,1.));
#3479=DIRECTION('',(1.,0.,0.));
#3480=DIRECTION('',(-0.766044443118976,0.642787609686542,0.));
#3481=DIRECTION('',(-0.642787609686542,-0.766044443118976,0.));
#3482=DIRECTION('',(0.642787609686542,0.766044443118976,0.));
#3483=DIRECTION('',(0.642787609686542,0.766044443118976,0.));
#3484=DIRECTION('',(0.,0.,-1.));
#3485=DIRECTION('',(0.642787609686542,0.766044443118976,0.));
#3486=DIRECTION('',(0.,0.,-1.));
#3487=DIRECTION('',(0.642787609686542,0.766044443118976,0.));
#3488=DIRECTION('',(0.,0.,-1.));
#3489=DIRECTION('',(-0.766044443118976,0.642787609686542,0.));
#3490=DIRECTION('',(-0.642787609686542,-0.766044443118976,0.));
#3491=DIRECTION('',(0.642787609686542,0.766044443118976,0.));
#3492=DIRECTION('',(0.,0.,-1.));
#3493=DIRECTION('',(0.642787609686542,0.766044443118976,0.));
#3494=DIRECTION('',(0.,0.,-1.));
#3495=DIRECTION('',(0.642787609686542,0.766044443118976,0.));
#3496=DIRECTION('',(0.,0.,-1.));
#3497=DIRECTION('',(0.642787609686542,0.766044443118976,0.));
#3498=DIRECTION('',(0.,0.,1.));
#3499=DIRECTION('',(1.,0.,0.));
#3500=DIRECTION('',(0.,0.,1.));
#3501=DIRECTION('',(1.,0.,0.));
#3502=DIRECTION('',(0.,0.,1.));
#3503=DIRECTION('',(1.,0.,0.));
#3504=DIRECTION('',(-1.,-2.73698521676307E-15,0.));
#3505=DIRECTION('',(2.73698521676307E-15,-1.,0.));
#3506=DIRECTION('',(-2.73698521676307E-15,1.,0.));
#3507=DIRECTION('',(-2.73698521676307E-15,1.,0.));
#3508=DIRECTION('',(0.,0.,-1.));
#3509=DIRECTION('',(-2.73698521676307E-15,1.,0.));
#3510=DIRECTION('',(0.,0.,-1.));
#3511=DIRECTION('',(-2.73698521676307E-15,1.,0.));
#3512=DIRECTION('',(0.,0.,-1.));
#3513=DIRECTION('',(-1.,-2.73698521676309E-15,0.));
#3514=DIRECTION('',(2.73698521676309E-15,-1.,0.));
#3515=DIRECTION('',(-2.73698521676309E-15,1.,0.));
#3516=DIRECTION('',(0.,0.,-1.));
#3517=DIRECTION('',(-2.73698521676309E-15,1.,0.));
#3518=DIRECTION('',(0.,0.,-1.));
#3519=DIRECTION('',(-2.73698521676309E-15,1.,0.));
#3520=DIRECTION('',(0.,0.,-1.));
#3521=DIRECTION('',(-2.73698521676309E-15,1.,0.));
#3522=DIRECTION('',(0.,0.,1.));
#3523=DIRECTION('',(1.,0.,0.));
#3524=DIRECTION('',(0.,0.,1.));
#3525=DIRECTION('',(1.,0.,0.));
#3526=DIRECTION('',(0.,0.,1.));
#3527=DIRECTION('',(1.,0.,0.));
#3528=DIRECTION('',(0.,0.,1.));
#3529=DIRECTION('',(1.,0.,0.));
#3530=DIRECTION('',(0.,0.,1.));
#3531=DIRECTION('',(1.,0.,0.));
#3532=DIRECTION('',(0.,1.,0.));
#3533=DIRECTION('',(-1.09479408670523E-14,1.,0.));
#3534=DIRECTION('',(0.,0.,1.));
#3535=DIRECTION('',(1.,0.,0.));
#3536=DIRECTION('',(-1.09479408670523E-14,1.,0.));
#3537=DIRECTION('',(1.,0.,0.));
#3538=DIRECTION('',(-1.,-1.06938599820329E-14,0.));
#3539=DIRECTION('',(0.,1.,0.));
#3540=DIRECTION('',(0.,0.,1.));
#3541=DIRECTION('',(1.,0.,0.));
#3542=DIRECTION('',(0.,1.,0.));
#3543=DIRECTION('',(0.,1.,0.));
#3544=DIRECTION('',(-1.,0.,0.));
#3545=DIRECTION('',(0.,0.,1.));
#3546=DIRECTION('',(0.,1.,0.));
#3547=DIRECTION('',(0.,0.,-1.));
#3548=DIRECTION('',(0.,0.,-1.));
#3549=DIRECTION('',(0.,1.,0.));
#3550=DIRECTION('',(0.,0.,-1.));
#3551=DIRECTION('',(-1.,0.,0.));
#3552=DIRECTION('',(0.,0.,1.));
#3553=DIRECTION('',(0.,1.,0.));
#3554=DIRECTION('',(0.,0.,-1.));
#3555=DIRECTION('',(0.,1.,0.));
#3556=DIRECTION('',(0.,0.,-1.));
#3557=DIRECTION('',(0.,0.,-1.));
#3558=DIRECTION('',(-1.,0.,0.));
#3559=DIRECTION('',(0.,0.,1.));
#3560=DIRECTION('',(0.,1.,0.));
#3561=DIRECTION('',(0.,0.,-1.));
#3562=DIRECTION('',(0.,0.,-1.));
#3563=DIRECTION('',(0.,1.,0.));
#3564=DIRECTION('',(0.,0.,-1.));
#3565=DIRECTION('',(-1.,0.,0.));
#3566=DIRECTION('',(0.,0.,1.));
#3567=DIRECTION('',(0.,1.,0.));
#3568=DIRECTION('',(0.,0.,-1.));
#3569=DIRECTION('',(0.,1.,0.));
#3570=DIRECTION('',(0.,0.,-1.));
#3571=DIRECTION('',(0.,0.,-1.));
#3572=DIRECTION('',(-1.,-1.09479408670523E-14,0.));
#3573=DIRECTION('',(1.09479408670523E-14,-1.,0.));
#3574=DIRECTION('',(-1.09479408670523E-14,1.,0.));
#3575=DIRECTION('',(0.,0.,-1.));
#3576=DIRECTION('',(0.,0.,-1.));
#3577=DIRECTION('',(-1.09479408670523E-14,1.,0.));
#3578=DIRECTION('',(0.,0.,-1.));
#3579=DIRECTION('',(-1.,-1.09479408670523E-14,0.));
#3580=DIRECTION('',(1.09479408670523E-14,-1.,0.));
#3581=DIRECTION('',(-1.09479408670523E-14,1.,0.));
#3582=DIRECTION('',(0.,0.,-1.));
#3583=DIRECTION('',(-1.09479408670523E-14,1.,0.));
#3584=DIRECTION('',(0.,0.,-1.));
#3585=DIRECTION('',(0.,0.,-1.));
#3586=DIRECTION('',(0.,0.,1.));
#3587=DIRECTION('',(1.,0.,0.));
#3588=DIRECTION('',(0.,0.,1.));
#3589=DIRECTION('',(1.,0.,0.));
#3590=DIRECTION('',(0.,0.,1.));
#3591=DIRECTION('',(1.,0.,0.));
#3592=DIRECTION('',(0.,0.,1.));
#3593=DIRECTION('',(1.,0.,0.));
#3594=DIRECTION('',(-0.290286423771462,0.956939805930329,0.));
#3595=DIRECTION('',(1.,0.,0.));
#3596=DIRECTION('',(1.,2.31296463463567E-14,0.));
#3597=DIRECTION('',(1.08199718643476E-14,-1.,0.));
#3598=DIRECTION('',(-1.,-1.60622544071926E-16,0.));
#3599=DIRECTION('',(-0.975144186721938,0.221571241596039,0.));
#3600=DIRECTION('',(-1.,0.,0.));
#3601=DIRECTION('',(3.99868525421543E-15,-1.,0.));
#3602=DIRECTION('',(-1.,0.,0.));
#3603=DIRECTION('',(0.,0.,1.));
#3604=DIRECTION('',(1.,0.,0.));
#3605=DIRECTION('',(1.,0.,0.));
#3606=DIRECTION('',(3.76346847455569E-15,-1.,0.));
#3607=DIRECTION('',(-1.,0.,0.));
#3608=DIRECTION('',(0.,0.,1.));
#3609=DIRECTION('',(1.,0.,0.));
#3610=DIRECTION('',(0.,0.,1.));
#3611=DIRECTION('',(1.,0.,0.));
#3612=DIRECTION('',(1.,0.,0.));
#3613=DIRECTION('',(2.35216779659731E-16,-1.,0.));
#3614=DIRECTION('',(-1.,0.,0.));
#3615=DIRECTION('',(1.08199718643476E-14,-1.,0.));
#3616=DIRECTION('',(-1.,-2.31296463463578E-14,0.));
#3617=DIRECTION('',(0.,0.,1.));
#3618=DIRECTION('',(1.,0.,0.));
#3619=DIRECTION('',(0.,0.,1.));
#3620=DIRECTION('',(1.,0.,0.));
#3621=DIRECTION('',(0.,0.,1.));
#3622=DIRECTION('',(1.,0.,0.));
#3623=DIRECTION('',(0.,0.,1.));
#3624=DIRECTION('',(1.,0.,0.));
#3625=DIRECTION('',(0.,0.,1.));
#3626=DIRECTION('',(1.,0.,0.));
#3627=DIRECTION('',(0.,0.,1.));
#3628=DIRECTION('',(1.,0.,0.));
#3629=DIRECTION('',(1.,0.,0.));
#3630=DIRECTION('',(2.35216779659731E-16,-1.,0.));
#3631=DIRECTION('',(-1.,0.,0.));
#3632=DIRECTION('',(-0.766044443118978,0.642787609686539,0.));
#3633=DIRECTION('',(-0.642787609686541,-0.766044443118977,0.));
#3634=DIRECTION('',(-0.766044443118944,0.64278760968658,0.));
#3635=DIRECTION('',(0.,0.,1.));
#3636=DIRECTION('',(1.,0.,0.));
#3637=DIRECTION('',(0.766044443118982,-0.642787609686534,0.));
#3638=DIRECTION('',(-0.642787609686542,-0.766044443118976,0.));
#3639=DIRECTION('',(-0.766044443118978,0.642787609686539,0.));
#3640=DIRECTION('',(3.52825169489596E-16,-1.,0.));
#3641=DIRECTION('',(-1.,0.,0.));
#3642=DIRECTION('',(0.,1.,0.));
#3643=DIRECTION('',(0.,0.,1.));
#3644=DIRECTION('',(1.,0.,0.));
#3645=DIRECTION('',(0.,0.,1.));
#3646=DIRECTION('',(0.,0.,1.));
#3647=DIRECTION('',(0.,1.,0.));
#3648=DIRECTION('',(0.,0.,1.));
#3649=DIRECTION('',(1.,0.,0.));
#3650=DIRECTION('',(0.,0.,1.));
#3651=DIRECTION('',(0.,0.,1.));
#3652=DIRECTION('',(-1.60622544071926E-16,1.,0.));
#3653=DIRECTION('',(-1.,-1.60622544071926E-16,0.));
#3654=DIRECTION('',(1.,1.60622544071926E-16,0.));
#3655=DIRECTION('',(0.,0.,1.));
#3656=DIRECTION('',(0.,0.,1.));
#3657=DIRECTION('',(0.,1.,0.));
#3658=DIRECTION('',(0.,0.,1.));
#3659=DIRECTION('',(0.,0.,1.));
#3660=DIRECTION('',(1.,0.,0.));
#3661=DIRECTION('',(0.,0.,1.));
#3662=DIRECTION('',(0.,0.,1.));
#3663=DIRECTION('',(0.,0.,1.));
#3664=DIRECTION('',(0.642787609686539,0.766044443118978,0.));
#3665=DIRECTION('',(-0.766044443118978,0.642787609686539,0.));
#3666=DIRECTION('',(0.,0.,1.));
#3667=DIRECTION('',(0.766044443118978,-0.642787609686539,0.));
#3668=DIRECTION('',(0.,0.,1.));
#3669=DIRECTION('',(0.,0.,1.));
#3670=DIRECTION('',(0.,0.,1.));
#3671=DIRECTION('',(0.,1.,0.));
#3672=DIRECTION('',(0.,0.,1.));
#3673=DIRECTION('',(1.,0.,0.));
#3674=DIRECTION('',(0.,0.,1.));
#3675=DIRECTION('',(-1.,0.,0.));
#3676=DIRECTION('',(0.,0.,1.));
#3677=DIRECTION('',(-1.,-2.35216779659731E-16,0.));
#3678=DIRECTION('',(2.35216779659731E-16,-1.,0.));
#3679=DIRECTION('',(-2.35216779659731E-16,1.,0.));
#3680=DIRECTION('',(0.,0.,1.));
#3681=DIRECTION('',(0.,0.,-1.));
#3682=DIRECTION('',(2.35216779659731E-16,-1.,0.));
#3683=DIRECTION('',(-1.,-2.35216779659731E-16,0.));
#3684=DIRECTION('',(2.35216779659731E-16,-1.,0.));
#3685=DIRECTION('',(0.,0.,1.));
#3686=DIRECTION('',(-2.35216779659731E-16,1.,0.));
#3687=DIRECTION('',(0.,0.,-1.));
#3688=DIRECTION('',(-1.,-3.52825169489596E-16,0.));
#3689=DIRECTION('',(3.52825169489596E-16,-1.,0.));
#3690=DIRECTION('',(-3.52825169489596E-16,1.,0.));
#3691=DIRECTION('',(0.,0.,1.));
#3692=DIRECTION('',(0.,0.,-1.));
#3693=DIRECTION('',(-1.,-2.35216779659731E-16,0.));
#3694=DIRECTION('',(2.35216779659731E-16,-1.,0.));
#3695=DIRECTION('',(0.,0.,1.));
#3696=DIRECTION('',(-2.35216779659731E-16,1.,0.));
#3697=DIRECTION('',(0.,0.,-1.));
#3698=DIRECTION('',(-1.,-1.08199718643476E-14,0.));
#3699=DIRECTION('',(1.08199718643476E-14,-1.,0.));
#3700=DIRECTION('',(-1.08199718643476E-14,1.,0.));
#3701=DIRECTION('',(0.,0.,1.));
#3702=DIRECTION('',(0.,0.,-1.));
#3703=DIRECTION('',(-1.,-1.08199718643476E-14,0.));
#3704=DIRECTION('',(1.08199718643476E-14,-1.,0.));
#3705=DIRECTION('',(0.,0.,1.));
#3706=DIRECTION('',(-1.08199718643476E-14,1.,0.));
#3707=DIRECTION('',(0.,0.,-1.));
#3708=DIRECTION('',(-1.,-3.99868525421543E-15,0.));
#3709=DIRECTION('',(3.99868525421543E-15,-1.,0.));
#3710=DIRECTION('',(-3.99868525421543E-15,1.,0.));
#3711=DIRECTION('',(0.,0.,1.));
#3712=DIRECTION('',(0.,0.,-1.));
#3713=DIRECTION('',(-1.,-3.76346847455569E-15,0.));
#3714=DIRECTION('',(3.76346847455569E-15,-1.,0.));
#3715=DIRECTION('',(0.,0.,1.));
#3716=DIRECTION('',(-3.76346847455569E-15,1.,0.));
#3717=DIRECTION('',(0.,0.,-1.));
#3718=DIRECTION('',(-0.766044443118976,0.642787609686542,0.));
#3719=DIRECTION('',(-0.642787609686542,-0.766044443118976,0.));
#3720=DIRECTION('',(0.,0.,1.));
#3721=DIRECTION('',(0.642787609686542,0.766044443118976,0.));
#3722=DIRECTION('',(0.,0.,-1.));
#3723=DIRECTION('',(-0.766044443118977,0.642787609686541,0.));
#3724=DIRECTION('',(-0.642787609686541,-0.766044443118977,0.));
#3725=DIRECTION('',(0.642787609686541,0.766044443118977,0.));
#3726=DIRECTION('',(0.,0.,1.));
#3727=DIRECTION('',(0.,0.,-1.));
#3728=DIRECTION('',(-1.,-2.82260135591677E-15,0.));
#3729=DIRECTION('',(2.82260135591677E-15,-1.,0.));
#3730=DIRECTION('',(-2.82260135591677E-15,1.,0.));
#3731=DIRECTION('',(0.,0.,1.));
#3732=DIRECTION('',(0.,0.,-1.));
#3733=DIRECTION('',(2.82260135591677E-15,-1.,0.));
#3734=DIRECTION('',(-1.,-2.58738457625704E-15,0.));
#3735=DIRECTION('',(2.58738457625704E-15,-1.,0.));
#3736=DIRECTION('',(0.,0.,1.));
#3737=DIRECTION('',(-2.58738457625704E-15,1.,0.));
#3738=DIRECTION('',(2.58738457625704E-15,-1.,0.));
#3739=DIRECTION('',(0.,0.,-1.));
#3740=DIRECTION('',(0.,0.,1.));
#3741=DIRECTION('',(0.,0.,1.));
#3742=DIRECTION('',(0.,0.,-1.));
#3743=DIRECTION('',(0.,0.,-1.));
#3744=DIRECTION('',(0.,0.,-1.));
#3745=DIRECTION('',(0.,0.,-1.));
#3746=DIRECTION('',(-1.,0.,0.));
#3747=DIRECTION('',(0.,0.,1.));
#3748=DIRECTION('',(1.,0.,0.));
#3749=DIRECTION('',(0.,0.,1.));
#3750=DIRECTION('',(1.,0.,0.));
#3751=DIRECTION('',(0.,0.,-1.));
#3752=DIRECTION('',(0.,0.,-1.));
#3753=DIRECTION('',(-1.,0.,0.));
#3754=DIRECTION('',(0.,0.,-1.));
#3755=DIRECTION('',(0.,0.,1.));
#3756=DIRECTION('',(1.,0.,0.));
#3757=DIRECTION('',(0.,0.,1.));
#3758=DIRECTION('',(1.,0.,0.));
#3759=DIRECTION('',(0.,0.,-1.));
#3760=DIRECTION('',(-1.,0.,0.));
#3761=DIRECTION('',(0.,0.,1.));
#3762=DIRECTION('',(1.,0.,0.));
#3763=DIRECTION('',(0.,0.,1.));
#3764=DIRECTION('',(1.,0.,0.));
#3765=DIRECTION('',(0.,0.,-1.));
#3766=DIRECTION('',(-1.,0.,0.));
#3767=DIRECTION('',(0.,0.,1.));
#3768=DIRECTION('',(1.,0.,0.));
#3769=DIRECTION('',(0.,0.,1.));
#3770=DIRECTION('',(1.,0.,0.));
#3771=DIRECTION('',(0.,0.,-1.));
#3772=DIRECTION('',(0.,0.,-1.));
#3773=DIRECTION('',(-1.,0.,0.));
#3774=DIRECTION('',(0.,0.,-1.));
#3775=DIRECTION('',(0.,0.,1.));
#3776=DIRECTION('',(1.,0.,0.));
#3777=DIRECTION('',(0.,0.,1.));
#3778=DIRECTION('',(1.,0.,0.));
#3779=DIRECTION('',(0.,0.,-1.));
#3780=DIRECTION('',(-1.,0.,0.));
#3781=DIRECTION('',(0.,0.,1.));
#3782=DIRECTION('',(1.,0.,0.));
#3783=DIRECTION('',(0.,0.,1.));
#3784=DIRECTION('',(1.,0.,0.));
#3785=DIRECTION('',(0.,0.,-1.));
#3786=DIRECTION('',(-1.,0.,0.));
#3787=DIRECTION('',(0.,0.,1.));
#3788=DIRECTION('',(1.,0.,0.));
#3789=DIRECTION('',(0.,0.,1.));
#3790=DIRECTION('',(1.,0.,0.));
#3791=DIRECTION('',(0.,0.,-1.));
#3792=DIRECTION('',(0.,0.,-1.));
#3793=DIRECTION('',(-1.,0.,0.));
#3794=DIRECTION('',(0.,0.,-1.));
#3795=DIRECTION('',(0.,0.,1.));
#3796=DIRECTION('',(1.,0.,0.));
#3797=DIRECTION('',(0.,0.,1.));
#3798=DIRECTION('',(1.,0.,0.));
#3799=DIRECTION('',(0.,0.,-1.));
#3800=DIRECTION('',(-1.,0.,0.));
#3801=DIRECTION('',(0.,0.,1.));
#3802=DIRECTION('',(1.,0.,0.));
#3803=DIRECTION('',(0.,0.,1.));
#3804=DIRECTION('',(1.,0.,0.));
#3805=DIRECTION('',(0.,0.,-1.));
#3806=DIRECTION('',(-1.,0.,0.));
#3807=DIRECTION('',(0.,0.,1.));
#3808=DIRECTION('',(1.,0.,0.));
#3809=DIRECTION('',(0.,0.,1.));
#3810=DIRECTION('',(1.,0.,0.));
#3811=DIRECTION('',(0.,0.,-1.));
#3812=DIRECTION('',(0.,0.,-1.));
#3813=DIRECTION('',(-1.,0.,0.));
#3814=DIRECTION('',(0.,0.,-1.));
#3815=DIRECTION('',(0.,0.,1.));
#3816=DIRECTION('',(1.,0.,0.));
#3817=DIRECTION('',(0.,0.,1.));
#3818=DIRECTION('',(1.,0.,0.));
#3819=DIRECTION('',(0.,0.,-1.));
#3820=DIRECTION('',(-1.,0.,0.));
#3821=DIRECTION('',(0.,0.,1.));
#3822=DIRECTION('',(1.,0.,0.));
#3823=DIRECTION('',(0.,0.,1.));
#3824=DIRECTION('',(1.,0.,0.));
#3825=DIRECTION('',(0.,0.,-1.));
#3826=DIRECTION('',(-1.,0.,0.));
#3827=DIRECTION('',(0.,0.,1.));
#3828=DIRECTION('',(1.,0.,0.));
#3829=DIRECTION('',(0.,0.,1.));
#3830=DIRECTION('',(1.,0.,0.));
#3831=DIRECTION('',(0.,0.,-1.));
#3832=DIRECTION('',(0.,0.,-1.));
#3833=DIRECTION('',(-1.,0.,0.));
#3834=DIRECTION('',(0.,0.,-1.));
#3835=DIRECTION('',(0.,0.,1.));
#3836=DIRECTION('',(1.,0.,0.));
#3837=DIRECTION('',(0.,0.,1.));
#3838=DIRECTION('',(1.,0.,0.));
#3839=DIRECTION('',(0.,0.,-1.));
#3840=DIRECTION('',(-1.,0.,0.));
#3841=DIRECTION('',(0.,0.,1.));
#3842=DIRECTION('',(1.,0.,0.));
#3843=DIRECTION('',(0.,0.,1.));
#3844=DIRECTION('',(1.,0.,0.));
#3845=DIRECTION('',(0.,0.,-1.));
#3846=DIRECTION('',(-1.,0.,0.));
#3847=DIRECTION('',(0.,0.,1.));
#3848=DIRECTION('',(1.,0.,0.));
#3849=DIRECTION('',(0.,0.,1.));
#3850=DIRECTION('',(1.,0.,0.));
#3851=DIRECTION('',(0.,0.,-1.));
#3852=DIRECTION('',(0.,0.,-1.));
#3853=DIRECTION('',(-1.,0.,0.));
#3854=DIRECTION('',(0.,0.,-1.));
#3855=DIRECTION('',(0.,0.,1.));
#3856=DIRECTION('',(1.,0.,0.));
#3857=DIRECTION('',(0.,0.,1.));
#3858=DIRECTION('',(1.,0.,0.));
#3859=DIRECTION('',(0.,0.,-1.));
#3860=DIRECTION('',(-1.,0.,0.));
#3861=DIRECTION('',(0.,0.,1.));
#3862=DIRECTION('',(1.,0.,0.));
#3863=DIRECTION('',(0.,0.,1.));
#3864=DIRECTION('',(1.,0.,0.));
#3865=DIRECTION('',(0.,0.,1.));
#3866=DIRECTION('',(1.,0.,0.));
#3867=DIRECTION('',(-1.,-2.31296463463578E-14,0.));
#3868=DIRECTION('',(1.,2.56996070515082E-15,0.));
#3869=DIRECTION('',(1.,0.,0.));
#3870=DIRECTION('',(0.,0.,1.));
#3871=DIRECTION('',(1.,0.,0.));
#3872=DIRECTION('',(-0.766044443118944,0.64278760968658,0.));
#3873=DIRECTION('',(0.766044443118976,-0.642787609686542,0.));
#3874=DIRECTION('',(0.766044443118982,-0.642787609686534,0.));
#3875=DIRECTION('',(0.,0.,1.));
#3876=DIRECTION('',(1.,0.,0.));
#3877=DIRECTION('',(-1.,0.,0.));
#3878=DIRECTION('',(1.,5.13992141030163E-15,0.));
#3879=DIRECTION('',(1.,0.,0.));
#3880=DIRECTION('',(0.,0.,1.));
#3881=DIRECTION('',(1.,0.,0.));
#3882=DIRECTION('',(-1.,0.,0.));
#3883=DIRECTION('',(1.,0.,0.));
#3884=DIRECTION('',(1.,0.,0.));
#3885=DIRECTION('',(0.,0.,1.));
#3886=DIRECTION('',(1.,0.,0.));
#3887=DIRECTION('',(-1.,-2.31296463463578E-14,0.));
#3888=DIRECTION('',(1.,6.42490176287703E-16,0.));
#3889=DIRECTION('',(1.,2.31296463463567E-14,0.));
#3890=DIRECTION('',(0.,0.,1.));
#3891=DIRECTION('',(1.,0.,0.));
#3892=DIRECTION('',(-1.,0.,0.));
#3893=DIRECTION('',(1.,0.,0.));
#3894=DIRECTION('',(1.,0.,0.));
#3895=DIRECTION('',(0.,0.,1.));
#3896=DIRECTION('',(1.,0.,0.));
#3897=DIRECTION('',(0.,0.,1.));
#3898=DIRECTION('',(1.,0.,0.));
#3899=DIRECTION('',(0.,0.,1.));
#3900=DIRECTION('',(1.,0.,0.));
#3901=DIRECTION('',(0.,0.,1.));
#3902=DIRECTION('',(1.,0.,0.));
#3903=DIRECTION('',(0.,0.,1.));
#3904=DIRECTION('',(1.,0.,0.));
#3905=DIRECTION('',(0.,0.,1.));
#3906=DIRECTION('',(1.,0.,0.));
#3907=DIRECTION('',(0.,0.,1.));
#3908=DIRECTION('',(1.,0.,0.));
#3909=DIRECTION('',(0.,0.,1.));
#3910=DIRECTION('',(1.,0.,0.));
#3911=DIRECTION('',(0.,0.,1.));
#3912=DIRECTION('',(1.,0.,0.));
#3913=DIRECTION('',(0.,0.,1.));
#3914=DIRECTION('',(1.,0.,0.));
#3915=DIRECTION('',(0.,0.,1.));
#3916=DIRECTION('',(1.,0.,0.));
#3917=DIRECTION('',(0.,0.,1.));
#3918=DIRECTION('',(1.,0.,0.));
#3919=DIRECTION('',(0.,0.,-1.));
#3920=DIRECTION('',(0.,0.,-1.));
#3921=DIRECTION('',(2.56996070515082E-15,-1.,0.));
#3922=DIRECTION('',(1.,2.56996070515082E-15,0.));
#3923=DIRECTION('',(1.,2.56996070515082E-15,0.));
#3924=DIRECTION('',(-0.642787609686542,-0.766044443118976,0.));
#3925=DIRECTION('',(0.766044443118976,-0.642787609686542,0.));
#3926=DIRECTION('',(0.766044443118976,-0.642787609686542,0.));
#3927=DIRECTION('',(5.13992141030163E-15,-1.,0.));
#3928=DIRECTION('',(1.,5.13992141030163E-15,0.));
#3929=DIRECTION('',(1.,5.13992141030163E-15,0.));
#3930=DIRECTION('',(6.42490176287703E-16,-1.,0.));
#3931=DIRECTION('',(1.,6.42490176287703E-16,0.));
#3932=DIRECTION('',(1.,6.42490176287703E-16,0.));
#3933=DIRECTION('',(0.,-1.,0.));
#3934=DIRECTION('',(0.,0.,-1.));
#3935=DIRECTION('',(1.,0.,0.));
#3936=DIRECTION('',(0.,-1.,0.));
#3937=DIRECTION('',(0.,0.,-1.));
#3938=DIRECTION('',(1.,0.,0.));
#3939=DIRECTION('',(0.,-1.,0.));
#3940=DIRECTION('',(0.,0.,-1.));
#3941=DIRECTION('',(-1.,0.,0.));
#3942=DIRECTION('',(0.,1.,0.));
#3943=DIRECTION('',(0.,0.,1.));
#3944=DIRECTION('',(2.31296463463578E-14,-1.,0.));
#3945=DIRECTION('',(1.,2.31296463463578E-14,0.));
#3946=DIRECTION('',(-2.31296463463567E-14,1.,0.));
#3947=DIRECTION('',(-1.,-2.31296463463567E-14,0.));
#3948=DIRECTION('',(0.,-1.,0.));
#3949=DIRECTION('',(0.,0.,-1.));
#3950=DIRECTION('',(0.,1.,0.));
#3951=DIRECTION('',(0.,0.,1.));
#3952=DIRECTION('',(0.,-1.,0.));
#3953=DIRECTION('',(0.,0.,-1.));
#3954=DIRECTION('',(0.,1.,0.));
#3955=DIRECTION('',(0.,0.,1.));
#3956=DIRECTION('',(-0.64278760968658,-0.766044443118944,0.));
#3957=DIRECTION('',(0.766044443118944,-0.64278760968658,0.));
#3958=DIRECTION('',(0.642787609686534,0.766044443118982,0.));
#3959=DIRECTION('',(-0.766044443118982,0.642787609686534,0.));
#3960=DIRECTION('',(2.31296463463578E-14,-1.,0.));
#3961=DIRECTION('',(1.,2.31296463463578E-14,0.));
#3962=DIRECTION('',(-1.,-2.31296463463578E-14,0.));
#3963=DIRECTION('',(0.,1.,0.));
#3964=DIRECTION('',(0.,0.,1.));
#3965=DIRECTION('',(1.,0.,0.));
#3966=DIRECTION('',(0.,0.,1.));
#3967=DIRECTION('',(1.,0.,0.));
#3968=DIRECTION('',(0.,0.,1.));
#3969=DIRECTION('',(1.,0.,0.));
#3970=DIRECTION('',(0.,0.,1.));
#3971=DIRECTION('',(1.,0.,0.));
#3972=DIRECTION('',(0.,0.,1.));
#3973=DIRECTION('',(1.,0.,0.));
#3974=DIRECTION('',(0.,0.,1.));
#3975=DIRECTION('',(1.,0.,0.));
#3976=DIRECTION('',(0.,0.,1.));
#3977=DIRECTION('',(1.,0.,0.));
#3978=DIRECTION('',(0.,0.,1.));
#3979=DIRECTION('',(1.,0.,0.));
#3980=DIRECTION('',(0.,0.,1.));
#3981=DIRECTION('',(1.,0.,0.));
#3982=DIRECTION('',(0.,0.,1.));
#3983=DIRECTION('',(1.,0.,0.));
#3984=DIRECTION('',(0.,0.,1.));
#3985=DIRECTION('',(1.,0.,0.));
#3986=DIRECTION('',(0.,0.,1.));
#3987=DIRECTION('',(1.,0.,0.));
#3988=DIRECTION('',(0.,0.,1.));
#3989=DIRECTION('',(1.,0.,0.));
#3990=DIRECTION('',(0.,0.,1.));
#3991=DIRECTION('',(1.,0.,0.));
#3992=DIRECTION('',(0.,0.,1.));
#3993=DIRECTION('',(1.,0.,0.));
#3994=DIRECTION('',(0.,0.,1.));
#3995=DIRECTION('',(1.,0.,0.));
#3996=DIRECTION('',(0.,0.,1.));
#3997=DIRECTION('',(1.,0.,0.));
#3998=DIRECTION('',(0.,0.,1.));
#3999=DIRECTION('',(1.,0.,0.));
#4000=DIRECTION('',(0.,0.,1.));
#4001=DIRECTION('',(1.,0.,0.));
#4002=DIRECTION('',(0.,0.,1.));
#4003=DIRECTION('',(1.,0.,0.));
#4004=DIRECTION('',(0.,0.,1.));
#4005=DIRECTION('',(1.,0.,0.));
#4006=DIRECTION('',(0.,0.,1.));
#4007=DIRECTION('',(1.,0.,0.));
#4008=DIRECTION('',(0.,0.,1.));
#4009=DIRECTION('',(1.,0.,0.));
#4010=DIRECTION('',(0.,0.,1.));
#4011=DIRECTION('',(1.,0.,0.));
#4012=DIRECTION('',(0.,0.,1.));
#4013=DIRECTION('',(1.,0.,0.));
#4014=DIRECTION('',(0.,0.,1.));
#4015=DIRECTION('',(1.,0.,0.));
#4016=DIRECTION('',(0.,0.,1.));
#4017=DIRECTION('',(1.,0.,0.));
#4018=DIRECTION('',(0.,0.,1.));
#4019=DIRECTION('',(1.,0.,0.));
#4020=DIRECTION('',(-0.832713869997046,0.553703540456934,0.));
#4021=DIRECTION('',(0.,0.,1.));
#4022=DIRECTION('',(1.,0.,0.));
#4023=DIRECTION('',(-1.,-1.06938599820329E-14,0.));
#4024=DIRECTION('',(0.,0.,1.));
#4025=DIRECTION('',(1.,0.,0.));
#4026=DIRECTION('',(0.,0.,1.));
#4027=DIRECTION('',(0.,0.,1.));
#4028=DIRECTION('',(0.,0.,1.));
#4029=DIRECTION('',(0.,0.,1.));
#4030=DIRECTION('',(0.,0.,1.));
#4031=DIRECTION('',(0.,0.,1.));
#4032=DIRECTION('',(0.,0.,1.));
#4033=DIRECTION('',(0.,0.,1.));
#4034=DIRECTION('',(0.,0.,1.));
#4035=DIRECTION('',(0.,0.,1.));
#4036=DIRECTION('',(0.,0.,1.));
#4037=DIRECTION('',(-0.984677553726165,0.174384962619647,0.));
#4038=DIRECTION('',(0.,0.,1.));
#4039=DIRECTION('',(0.,0.,1.));
#4040=DIRECTION('',(1.,0.,0.));
#4041=DIRECTION('',(0.,0.,1.));
#4042=DIRECTION('',(0.,0.,-1.));
#4043=DIRECTION('',(-1.,0.,0.));
#4044=DIRECTION('',(0.,0.,-1.));
#4045=DIRECTION('',(-1.,0.,0.));
#4046=DIRECTION('',(0.,0.,-1.));
#4047=DIRECTION('',(-1.,0.,0.));
#4048=DIRECTION('',(0.,1.,0.));
#4049=DIRECTION('',(0.,0.,1.));
#4050=DIRECTION('',(1.06938599820329E-14,-1.,0.));
#4051=DIRECTION('',(1.,1.06938599820329E-14,0.));
#4052=DIRECTION('',(0.,0.,1.));
#4053=DIRECTION('',(1.,0.,0.));
#4054=DIRECTION('',(0.,0.,1.));
#4055=DIRECTION('',(1.,0.,0.));
#4056=DIRECTION('',(0.,0.,1.));
#4057=DIRECTION('',(1.,0.,0.));
#4058=DIRECTION('',(0.,0.,1.));
#4059=DIRECTION('',(1.,0.,0.));
#4060=DIRECTION('',(0.,0.,1.));
#4061=DIRECTION('',(1.,0.,0.));
#4062=DIRECTION('',(0.,0.,1.));
#4063=DIRECTION('',(1.,0.,0.));
#4064=DIRECTION('',(0.,0.,1.));
#4065=DIRECTION('',(1.,0.,0.));
#4066=DIRECTION('',(0.,0.,1.));
#4067=DIRECTION('',(1.,0.,0.));
#4068=DIRECTION('',(0.,0.,1.));
#4069=DIRECTION('',(1.,0.,0.));
#4070=DIRECTION('',(0.,0.,1.));
#4071=DIRECTION('',(1.,0.,0.));
#4072=DIRECTION('',(0.,0.,1.));
#4073=DIRECTION('',(1.,0.,0.));
#4074=DIRECTION('',(0.,0.,1.));
#4075=DIRECTION('',(1.,0.,0.));
#4076=DIRECTION('',(0.,0.,1.));
#4077=DIRECTION('',(1.,0.,0.));
#4078=DIRECTION('',(0.,0.,-1.));
#4079=DIRECTION('',(-1.,0.,0.));
#4080=DIRECTION('',(0.,0.,-1.));
#4081=DIRECTION('',(-1.,0.,0.));
#4082=DIRECTION('',(0.,0.,1.));
#4083=DIRECTION('',(1.,0.,0.));
#4084=DIRECTION('',(0.,0.,1.));
#4085=DIRECTION('',(1.,0.,0.));
#4086=DIRECTION('',(0.,0.,-1.));
#4087=DIRECTION('',(-1.,0.,0.));
#4088=DIRECTION('',(0.,0.,1.));
#4089=DIRECTION('',(1.,0.,0.));
#4090=DIRECTION('',(0.,0.,1.));
#4091=DIRECTION('',(1.,0.,0.));
#4092=DIRECTION('',(0.,0.,1.));
#4093=DIRECTION('',(1.,0.,0.));
#4094=DIRECTION('',(1.,0.,0.));
#4095=DIRECTION('',(0.,0.,1.));
#4096=DIRECTION('',(1.,0.,0.));
#4097=DIRECTION('',(0.,0.,1.));
#4098=DIRECTION('',(1.,0.,0.));
#4099=DIRECTION('',(0.,0.,1.));
#4100=DIRECTION('',(1.,0.,0.));
#4101=DIRECTION('',(1.,1.60622544071926E-16,0.));
#4102=DIRECTION('',(0.,0.,1.));
#4103=DIRECTION('',(1.,0.,0.));
#4104=DIRECTION('',(1.,0.,0.));
#4105=DIRECTION('',(0.,0.,1.));
#4106=DIRECTION('',(1.,0.,0.));
#4107=DIRECTION('',(1.,0.,0.));
#4108=DIRECTION('',(0.,0.,1.));
#4109=DIRECTION('',(1.,0.,0.));
#4110=DIRECTION('',(0.,0.,1.));
#4111=DIRECTION('',(1.,0.,0.));
#4112=DIRECTION('',(0.,0.,-1.));
#4113=DIRECTION('',(-1.,0.,0.));
#4114=DIRECTION('',(0.,0.,1.));
#4115=DIRECTION('',(1.,0.,0.));
#4116=DIRECTION('',(0.,0.,1.));
#4117=DIRECTION('',(1.,0.,0.));
#4118=DIRECTION('',(0.,0.,-1.));
#4119=DIRECTION('',(-1.,0.,0.));
#4120=DIRECTION('',(0.,0.,1.));
#4121=DIRECTION('',(1.,0.,0.));
#4122=DIRECTION('',(0.,0.,1.));
#4123=DIRECTION('',(1.,0.,0.));
#4124=DIRECTION('',(0.,0.,-1.));
#4125=DIRECTION('',(-1.,0.,0.));
#4126=DIRECTION('',(0.854653528097328,-0.519198754727697,0.));
#4127=DIRECTION('',(0.519198754727697,0.854653528097327,0.));
#4128=DIRECTION('',(-0.519198754727697,-0.854653528097327,0.));
#4129=DIRECTION('',(0.,0.,1.));
#4130=DIRECTION('',(1.,0.,0.));
#4131=DIRECTION('',(-1.,0.,0.));
#4132=DIRECTION('',(0.975144186721938,-0.221571241596039,0.));
#4133=DIRECTION('',(-1.,-1.60622544071926E-16,0.));
#4134=DIRECTION('',(0.860578751822409,-0.509317398006179,0.));
#4135=DIRECTION('',(0.50931739800618,0.860578751822409,0.));
#4136=DIRECTION('',(-0.509317398006179,-0.860578751822409,0.));
#4137=DIRECTION('',(0.,0.,1.));
#4138=DIRECTION('',(1.,0.,0.));
#4139=DIRECTION('',(0.290286423771462,-0.956939805930329,0.));
#4140=DIRECTION('',(0.525486415069376,-0.850801990816627,0.));
#4141=DIRECTION('',(0.850801990816627,0.525486415069376,0.));
#4142=DIRECTION('',(-0.850801990816627,-0.525486415069376,0.));
#4143=DIRECTION('',(0.,0.,1.));
#4144=DIRECTION('',(1.,0.,0.));
#4145=DIRECTION('',(0.832713869997046,-0.553703540456934,0.));
#4146=DIRECTION('',(-1.,0.,0.));
#4147=DIRECTION('',(-1.,0.,0.));
#4148=DIRECTION('',(0.,-0.143499310466994,-0.989650417013754));
#4149=DIRECTION('',(-1.,0.,0.));
#4150=DIRECTION('',(2.30492243197758E-17,-0.143499310466994,-0.989650417013754));
#4151=DIRECTION('',(-1.,-1.60622544071926E-16,0.));
#4152=DIRECTION('',(0.,-0.143499310466994,-0.989650417013754));
#4153=DIRECTION('',(-1.,0.,0.));
#4154=DIRECTION('',(0.,-0.143499310466994,-0.989650417013754));
#4155=DIRECTION('',(-1.,0.,0.));
#4156=DIRECTION('',(0.956939805930329,0.290286423771462,0.));
#4157=DIRECTION('',(0.,0.,1.));
#4158=DIRECTION('',(0.221571241596039,0.975144186721938,0.));
#4159=DIRECTION('',(0.,0.,1.));
#4160=DIRECTION('',(0.553703540456934,0.832713869997046,0.));
#4161=DIRECTION('',(0.,0.,1.));
#4162=CARTESIAN_POINT('',(0.,0.,0.));
#4163=CARTESIAN_POINT('',(-0.0245475880801677,0.0137356850087643,-0.0194));
#4164=CARTESIAN_POINT('',(-0.0263475880801678,0.0137356850087643,0.0052));
#4165=CARTESIAN_POINT('',(-0.0263475880801678,0.0137356850087643,0.00485));
#4166=CARTESIAN_POINT('',(-0.0263475880801678,0.0137356850087643,0.0082));
#4167=CARTESIAN_POINT('',(0.00344218414064486,0.0137356850087643,0.00485));
#4168=CARTESIAN_POINT('',(-0.0272475880801678,0.0137356850087643,0.00485));
#4169=CARTESIAN_POINT('',(-0.0272475880801678,0.0137356850087643,-0.0194));
#4170=CARTESIAN_POINT('',(-0.0272475880801678,0.0137356850087643,0.0082));
#4171=CARTESIAN_POINT('',(-0.0245475880801677,0.0137356850087643,0.0082));
#4172=CARTESIAN_POINT('',(-0.025,-0.0427,-0.0194));
#4173=CARTESIAN_POINT('',(-0.0268,-0.0427,0.0052));
#4174=CARTESIAN_POINT('',(-0.0268,-0.0427,0.00485));
#4175=CARTESIAN_POINT('',(-0.0268,-0.0427,0.0082));
#4176=CARTESIAN_POINT('',(0.00344218414064486,-0.0427,0.00485));
#4177=CARTESIAN_POINT('',(-0.0277,-0.0427,0.00485));
#4178=CARTESIAN_POINT('',(-0.0277,-0.0427,-0.0194));
#4179=CARTESIAN_POINT('',(-0.0277,-0.0427,0.0082));
#4180=CARTESIAN_POINT('',(-0.025,-0.0427,0.0082));
#4181=CARTESIAN_POINT('',(0.0380946062505248,0.00284139018058778,-0.0194));
#4182=CARTESIAN_POINT('',(0.0362946062505248,0.00284139018058778,0.0052));
#4183=CARTESIAN_POINT('',(0.0362946062505248,0.00284139018058778,0.00485));
#4184=CARTESIAN_POINT('',(0.0362946062505248,0.00284139018058778,0.0082));
#4185=CARTESIAN_POINT('',(0.00344218414064485,0.00284139018058777,0.00485));
#4186=CARTESIAN_POINT('',(0.0353946062505248,0.00284139018058778,0.00485));
#4187=CARTESIAN_POINT('',(0.0353946062505248,0.00284139018058778,-0.0194));
#4188=CARTESIAN_POINT('',(0.0353946062505248,0.00284139018058778,0.0082));
#4189=CARTESIAN_POINT('',(0.0380946062505248,0.00284139018058778,0.0082));
#4190=CARTESIAN_POINT('',(0.015,0.0193,-0.0194));
#4191=CARTESIAN_POINT('',(0.0132,0.0193,0.0052));
#4192=CARTESIAN_POINT('',(0.0132,0.0193,0.00485));
#4193=CARTESIAN_POINT('',(0.0132,0.0193,0.0082));
#4194=CARTESIAN_POINT('',(0.00344218414064486,0.0193,0.00485));
#4195=CARTESIAN_POINT('',(0.0123,0.0193,0.00485));
#4196=CARTESIAN_POINT('',(0.0123,0.0193,-0.0194));
#4197=CARTESIAN_POINT('',(0.0123,0.0193,0.0082));
#4198=CARTESIAN_POINT('',(0.015,0.0193,0.0082));
#4199=CARTESIAN_POINT('',(0.00344218414064486,-0.00176572507614403,0.0052));
#4200=CARTESIAN_POINT('',(-0.0115017017393543,-0.118662448329124,0.0052));
#4201=CARTESIAN_POINT('',(-0.0115039576737585,-0.118665136847054,0.0052));
#4202=CARTESIAN_POINT('',(-0.0115081314847597,-0.118670651635218,0.0052));
#4203=CARTESIAN_POINT('',(-0.011561523204691,-0.118717030010434,0.0052));
#4204=CARTESIAN_POINT('',(-0.0116797834929896,-0.118798021479869,0.0052));
#4205=CARTESIAN_POINT('',(-0.0119301062877157,-0.118939267114007,0.0052));
#4206=CARTESIAN_POINT('',(-0.012335839620999,-0.119122791944804,0.0052));
#4207=CARTESIAN_POINT('',(-0.0128647860895787,-0.119330391269878,0.0052));
#4208=CARTESIAN_POINT('',(-0.0133262622389552,-0.119505322249276,0.0052));
#4209=CARTESIAN_POINT('',(-0.0138419572984759,-0.1197043692854,0.0052));
#4210=CARTESIAN_POINT('',(-0.0145861433395153,-0.120009269709168,0.0052));
#4211=CARTESIAN_POINT('',(-0.0153088101292398,-0.120346680266113,0.0052));
#4212=CARTESIAN_POINT('',(-0.0158513099711782,-0.12066066334666,0.0052));
#4213=CARTESIAN_POINT('',(-0.0159559263871256,-0.120723784854989,0.0052));
#4214=CARTESIAN_POINT('',(-0.0115017017393544,-0.118662448329124,0.0052));
#4215=CARTESIAN_POINT('',(-0.0159559263871256,-0.120723784854989,0.0052));
#4216=CARTESIAN_POINT('',(-0.0195779631935619,-0.122960887209158,0.0052));
#4217=CARTESIAN_POINT('',(-0.0232,-0.125197989563417,0.0052));
#4218=CARTESIAN_POINT('',(0.0215026705193376,0.119620787451409,0.0052));
#4219=CARTESIAN_POINT('',(0.0272129236474225,0.113990505710187,0.0052));
#4220=CARTESIAN_POINT('',(0.039902773447728,0.0967940103362035,0.0052));
#4221=CARTESIAN_POINT('',(0.0492206986474082,0.0675236589533636,0.0052));
#4222=CARTESIAN_POINT('',(0.0521341897343862,0.04418742637804,0.0052));
#4223=CARTESIAN_POINT('',(0.0507563081581103,0.022304651014531,0.0052));
#4224=CARTESIAN_POINT('',(0.0444366238282232,-0.0057698390315077,0.0052));
#4225=CARTESIAN_POINT('',(0.0381499493929193,-0.0325682970419284,0.0052));
#4226=CARTESIAN_POINT('',(0.0384718371075877,-0.0784407309750935,0.0052));
#4227=CARTESIAN_POINT('',(0.0359156055666579,-0.104734555593496,0.0052));
#4228=CARTESIAN_POINT('',(0.0332965860559749,-0.117235710484526,0.0052));
#4229=CARTESIAN_POINT('',(0.0288741408299105,-0.127019227602136,0.0052));
#4230=CARTESIAN_POINT('',(0.0172252724681904,-0.137281382288518,0.0052));
#4231=CARTESIAN_POINT('',(0.00502383569431771,-0.139538222684894,0.0052));
#4232=CARTESIAN_POINT('',(-0.00718591563257419,-0.138140580996733,0.0052));
#4233=CARTESIAN_POINT('',(-0.0177141023146513,-0.133042141406943,0.0052));
#4234=CARTESIAN_POINT('',(-0.0242231931773568,-0.124609077193529,0.0052));
#4235=CARTESIAN_POINT('',(-0.0275696821378419,-0.114362164814031,0.0052));
#4236=CARTESIAN_POINT('',(-0.0271500276859532,-0.10896662161347,0.0052));
#4237=CARTESIAN_POINT('',(-0.0271436339466868,-0.106115072119663,0.0052));
#4238=CARTESIAN_POINT('',(-0.0160000000000003,-0.133273488065854,0.0052));
#4239=CARTESIAN_POINT('',(-0.0160000000000043,-0.125858961702031,0.0052));
#4240=CARTESIAN_POINT('',(-0.0166943517465634,-0.127334053319593,0.0052));
#4241=CARTESIAN_POINT('',(-0.0168506529966449,-0.129594617931518,0.0052));
#4242=CARTESIAN_POINT('',(-0.016,-0.133273488065854,0.0052));
#4243=CARTESIAN_POINT('',(-0.016,-0.125858961702028,0.0052));
#4244=CARTESIAN_POINT('',(-0.00874394174412619,-0.120976483723995,0.0052));
#4245=CARTESIAN_POINT('',(-0.0105618442563789,-0.123142975573958,0.0052));
#4246=CARTESIAN_POINT('',(-0.0145136595398503,-0.122701356980098,0.0052));
#4247=CARTESIAN_POINT('',(-0.0160000000000043,-0.125858961702031,0.0052));
#4248=CARTESIAN_POINT('',(-0.00874394174412618,-0.120976483723995,0.0052));
#4249=CARTESIAN_POINT('',(-0.0101228217417403,-0.119819466026559,0.0052));
#4250=CARTESIAN_POINT('',(-0.013749222305968,-0.0715325391808771,0.0063));
#4251=CARTESIAN_POINT('',(-0.013749222305968,-0.0715325391808771,0.0082));
#4252=CARTESIAN_POINT('',(-0.013464618173372,-0.0732742660791677,0.0063));
#4253=CARTESIAN_POINT('',(-0.013464618173372,-0.0732742660791677,0.0082));
#4254=CARTESIAN_POINT('',(-0.013023398285124,-0.076899042188941,0.0063));
#4255=CARTESIAN_POINT('',(-0.013023398285124,-0.076899042188941,0.0082));
#4256=CARTESIAN_POINT('',(-0.0129418258305844,-0.0822666585947712,0.0063));
#4257=CARTESIAN_POINT('',(-0.0129418258305844,-0.0822666585947712,0.0082));
#4258=CARTESIAN_POINT('',(-0.0132537258433834,-0.0875766685443204,0.0063));
#4259=CARTESIAN_POINT('',(-0.0132537258433834,-0.0875766685443204,0.0082));
#4260=CARTESIAN_POINT('',(-0.0139890094523531,-0.0948403370907391,0.0063));
#4261=CARTESIAN_POINT('',(-0.0139890094523531,-0.0948403370907391,0.0082));
#4262=CARTESIAN_POINT('',(-0.0151754601224001,-0.104784757905925,0.0063));
#4263=CARTESIAN_POINT('',(-0.0151754601224001,-0.104784757905925,0.0082));
#4264=CARTESIAN_POINT('',(-0.0158396524505347,-0.114870346933094,0.0063));
#4265=CARTESIAN_POINT('',(-0.0158396524505347,-0.114870346933094,0.0082));
#4266=CARTESIAN_POINT('',(-0.0159559263792157,-0.120723784859503,0.0063));
#4267=CARTESIAN_POINT('',(-0.0159559263792157,-0.120723784859503,0.0082));
#4268=CARTESIAN_POINT('',(-0.0137492222208852,-0.0715325397015697,0.0052));
#4269=CARTESIAN_POINT('',(-0.0137492223051814,-0.0715325391856917,0.0063));
#4270=CARTESIAN_POINT('',(-0.0137492222208852,-0.0715325397015697,0.0082));
#4271=CARTESIAN_POINT('',(-0.013749222305968,-0.0715325391808771,0.0063));
#4272=CARTESIAN_POINT('',(-0.013703042765533,-0.0718151497915971,0.0063));
#4273=CARTESIAN_POINT('',(-0.0135156728029249,-0.0730098217257635,0.0063));
#4274=CARTESIAN_POINT('',(-0.0133009489890163,-0.0746890878277965,0.0063));
#4275=CARTESIAN_POINT('',(-0.0131353498730277,-0.0765810083010908,0.0063));
#4276=CARTESIAN_POINT('',(-0.0130225392659165,-0.0784590664882605,0.0063));
#4277=CARTESIAN_POINT('',(-0.0129714131755894,-0.0807872173009784,0.0063));
#4278=CARTESIAN_POINT('',(-0.0130507095631489,-0.0844870792613359,0.0063));
#4279=CARTESIAN_POINT('',(-0.013390783223556,-0.0891108413442692,0.0063));
#4280=CARTESIAN_POINT('',(-0.0140135416475739,-0.0948655307174219,0.0063));
#4281=CARTESIAN_POINT('',(-0.0147131378651466,-0.101076498776797,0.0063));
#4282=CARTESIAN_POINT('',(-0.0153687838052387,-0.107999350161194,0.0063));
#4283=CARTESIAN_POINT('',(-0.0157841283699218,-0.114639788819926,0.0063));
#4284=CARTESIAN_POINT('',(-0.0159240170630861,-0.119117412705768,0.0063));
#4285=CARTESIAN_POINT('',(-0.0159559263792157,-0.120723784859503,0.0063));
#4286=CARTESIAN_POINT('',(-0.0159559263871256,-0.120723784854989,0.0063));
#4287=CARTESIAN_POINT('',(-0.0159559263871256,-0.120723784854989,0.0052));
#4288=CARTESIAN_POINT('',(-0.0159559263871256,-0.120723784854989,0.0082));
#4289=CARTESIAN_POINT('',(-0.013749222305968,-0.0715325391808771,0.0082));
#4290=CARTESIAN_POINT('',(-0.013703042765533,-0.0718151497915971,0.0082));
#4291=CARTESIAN_POINT('',(-0.0135156728029249,-0.0730098217257635,0.0082));
#4292=CARTESIAN_POINT('',(-0.0133009489890163,-0.0746890878277965,0.0082));
#4293=CARTESIAN_POINT('',(-0.0131353498730277,-0.0765810083010908,0.0082));
#4294=CARTESIAN_POINT('',(-0.0130225392659165,-0.0784590664882605,0.0082));
#4295=CARTESIAN_POINT('',(-0.0129714131755894,-0.0807872173009784,0.0082));
#4296=CARTESIAN_POINT('',(-0.0130507095631489,-0.0844870792613359,0.0082));
#4297=CARTESIAN_POINT('',(-0.013390783223556,-0.0891108413442692,0.0082));
#4298=CARTESIAN_POINT('',(-0.0140135416475739,-0.0948655307174219,0.0082));
#4299=CARTESIAN_POINT('',(-0.0147131378651466,-0.101076498776797,0.0082));
#4300=CARTESIAN_POINT('',(-0.0153687838052387,-0.107999350161194,0.0082));
#4301=CARTESIAN_POINT('',(-0.0157841283699218,-0.114639788819926,0.0082));
#4302=CARTESIAN_POINT('',(-0.0159240170630861,-0.119117412705768,0.0082));
#4303=CARTESIAN_POINT('',(-0.0159559263792157,-0.120723784859503,0.0082));
#4304=CARTESIAN_POINT('',(-0.0268,-0.0427,0.0048299));
#4305=CARTESIAN_POINT('',(-0.0268,-0.0427,0.0082));
#4306=CARTESIAN_POINT('',(-0.0268,-0.0450719588553801,0.0048299));
#4307=CARTESIAN_POINT('',(-0.0268,-0.0450719588553801,0.0082));
#4308=CARTESIAN_POINT('',(-0.026687644939063,-0.0480532110590782,0.0048299));
#4309=CARTESIAN_POINT('',(-0.026687644939063,-0.0480532110590782,0.0082));
#4310=CARTESIAN_POINT('',(-0.0260348662057505,-0.0521227222411629,0.0048299));
#4311=CARTESIAN_POINT('',(-0.0260348662057505,-0.0521227222411629,0.0082));
#4312=CARTESIAN_POINT('',(-0.0252006743552492,-0.0555739951421025,0.0048299));
#4313=CARTESIAN_POINT('',(-0.0252006743552492,-0.0555739951421025,0.0082));
#4314=CARTESIAN_POINT('',(-0.0240524996049681,-0.0595665886071248,0.0048299));
#4315=CARTESIAN_POINT('',(-0.0240524996049681,-0.0595665886071248,0.0082));
#4316=CARTESIAN_POINT('',(-0.022796871402114,-0.0639440051724705,0.0048299));
#4317=CARTESIAN_POINT('',(-0.022796871402114,-0.0639440051724705,0.0082));
#4318=CARTESIAN_POINT('',(-0.021608254410406,-0.0686057083527147,0.0048299));
#4319=CARTESIAN_POINT('',(-0.021608254410406,-0.0686057083527147,0.0082));
#4320=CARTESIAN_POINT('',(-0.0206619609518948,-0.0734437746707054,0.0048299));
#4321=CARTESIAN_POINT('',(-0.0206619609518948,-0.0734437746707054,0.0082));
#4322=CARTESIAN_POINT('',(-0.0201619774987924,-0.0783238676378645,0.0048299));
#4323=CARTESIAN_POINT('',(-0.0201619774987924,-0.0783238676378645,0.0082));
#4324=CARTESIAN_POINT('',(-0.0201885639947595,-0.084877720744647,0.0048299));
#4325=CARTESIAN_POINT('',(-0.0201885639947595,-0.084877720744647,0.0082));
#4326=CARTESIAN_POINT('',(-0.0211159342329206,-0.0937210786566253,0.0048299));
#4327=CARTESIAN_POINT('',(-0.0211159342329206,-0.0937210786566253,0.0082));
#4328=CARTESIAN_POINT('',(-0.0226299316217211,-0.106911570976764,0.0048299));
#4329=CARTESIAN_POINT('',(-0.0226299316217211,-0.106911570976764,0.0082));
#4330=CARTESIAN_POINT('',(-0.0232,-0.118468783444043,0.0048299));
#4331=CARTESIAN_POINT('',(-0.0232,-0.118468783444043,0.0082));
#4332=CARTESIAN_POINT('',(-0.0232,-0.125197989563417,0.0048299));
#4333=CARTESIAN_POINT('',(-0.0232,-0.125197989563417,0.0082));
#4334=CARTESIAN_POINT('',(-0.0268,-0.0427,0.0063));
#4335=CARTESIAN_POINT('',(-0.0268,-0.0469425230120887,0.0063));
#4336=CARTESIAN_POINT('',(-0.0262303798790565,-0.054201529198268,0.0063));
#4337=CARTESIAN_POINT('',(-0.0166798451302962,-0.0803672882233638,0.0063));
#4338=CARTESIAN_POINT('',(-0.0232,-0.100426533986831,0.0063));
#4339=CARTESIAN_POINT('',(-0.0232,-0.125197989563417,0.0063));
#4340=CARTESIAN_POINT('',(-0.0258709295233412,-0.0527000000004289,0.0063));
#4341=CARTESIAN_POINT('',(-0.0232,-0.125197989563417,0.0063));
#4342=CARTESIAN_POINT('',(-0.0258709295213409,-0.0527,0.0063));
#4343=CARTESIAN_POINT('',(-0.0262244525569592,-0.051051411815597,0.00606095471326157));
#4344=CARTESIAN_POINT('',(-0.0267305387562157,-0.047735949324076,0.00558021265199102));
#4345=CARTESIAN_POINT('',(-0.0268,-0.044380756624541,0.00509370971055844));
#4346=CARTESIAN_POINT('',(-0.0268,-0.0427,0.00485));
#4347=CARTESIAN_POINT('',(-0.0268,-0.0427,0.0082));
#4348=CARTESIAN_POINT('',(-0.0268,-0.0469425230120887,0.0082));
#4349=CARTESIAN_POINT('',(-0.0262303798790565,-0.054201529198268,0.0082));
#4350=CARTESIAN_POINT('',(-0.0166798451302962,-0.0803672882233638,0.0082));
#4351=CARTESIAN_POINT('',(-0.0232,-0.100426533986831,0.0082));
#4352=CARTESIAN_POINT('',(-0.0232,-0.125197989563417,0.0082));
#4353=CARTESIAN_POINT('',(-0.0232,-0.125197989563417,0.0082));
#4354=CARTESIAN_POINT('',(-0.0232,-0.125197989563417,0.0052));
#4355=CARTESIAN_POINT('',(0.0132,0.0193,0.0048299));
#4356=CARTESIAN_POINT('',(0.0132,0.0193,0.0082));
#4357=CARTESIAN_POINT('',(0.0132,0.0190533969938284,0.0048299));
#4358=CARTESIAN_POINT('',(0.0132,0.0190533969938284,0.0082));
#4359=CARTESIAN_POINT('',(0.0129303691571414,0.0163879294238329,0.0048299));
#4360=CARTESIAN_POINT('',(0.0129303691571414,0.0163879294238329,0.0082));
#4361=CARTESIAN_POINT('',(0.0121970425892365,0.010549880513427,0.0048299));
#4362=CARTESIAN_POINT('',(0.0121970425892365,0.010549880513427,0.0082));
#4363=CARTESIAN_POINT('',(0.0115014653838585,0.00560214221374372,0.0048299));
#4364=CARTESIAN_POINT('',(0.0115014653838585,0.00560214221374372,0.0082));
#4365=CARTESIAN_POINT('',(0.0107017824207778,0.000675442464126701,0.0048299));
#4366=CARTESIAN_POINT('',(0.0107017824207778,0.000675442464126701,0.0082));
#4367=CARTESIAN_POINT('',(0.00983889724713719,-0.00370668833458303,0.0048299));
#4368=CARTESIAN_POINT('',(0.00983889724713719,-0.00370668833458303,0.0082));
#4369=CARTESIAN_POINT('',(0.00894700927983878,-0.00780095249328826,0.0048299));
#4370=CARTESIAN_POINT('',(0.00894700927983878,-0.00780095249328826,0.0082));
#4371=CARTESIAN_POINT('',(0.00806074926983341,-0.0118141282330664,0.0048299));
#4372=CARTESIAN_POINT('',(0.00806074926983341,-0.0118141282330664,0.0082));
#4373=CARTESIAN_POINT('',(0.00721461016008028,-0.0159679893820865,0.0048299));
#4374=CARTESIAN_POINT('',(0.00721461016008028,-0.0159679893820865,0.0082));
#4375=CARTESIAN_POINT('',(0.00644320479145643,-0.0204742514299768,0.0048299));
#4376=CARTESIAN_POINT('',(0.00644320479145643,-0.0204742514299768,0.0082));
#4377=CARTESIAN_POINT('',(0.00578080422115913,-0.0255698676134364,0.0048299));
#4378=CARTESIAN_POINT('',(0.00578080422115913,-0.0255698676134364,0.0082));
#4379=CARTESIAN_POINT('',(0.00526298541820907,-0.0313966212228776,0.0048299));
#4380=CARTESIAN_POINT('',(0.00526298541820907,-0.0313966212228776,0.0082));
#4381=CARTESIAN_POINT('',(0.00493049456443366,-0.0377190333982612,0.0048299));
#4382=CARTESIAN_POINT('',(0.00493049456443366,-0.0377190333982612,0.0082));
#4383=CARTESIAN_POINT('',(0.00478776542104038,-0.0465593597874786,0.0048299));
#4384=CARTESIAN_POINT('',(0.00478776542104038,-0.0465593597874786,0.0082));
#4385=CARTESIAN_POINT('',(0.00517631881787479,-0.0556149915013264,0.0048299));
#4386=CARTESIAN_POINT('',(0.00517631881787479,-0.0556149915013264,0.0082));
#4387=CARTESIAN_POINT('',(0.00625751369197917,-0.0640949119425051,0.0048299));
#4388=CARTESIAN_POINT('',(0.00625751369197917,-0.0640949119425051,0.0082));
#4389=CARTESIAN_POINT('',(0.00745395125757135,-0.0699707928607064,0.0048299));
#4390=CARTESIAN_POINT('',(0.00745395125757135,-0.0699707928607064,0.0082));
#4391=CARTESIAN_POINT('',(0.00908027822441933,-0.075157558312726,0.0048299));
#4392=CARTESIAN_POINT('',(0.00908027822441933,-0.075157558312726,0.0082));
#4393=CARTESIAN_POINT('',(0.01116114791809,-0.0794849239756244,0.0048299));
#4394=CARTESIAN_POINT('',(0.01116114791809,-0.0794849239756244,0.0082));
#4395=CARTESIAN_POINT('',(0.0134546047113444,-0.0832534823184103,0.0048299));
#4396=CARTESIAN_POINT('',(0.0134546047113444,-0.0832534823184103,0.0082));
#4397=CARTESIAN_POINT('',(0.0157346570589662,-0.0867361267640759,0.0048299));
#4398=CARTESIAN_POINT('',(0.0157346570589662,-0.0867361267640759,0.0082));
#4399=CARTESIAN_POINT('',(0.0177682119236227,-0.0902164030970244,0.0048299));
#4400=CARTESIAN_POINT('',(0.0177682119236227,-0.0902164030970244,0.0082));
#4401=CARTESIAN_POINT('',(0.0193346181544249,-0.0939629467020317,0.0048299));
#4402=CARTESIAN_POINT('',(0.0193346181544249,-0.0939629467020317,0.0082));
#4403=CARTESIAN_POINT('',(0.0201705585468247,-0.0982933822009715,0.0048299));
#4404=CARTESIAN_POINT('',(0.0201705585468247,-0.0982933822009715,0.0082));
#4405=CARTESIAN_POINT('',(0.0201959805152745,-0.103315640622065,0.0048299));
#4406=CARTESIAN_POINT('',(0.0201959805152745,-0.103315640622065,0.0082));
#4407=CARTESIAN_POINT('',(0.0196150075627425,-0.108812583739616,0.0048299));
#4408=CARTESIAN_POINT('',(0.0196150075627425,-0.108812583739616,0.0082));
#4409=CARTESIAN_POINT('',(0.0182328650075679,-0.116566623749794,0.0048299));
#4410=CARTESIAN_POINT('',(0.0182328650075679,-0.116566623749794,0.0082));
#4411=CARTESIAN_POINT('',(0.0157779659647702,-0.126625404472916,0.0048299));
#4412=CARTESIAN_POINT('',(0.0157779659647702,-0.126625404472916,0.0082));
#4413=CARTESIAN_POINT('',(0.0139007950489434,-0.134163759854256,0.0048299));
#4414=CARTESIAN_POINT('',(0.0139007950489434,-0.134163759854256,0.0082));
#4415=CARTESIAN_POINT('',(0.0132,-0.137580380132361,0.0048299));
#4416=CARTESIAN_POINT('',(0.0132,-0.137580380132361,0.0082));
#4417=CARTESIAN_POINT('',(0.0132,0.0193,0.0063));
#4418=CARTESIAN_POINT('',(0.0132,0.0186947614539186,0.0063));
#4419=CARTESIAN_POINT('',(0.0108215721867864,-0.0028816425873054,0.0063));
#4420=CARTESIAN_POINT('',(0.00438312763371929,-0.0225959299431583,0.0063));
#4421=CARTESIAN_POINT('',(0.00394629337405434,-0.0773470823300831,0.0063));
#4422=CARTESIAN_POINT('',(0.0261295133725867,-0.0940631197730774,0.0063));
#4423=CARTESIAN_POINT('',(0.0157928777997096,-0.124939196547381,0.0063));
#4424=CARTESIAN_POINT('',(0.0132,-0.137580380132361,0.0063));
#4425=CARTESIAN_POINT('',(0.0175292702431954,-0.0899415711018938,0.0063));
#4426=CARTESIAN_POINT('',(0.0132000000009834,-0.13758038013204,0.0063));
#4427=CARTESIAN_POINT('',(0.0175292702431954,-0.0899415711018938,0.0063));
#4428=CARTESIAN_POINT('',(0.0175292702431954,-0.0899415711018938,0.0052));
#4429=CARTESIAN_POINT('',(0.0132,0.0193,0.0052));
#4430=CARTESIAN_POINT('',(0.0132,0.0186947614539186,0.0052));
#4431=CARTESIAN_POINT('',(0.0108215721867864,-0.0028816425873054,0.0052));
#4432=CARTESIAN_POINT('',(0.00438312763371929,-0.0225959299431583,0.0052));
#4433=CARTESIAN_POINT('',(0.00394629337405434,-0.0773470823300831,0.0052));
#4434=CARTESIAN_POINT('',(0.0261295133725867,-0.0940631197730774,0.0052));
#4435=CARTESIAN_POINT('',(0.0157928777997096,-0.124939196547381,0.0052));
#4436=CARTESIAN_POINT('',(0.0132,-0.137580380132361,0.0052));
#4437=CARTESIAN_POINT('',(0.0154205051332071,-0.086297982068669,0.0052));
#4438=CARTESIAN_POINT('',(0.0154205051337975,-0.0862979820696098,0.0063));
#4439=CARTESIAN_POINT('',(0.0154205051337965,-0.0862979820696083,0.0063));
#4440=CARTESIAN_POINT('',(0.0132,0.0193,0.0063));
#4441=CARTESIAN_POINT('',(0.0132,0.0186947614539186,0.0063));
#4442=CARTESIAN_POINT('',(0.0108215721867864,-0.0028816425873054,0.0063));
#4443=CARTESIAN_POINT('',(0.00438312763371929,-0.0225959299431583,0.0063));
#4444=CARTESIAN_POINT('',(0.00394629337405434,-0.0773470823300831,0.0063));
#4445=CARTESIAN_POINT('',(0.0261295133725867,-0.0940631197730774,0.0063));
#4446=CARTESIAN_POINT('',(0.0157928777997096,-0.124939196547381,0.0063));
#4447=CARTESIAN_POINT('',(0.0132,-0.137580380132361,0.0063));
#4448=CARTESIAN_POINT('',(0.0120163191179683,0.0093,0.0063));
#4449=CARTESIAN_POINT('',(0.0120163191179691,0.0093,0.0063));
#4450=CARTESIAN_POINT('',(0.0121305483784544,0.0101315260688101,0.00617942872002253));
#4451=CARTESIAN_POINT('',(0.0123520128561257,0.0117953890303909,0.00593816859059331));
#4452=CARTESIAN_POINT('',(0.0126662111811408,0.014293270037921,0.00557597584450145));
#4453=CARTESIAN_POINT('',(0.0129083584832873,0.0163771195966976,0.00527381765847885));
#4454=CARTESIAN_POINT('',(0.0130716857924147,0.0178365302526023,0.00506220311337266));
#4455=CARTESIAN_POINT('',(0.0131483406084285,0.0186724123510468,0.00494100020909822));
#4456=CARTESIAN_POINT('',(0.0132,0.0190888078147971,0.00488062286685443));
#4457=CARTESIAN_POINT('',(0.0132,0.0193,0.00485));
#4458=CARTESIAN_POINT('',(0.0132,0.0193,0.0082));
#4459=CARTESIAN_POINT('',(0.0132,0.0186947614539186,0.0082));
#4460=CARTESIAN_POINT('',(0.0108215721867864,-0.0028816425873054,0.0082));
#4461=CARTESIAN_POINT('',(0.00438312763371929,-0.0225959299431583,0.0082));
#4462=CARTESIAN_POINT('',(0.00394629337405434,-0.0773470823300831,0.0082));
#4463=CARTESIAN_POINT('',(0.0261295133725867,-0.0940631197730774,0.0082));
#4464=CARTESIAN_POINT('',(0.0157928777997096,-0.124939196547381,0.0082));
#4465=CARTESIAN_POINT('',(0.0132,-0.137580380132361,0.0082));
#4466=CARTESIAN_POINT('',(0.0132000000009834,-0.13758038013204,0.0082));
#4467=CARTESIAN_POINT('',(0.0132000000009834,-0.13758038013204,0.0052));
#4468=CARTESIAN_POINT('',(0.025264501063983,-0.0895699419814959,0.0063));
#4469=CARTESIAN_POINT('',(0.025264501063983,-0.0895699419814959,0.0082));
#4470=CARTESIAN_POINT('',(0.0258652215641871,-0.091079658583835,0.0063));
#4471=CARTESIAN_POINT('',(0.0258652215641871,-0.091079658583835,0.0082));
#4472=CARTESIAN_POINT('',(0.0266352392579596,-0.0935434493560018,0.00629999999999999));
#4473=CARTESIAN_POINT('',(0.0266352392579596,-0.0935434493560018,0.0082));
#4474=CARTESIAN_POINT('',(0.0271883235647321,-0.0971778582053008,0.0063));
#4475=CARTESIAN_POINT('',(0.0271883235647321,-0.0971778582053008,0.0082));
#4476=CARTESIAN_POINT('',(0.0274231890901318,-0.100799829700715,0.0063));
#4477=CARTESIAN_POINT('',(0.0274231890901318,-0.100799829700715,0.0082));
#4478=CARTESIAN_POINT('',(0.0272601104448735,-0.105395446243471,0.0063));
#4479=CARTESIAN_POINT('',(0.0272601104448735,-0.105395446243471,0.0082));
#4480=CARTESIAN_POINT('',(0.0263215326475917,-0.112867253835374,0.00629999999999999));
#4481=CARTESIAN_POINT('',(0.0263215326475917,-0.112867253835374,0.0082));
#4482=CARTESIAN_POINT('',(0.0242843675705116,-0.122352955140952,0.0063));
#4483=CARTESIAN_POINT('',(0.0242843675705116,-0.122352955140952,0.0082));
#4484=CARTESIAN_POINT('',(0.0224381025816633,-0.129605258887862,0.0063));
#4485=CARTESIAN_POINT('',(0.0224381025816633,-0.129605258887862,0.0082));
#4486=CARTESIAN_POINT('',(0.0216276106848079,-0.132965589099148,0.0063));
#4487=CARTESIAN_POINT('',(0.0216276106848079,-0.132965589099148,0.0082));
#4488=CARTESIAN_POINT('',(0.0215330954080682,-0.0824913555808876,0.0082));
#4489=CARTESIAN_POINT('',(0.0216023293502356,-0.0826027686179108,0.0082));
#4490=CARTESIAN_POINT('',(0.021671563292403,-0.0827141816549341,0.0082));
#4491=CARTESIAN_POINT('',(0.0217407972345704,-0.0828255946919574,0.0082));
#4492=CARTESIAN_POINT('',(0.0217650390979878,-0.0828646053208756,0.0082));
#4493=CARTESIAN_POINT('',(0.0221801113725562,-0.083533600726922,0.0082));
#4494=CARTESIAN_POINT('',(0.0229935293332288,-0.0848814251586267,0.0082));
#4495=CARTESIAN_POINT('',(0.0241511640341836,-0.0870195321467199,0.0082));
#4496=CARTESIAN_POINT('',(0.0252254762265284,-0.0893703054407699,0.0082));
#4497=CARTESIAN_POINT('',(0.0259930493824294,-0.0915227924378095,0.0082));
#4498=CARTESIAN_POINT('',(0.0264953103890929,-0.0933597350245153,0.0082));
#4499=CARTESIAN_POINT('',(0.0268088419705781,-0.0947924806935746,0.0082));
#4500=CARTESIAN_POINT('',(0.0270512605599932,-0.0962784663887475,0.0082));
#4501=CARTESIAN_POINT('',(0.027217460506229,-0.0977632255902792,0.0082));
#4502=CARTESIAN_POINT('',(0.0273184625266038,-0.0992554774653861,0.0082));
#4503=CARTESIAN_POINT('',(0.0273746188082641,-0.101252761440679,0.0082));
#4504=CARTESIAN_POINT('',(0.0273135335942897,-0.103766397908497,0.0082));
#4505=CARTESIAN_POINT('',(0.0270694382504061,-0.106811440887917,0.0082));
#4506=CARTESIAN_POINT('',(0.0265573118387003,-0.110905982332011,0.0082));
#4507=CARTESIAN_POINT('',(0.0256340112217824,-0.116072617372264,0.0082));
#4508=CARTESIAN_POINT('',(0.024256893842502,-0.122252667663176,0.0082));
#4509=CARTESIAN_POINT('',(0.0228623316230941,-0.127937373343499,0.0082));
#4510=CARTESIAN_POINT('',(0.0219970465800713,-0.13143389383507,0.0082));
#4511=CARTESIAN_POINT('',(0.0216276106848079,-0.132965589099148,0.0082));
#4512=CARTESIAN_POINT('',(0.0252645010639872,-0.0895699419815064,0.0082));
#4513=CARTESIAN_POINT('',(0.0216276132668983,-0.132965591409502,0.0082));
#4514=CARTESIAN_POINT('',(0.0252645010639855,-0.0895699419815022,0.0082));
#4515=CARTESIAN_POINT('',(0.0252645010639872,-0.0895699419815064,0.0063));
#4516=CARTESIAN_POINT('',(0.0215330954080682,-0.0824913555808876,0.0063));
#4517=CARTESIAN_POINT('',(0.0216023293502356,-0.0826027686179108,0.0063));
#4518=CARTESIAN_POINT('',(0.021671563292403,-0.0827141816549341,0.0063));
#4519=CARTESIAN_POINT('',(0.0217407972345704,-0.0828255946919574,0.0063));
#4520=CARTESIAN_POINT('',(0.0217650390979878,-0.0828646053208756,0.0063));
#4521=CARTESIAN_POINT('',(0.0221801113725562,-0.083533600726922,0.0063));
#4522=CARTESIAN_POINT('',(0.0229935293332288,-0.0848814251586267,0.0063));
#4523=CARTESIAN_POINT('',(0.0241511640341836,-0.0870195321467199,0.0063));
#4524=CARTESIAN_POINT('',(0.0252254762265284,-0.0893703054407699,0.0063));
#4525=CARTESIAN_POINT('',(0.0259930493824294,-0.0915227924378095,0.0063));
#4526=CARTESIAN_POINT('',(0.0264953103890929,-0.0933597350245153,0.0063));
#4527=CARTESIAN_POINT('',(0.0268088419705781,-0.0947924806935746,0.0063));
#4528=CARTESIAN_POINT('',(0.0270512605599932,-0.0962784663887475,0.0063));
#4529=CARTESIAN_POINT('',(0.027217460506229,-0.0977632255902792,0.0063));
#4530=CARTESIAN_POINT('',(0.0273184625266038,-0.0992554774653861,0.0063));
#4531=CARTESIAN_POINT('',(0.0273746188082641,-0.101252761440679,0.0063));
#4532=CARTESIAN_POINT('',(0.0273135335942897,-0.103766397908497,0.0063));
#4533=CARTESIAN_POINT('',(0.0270694382504061,-0.106811440887917,0.0063));
#4534=CARTESIAN_POINT('',(0.0265573118387003,-0.110905982332011,0.0063));
#4535=CARTESIAN_POINT('',(0.0256340112217824,-0.116072617372264,0.0063));
#4536=CARTESIAN_POINT('',(0.024256893842502,-0.122252667663176,0.0063));
#4537=CARTESIAN_POINT('',(0.0228623316230941,-0.127937373343499,0.0063));
#4538=CARTESIAN_POINT('',(0.0219970465800713,-0.13143389383507,0.0063));
#4539=CARTESIAN_POINT('',(0.0216276106848079,-0.132965589099148,0.0063));
#4540=CARTESIAN_POINT('',(0.0216276131694747,-0.132965591801372,0.0063));
#4541=CARTESIAN_POINT('',(0.0216276132668983,-0.132965591409502,0.0052));
#4542=CARTESIAN_POINT('',(0.00344218414064486,-0.00176572507614403,0.0052));
#4543=CARTESIAN_POINT('',(0.0196350103250886,-0.086383563514156,0.0052));
#4544=CARTESIAN_POINT('',(0.0217407526702501,-0.08282555209308,0.0052));
#4545=CARTESIAN_POINT('',(0.0268,-0.0642,0.0052));
#4546=CARTESIAN_POINT('',(0.0268,-0.0650984435926199,0.0052));
#4547=CARTESIAN_POINT('',(0.0266530202941491,-0.0668153738378018,0.0052));
#4548=CARTESIAN_POINT('',(0.0262436606668745,-0.0687813923606303,0.0052));
#4549=CARTESIAN_POINT('',(0.0258631793820145,-0.0702743927587256,0.0052));
#4550=CARTESIAN_POINT('',(0.0255698045488072,-0.0713626867157459,0.0052));
#4551=CARTESIAN_POINT('',(0.0252841206659174,-0.072429605771416,0.0052));
#4552=CARTESIAN_POINT('',(0.0250264775926777,-0.0734793808354506,0.0052));
#4553=CARTESIAN_POINT('',(0.0247743103439633,-0.0745909520986151,0.0052));
#4554=CARTESIAN_POINT('',(0.0244138854794486,-0.0761449090253021,0.0052));
#4555=CARTESIAN_POINT('',(0.0238591664293593,-0.0782277388852166,0.0052));
#4556=CARTESIAN_POINT('',(0.0229434954424595,-0.0806221695391904,0.0052));
#4557=CARTESIAN_POINT('',(0.0221168478566323,-0.0821919500031541,0.0052));
#4558=CARTESIAN_POINT('',(0.0217407113700536,-0.0828255829097745,0.0052));
#4559=CARTESIAN_POINT('',(0.0268,-0.0642,0.0052));
#4560=CARTESIAN_POINT('',(0.025,-0.0642,0.0052));
#4561=CARTESIAN_POINT('',(0.0232,-0.0642,0.0052));
#4562=CARTESIAN_POINT('',(0.0232,-0.0642,0.0052));
#4563=CARTESIAN_POINT('',(0.0232,-0.0649030133124614,0.0052));
#4564=CARTESIAN_POINT('',(0.0230861527335774,-0.0662670600179399,0.0052));
#4565=CARTESIAN_POINT('',(0.0227372049144499,-0.067961850062924,0.0052));
#4566=CARTESIAN_POINT('',(0.0223832642967256,-0.0693518649292941,0.0052));
#4567=CARTESIAN_POINT('',(0.0220954256521708,-0.0704202566986072,0.0052));
#4568=CARTESIAN_POINT('',(0.0218002546256749,-0.0715212912431202,0.0052));
#4569=CARTESIAN_POINT('',(0.021518594316383,-0.0726690941217896,0.0052));
#4570=CARTESIAN_POINT('',(0.0212633012450356,-0.0737957035464865,0.0052));
#4571=CARTESIAN_POINT('',(0.0209173125250397,-0.0752861651470748,0.0052));
#4572=CARTESIAN_POINT('',(0.0204214121779639,-0.0771364608034563,0.0052));
#4573=CARTESIAN_POINT('',(0.0196315371279261,-0.0791954154055121,0.0052));
#4574=CARTESIAN_POINT('',(0.0189048432076406,-0.0805624101189348,0.0052));
#4575=CARTESIAN_POINT('',(0.0185460073931371,-0.0811530900418676,0.0052));
#4576=CARTESIAN_POINT('',(0.0185460073870416,-0.0811530895683015,0.0052));
#4577=CARTESIAN_POINT('',(0.01698325636742,-0.0837255358836674,0.0052));
#4578=CARTESIAN_POINT('',(0.02215,-0.0462809616910213,0.0071));
#4579=CARTESIAN_POINT('',(0.02215,-0.0462809616910213,0.0071));
#4580=CARTESIAN_POINT('',(0.02215,-0.0458151913581931,0.0071));
#4581=CARTESIAN_POINT('',(0.02215,-0.0431119210521603,0.0071));
#4582=CARTESIAN_POINT('',(0.02215,-0.0431570025731232,0.00960000000000003));
#4583=CARTESIAN_POINT('',(0.02215,-0.0440525823656066,0.00877669795890779));
#4584=CARTESIAN_POINT('',(0.02215,-0.0449360728897708,0.00794065317168863));
#4585=CARTESIAN_POINT('',(0.02215,-0.0458151913581931,0.00710000000000001));
#4586=CARTESIAN_POINT('',(0.02215,-0.0431570025731232,0.0096));
#4587=CARTESIAN_POINT('',(0.02215,-0.0462809616910213,0.0096));
#4588=CARTESIAN_POINT('',(0.02215,-0.0457718660473499,0.0096));
#4589=CARTESIAN_POINT('',(0.02215,-0.0457718660473499,0.009602));
#4590=CARTESIAN_POINT('',(0.02215,-0.0457718660473499,0.0082));
#4591=CARTESIAN_POINT('',(0.02215,-0.0462809616910213,0.0082));
#4592=CARTESIAN_POINT('',(0.02215,-0.0494500023298823,0.0082));
#4593=CARTESIAN_POINT('',(0.02215,-0.0494500023298823,0.0071));
#4594=CARTESIAN_POINT('',(0.02215,-0.0494500023298823,0.0056));
#4595=CARTESIAN_POINT('',(0.02215,-0.0462809616910213,0.0056));
#4596=CARTESIAN_POINT('',(0.02215,-0.0428196123298823,0.0056));
#4597=CARTESIAN_POINT('',(0.02215,-0.0428196123298823,0.0071));
#4598=CARTESIAN_POINT('',(0.02215,-0.0428196123298823,0.00629338704560043));
#4599=CARTESIAN_POINT('',(0.02215,-0.0428196123298823,0.00629338704560043));
#4600=CARTESIAN_POINT('',(0.02215,-0.043005945193676,0.00652134962679841));
#4601=CARTESIAN_POINT('',(0.02215,-0.0431119210521603,0.00680532750761655));
#4602=CARTESIAN_POINT('',(0.02215,-0.0431119210521603,0.0071));
#4603=CARTESIAN_POINT('',(0.02785,-0.0462809616910213,0.0071));
#4604=CARTESIAN_POINT('',(0.02785,-0.0431570025731232,0.00960000000000006));
#4605=CARTESIAN_POINT('',(0.02785,-0.0440525823918523,0.00877669793478027));
#4606=CARTESIAN_POINT('',(0.02785,-0.0449360729085702,0.00794065315371174));
#4607=CARTESIAN_POINT('',(0.02785,-0.0458151913581931,0.00710000000000007));
#4608=CARTESIAN_POINT('',(0.02785,-0.0431570025731232,0.0096));
#4609=CARTESIAN_POINT('',(0.02785,-0.045815191358193,0.0071));
#4610=CARTESIAN_POINT('',(0.02785,-0.0462809616910213,0.0071));
#4611=CARTESIAN_POINT('',(0.02785,-0.0431119210521602,0.0071));
#4612=CARTESIAN_POINT('',(0.02785,-0.0431119210521602,0.0071));
#4613=CARTESIAN_POINT('',(0.02785,-0.0431119210521602,0.00680533186283419));
#4614=CARTESIAN_POINT('',(0.02785,-0.0430059375917701,0.00652134032650636));
#4615=CARTESIAN_POINT('',(0.02785,-0.0428196123298823,0.00629338704560047));
#4616=CARTESIAN_POINT('',(0.02785,-0.0428196123298823,0.00629338704560047));
#4617=CARTESIAN_POINT('',(0.02785,-0.0428196123298823,0.0071));
#4618=CARTESIAN_POINT('',(0.02785,-0.0428196123298823,0.0056));
#4619=CARTESIAN_POINT('',(0.02785,-0.0462809616910213,0.0056));
#4620=CARTESIAN_POINT('',(0.02785,-0.0494500023298823,0.0056));
#4621=CARTESIAN_POINT('',(0.02785,-0.0494500023298823,0.0071));
#4622=CARTESIAN_POINT('',(0.02785,-0.0494500023298823,0.0082));
#4623=CARTESIAN_POINT('',(0.02785,-0.0462809616910213,0.0082));
#4624=CARTESIAN_POINT('',(0.02785,-0.0457718660473499,0.0082));
#4625=CARTESIAN_POINT('',(0.02785,-0.0457718660473499,0.009602));
#4626=CARTESIAN_POINT('',(0.02785,-0.0457718660473499,0.0096));
#4627=CARTESIAN_POINT('',(0.02785,-0.0462809616910213,0.0096));
#4628=CARTESIAN_POINT('',(0.00344219664064485,-0.00176572507614403,0.0096));
#4629=CARTESIAN_POINT('',(0.025,-0.0365,0.0096));
#4630=CARTESIAN_POINT('',(0.025,-0.0365,0.0096));
#4631=CARTESIAN_POINT('',(-0.000787912602119422,-0.104260741616323,0.0071));
#4632=CARTESIAN_POINT('',(-0.000787912602119422,-0.104260741616323,0.0071));
#4633=CARTESIAN_POINT('',(-0.000488521203217903,-0.103903940841091,0.0071));
#4634=CARTESIAN_POINT('',(0.00124910745513354,-0.101833115644906,0.0071));
#4635=CARTESIAN_POINT('',(0.00122012961203266,-0.101867650093527,0.00959999999999991));
#4636=CARTESIAN_POINT('',(0.000644490471960794,-0.102553670106745,0.00877673865297263));
#4637=CARTESIAN_POINT('',(7.65856387501458E-5,-0.103230472731976,0.00794068349457065));
#4638=CARTESIAN_POINT('',(-0.000488521203217932,-0.103903940841091,0.00709999999999998));
#4639=CARTESIAN_POINT('',(0.00122012961203274,-0.101867650093527,0.0096));
#4640=CARTESIAN_POINT('',(-0.000787912602119422,-0.104260741616323,0.0096));
#4641=CARTESIAN_POINT('',(-0.000460672230222088,-0.103870751727473,0.0096));
#4642=CARTESIAN_POINT('',(-0.000460672230222088,-0.103870751727473,0.009602));
#4643=CARTESIAN_POINT('',(-0.000460672230222088,-0.103870751727473,0.0082));
#4644=CARTESIAN_POINT('',(-0.000787912602119422,-0.104260741616323,0.0082));
#4645=CARTESIAN_POINT('',(-0.00282493265937242,-0.106688367587741,0.0082));
#4646=CARTESIAN_POINT('',(-0.00282493265937242,-0.106688367587741,0.0071));
#4647=CARTESIAN_POINT('',(-0.00282493265937242,-0.106688367587741,0.0056));
#4648=CARTESIAN_POINT('',(-0.000787912602119422,-0.104260741616323,0.0056));
#4649=CARTESIAN_POINT('',(0.00143699988001715,-0.10160919417253,0.0056));
#4650=CARTESIAN_POINT('',(0.00143699988001714,-0.10160919417253,0.0071));
#4651=CARTESIAN_POINT('',(0.00143699988001714,-0.10160919417253,0.00629338704560041));
#4652=CARTESIAN_POINT('',(0.00143699988001714,-0.10160919417253,0.00629338704560041));
#4653=CARTESIAN_POINT('',(0.00131722742389319,-0.101751933427409,0.00652134962679839));
#4654=CARTESIAN_POINT('',(0.00124910745513355,-0.101833115644906,0.00680532750761654));
#4655=CARTESIAN_POINT('',(0.00124910745513355,-0.101833115644906,0.0071));
#4656=CARTESIAN_POINT('',(0.00357854072365876,-0.107924630991537,0.0071));
#4657=CARTESIAN_POINT('',(0.005586582937811,-0.10553153946874,0.00960000000000001));
#4658=CARTESIAN_POINT('',(0.00501094379773911,-0.106217559481959,0.00877673865297271));
#4659=CARTESIAN_POINT('',(0.00444303896452844,-0.106894362107189,0.0079406834945707));
#4660=CARTESIAN_POINT('',(0.00387793212256034,-0.107567830216304,0.0071));
#4661=CARTESIAN_POINT('',(0.00558658293781095,-0.10553153946874,0.0096));
#4662=CARTESIAN_POINT('',(0.0038779321225603,-0.107567830216304,0.0071));
#4663=CARTESIAN_POINT('',(0.00357854072365876,-0.107924630991537,0.0071));
#4664=CARTESIAN_POINT('',(0.00561556078091173,-0.105497005020119,0.0071));
#4665=CARTESIAN_POINT('',(0.00561556078091177,-0.105497005020119,0.0071));
#4666=CARTESIAN_POINT('',(0.00561556078091177,-0.105497005020119,0.00680533186283424));
#4667=CARTESIAN_POINT('',(0.0056836856360822,-0.105415816979225,0.00652134032650636));
#4668=CARTESIAN_POINT('',(0.0058034532057953,-0.105273083547743,0.00629338704560046));
#4669=CARTESIAN_POINT('',(0.0058034532057953,-0.105273083547743,0.00629338704560046));
#4670=CARTESIAN_POINT('',(0.0058034532057953,-0.105273083547743,0.0071));
#4671=CARTESIAN_POINT('',(0.00580345320579533,-0.105273083547743,0.0056));
#4672=CARTESIAN_POINT('',(0.00357854072365876,-0.107924630991537,0.0056));
#4673=CARTESIAN_POINT('',(0.00154152066640576,-0.110352256962954,0.0056));
#4674=CARTESIAN_POINT('',(0.00154152066640576,-0.110352256962954,0.0071));
#4675=CARTESIAN_POINT('',(0.00154152066640576,-0.110352256962954,0.0082));
#4676=CARTESIAN_POINT('',(0.00357854072365876,-0.107924630991537,0.0082));
#4677=CARTESIAN_POINT('',(0.0039057810955561,-0.107534641102686,0.0082));
#4678=CARTESIAN_POINT('',(0.0039057810955561,-0.107534641102686,0.009602));
#4679=CARTESIAN_POINT('',(0.0039057810955561,-0.107534641102686,0.0096));
#4680=CARTESIAN_POINT('',(0.00357854072365876,-0.107924630991537,0.0096));
#4681=CARTESIAN_POINT('',(0.00344219664064485,-0.00176572507614403,0.0096));
#4682=CARTESIAN_POINT('',(0.00768239504657685,-0.0986000349521636,0.0096));
#4683=CARTESIAN_POINT('',(0.00768239504657683,-0.0986000349521637,0.0096));
#4684=CARTESIAN_POINT('',(-0.02785,-0.0247809616910213,0.0071));
#4685=CARTESIAN_POINT('',(-0.02785,-0.0247809616910213,0.0071));
#4686=CARTESIAN_POINT('',(-0.02785,-0.0243151913581931,0.0071));
#4687=CARTESIAN_POINT('',(-0.02785,-0.0216119210521602,0.0071));
#4688=CARTESIAN_POINT('',(-0.02785,-0.0216570025731232,0.00960000000000005));
#4689=CARTESIAN_POINT('',(-0.02785,-0.0225525823656066,0.00877669795890781));
#4690=CARTESIAN_POINT('',(-0.02785,-0.0234360728897707,0.00794065317168866));
#4691=CARTESIAN_POINT('',(-0.02785,-0.0243151913581931,0.00710000000000005));
#4692=CARTESIAN_POINT('',(-0.02785,-0.0216570025731232,0.0096));
#4693=CARTESIAN_POINT('',(-0.02785,-0.0247809616910213,0.0096));
#4694=CARTESIAN_POINT('',(-0.02785,-0.0242718660473499,0.0096));
#4695=CARTESIAN_POINT('',(-0.02785,-0.0242718660473499,0.009602));
#4696=CARTESIAN_POINT('',(-0.02785,-0.0242718660473499,0.0082));
#4697=CARTESIAN_POINT('',(-0.02785,-0.0247809616910213,0.0082));
#4698=CARTESIAN_POINT('',(-0.02785,-0.0279500023298823,0.0082));
#4699=CARTESIAN_POINT('',(-0.02785,-0.0279500023298823,0.0071));
#4700=CARTESIAN_POINT('',(-0.02785,-0.0279500023298823,0.0056));
#4701=CARTESIAN_POINT('',(-0.02785,-0.0247809616910213,0.0056));
#4702=CARTESIAN_POINT('',(-0.02785,-0.0213196123298823,0.0056));
#4703=CARTESIAN_POINT('',(-0.02785,-0.0213196123298823,0.0071));
#4704=CARTESIAN_POINT('',(-0.02785,-0.0213196123298823,0.00629338704560044));
#4705=CARTESIAN_POINT('',(-0.02785,-0.0213196123298823,0.00629338704560044));
#4706=CARTESIAN_POINT('',(-0.02785,-0.0215059451936759,0.00652134962679841));
#4707=CARTESIAN_POINT('',(-0.02785,-0.0216119210521603,0.00680532750761655));
#4708=CARTESIAN_POINT('',(-0.02785,-0.0216119210521603,0.0071));
#4709=CARTESIAN_POINT('',(-0.02215,-0.0247809616910213,0.0071));
#4710=CARTESIAN_POINT('',(-0.02215,-0.0216570025731232,0.00960000000000003));
#4711=CARTESIAN_POINT('',(-0.02215,-0.0225525823918523,0.00877669793478024));
#4712=CARTESIAN_POINT('',(-0.02215,-0.0234360729085702,0.00794065315371172));
#4713=CARTESIAN_POINT('',(-0.02215,-0.0243151913581931,0.00710000000000005));
#4714=CARTESIAN_POINT('',(-0.02215,-0.0216570025731232,0.0096));
#4715=CARTESIAN_POINT('',(-0.02215,-0.0243151913581931,0.0071));
#4716=CARTESIAN_POINT('',(-0.02215,-0.0247809616910213,0.0071));
#4717=CARTESIAN_POINT('',(-0.02215,-0.0216119210521602,0.0071));
#4718=CARTESIAN_POINT('',(-0.02215,-0.0216119210521602,0.0071));
#4719=CARTESIAN_POINT('',(-0.02215,-0.0216119210521602,0.00680533186283418));
#4720=CARTESIAN_POINT('',(-0.02215,-0.0215059375917702,0.00652134032650633));
#4721=CARTESIAN_POINT('',(-0.02215,-0.0213196123298823,0.00629338704560043));
#4722=CARTESIAN_POINT('',(-0.02215,-0.0213196123298823,0.00629338704560043));
#4723=CARTESIAN_POINT('',(-0.02215,-0.0213196123298823,0.0071));
#4724=CARTESIAN_POINT('',(-0.02215,-0.0213196123298823,0.0056));
#4725=CARTESIAN_POINT('',(-0.02215,-0.0247809616910213,0.0056));
#4726=CARTESIAN_POINT('',(-0.02215,-0.0279500023298823,0.0056));
#4727=CARTESIAN_POINT('',(-0.02215,-0.0279500023298823,0.0071));
#4728=CARTESIAN_POINT('',(-0.02215,-0.0279500023298823,0.0082));
#4729=CARTESIAN_POINT('',(-0.02215,-0.0247809616910213,0.0082));
#4730=CARTESIAN_POINT('',(-0.02215,-0.0242718660473499,0.0082));
#4731=CARTESIAN_POINT('',(-0.02215,-0.0242718660473499,0.009602));
#4732=CARTESIAN_POINT('',(-0.02215,-0.0242718660473499,0.0096));
#4733=CARTESIAN_POINT('',(-0.02215,-0.0247809616910213,0.0096));
#4734=CARTESIAN_POINT('',(0.00344219664064485,-0.00176572507614403,0.0096));
#4735=CARTESIAN_POINT('',(-0.025,-0.015,0.0096));
#4736=CARTESIAN_POINT('',(-0.025,-0.015,0.0096));
#4737=CARTESIAN_POINT('',(0.00344219664064485,-0.00176572507614403,0.0096));
#4738=CARTESIAN_POINT('',(0.015,0.047,0.0096));
#4739=CARTESIAN_POINT('',(0.01785,0.0403429974268767,0.0096));
#4740=CARTESIAN_POINT('',(0.01215,0.0403429974268766,0.0096));
#4741=CARTESIAN_POINT('',(0.01785,0.0372190383089787,0.0096));
#4742=CARTESIAN_POINT('',(0.01785,0.0340499976701177,0.0096));
#4743=CARTESIAN_POINT('',(0.01785,0.0340499976701177,0.0096));
#4744=CARTESIAN_POINT('',(0.0265473031252624,0.0340499976701177,0.0096));
#4745=CARTESIAN_POINT('',(0.0265473031252624,0.0175913878507055,0.0096));
#4746=CARTESIAN_POINT('',(0.0352446062505246,0.0175913878507055,0.0096));
#4747=CARTESIAN_POINT('',(0.0352446062505246,0.0175913878507055,0.0096));
#4748=CARTESIAN_POINT('',(0.0352446062505246,0.0207604284895665,0.0096));
#4749=CARTESIAN_POINT('',(0.0352446062505246,0.0238843876074645,0.0096));
#4750=CARTESIAN_POINT('',(0.0380946062505245,0.0305413901805877,0.0096));
#4751=CARTESIAN_POINT('',(0.0409446062505245,0.0238843876074646,0.0096));
#4752=CARTESIAN_POINT('',(0.0409446062505246,0.0207604284895665,0.0096));
#4753=CARTESIAN_POINT('',(0.0409446062505246,0.0175913878507055,0.0096));
#4754=CARTESIAN_POINT('',(0.0422855708881927,0.0175913878507055,0.0096));
#4755=CARTESIAN_POINT('',(0.0493265355275505,0.0175913878468495,0.0096));
#4756=CARTESIAN_POINT('',(0.0215026705193376,0.119620787451409,0.0096));
#4757=CARTESIAN_POINT('',(0.0272129236474225,0.113990505710187,0.0096));
#4758=CARTESIAN_POINT('',(0.039902773447728,0.0967940103362035,0.0096));
#4759=CARTESIAN_POINT('',(0.0492206986474082,0.0675236589533636,0.0096));
#4760=CARTESIAN_POINT('',(0.0521341897343862,0.04418742637804,0.0096));
#4761=CARTESIAN_POINT('',(0.0507563081581103,0.022304651014531,0.0096));
#4762=CARTESIAN_POINT('',(0.0444366238282232,-0.0057698390315077,0.0096));
#4763=CARTESIAN_POINT('',(0.0381499493929193,-0.0325682970419284,0.0096));
#4764=CARTESIAN_POINT('',(0.0384718371075877,-0.0784407309750935,0.0096));
#4765=CARTESIAN_POINT('',(0.0359156055666579,-0.104734555593496,0.0096));
#4766=CARTESIAN_POINT('',(0.0332965860559749,-0.117235710484526,0.0096));
#4767=CARTESIAN_POINT('',(0.0288741408299105,-0.127019227602136,0.0096));
#4768=CARTESIAN_POINT('',(0.0172252724681904,-0.137281382288518,0.0096));
#4769=CARTESIAN_POINT('',(0.00502383569431771,-0.139538222684894,0.0096));
#4770=CARTESIAN_POINT('',(-0.00718591563257419,-0.138140580996733,0.0096));
#4771=CARTESIAN_POINT('',(-0.0177141023146513,-0.133042141406943,0.0096));
#4772=CARTESIAN_POINT('',(-0.0242231931773568,-0.124609077193529,0.0096));
#4773=CARTESIAN_POINT('',(-0.0275696821378419,-0.114362164814031,0.0096));
#4774=CARTESIAN_POINT('',(-0.0271500276859532,-0.10896662161347,0.0096));
#4775=CARTESIAN_POINT('',(-0.0271436339466868,-0.106115072119663,0.0096));
#4776=CARTESIAN_POINT('',(0.0215026705193376,0.119620787451409,0.0096));
#4777=CARTESIAN_POINT('',(-0.0336985878564824,0.115609233862692,0.0096));
#4778=CARTESIAN_POINT('',(-0.0117347861008468,0.152392757613802,0.0096));
#4779=CARTESIAN_POINT('',(0.0215026705193376,0.119620787451409,0.0096));
#4780=CARTESIAN_POINT('',(-0.0336985878564824,0.115609233862692,0.0096));
#4781=CARTESIAN_POINT('',(-0.0271436339466868,-0.106115072119663,0.0096));
#4782=CARTESIAN_POINT('',(-0.0271311949426246,-0.100567389572755,0.0096));
#4783=CARTESIAN_POINT('',(-0.0269101947351676,-0.0972111914691733,0.0096));
#4784=CARTESIAN_POINT('',(-0.0255424793206168,-0.0829728242197542,0.0096));
#4785=CARTESIAN_POINT('',(-0.0249837505433547,-0.0739049792343054,0.0096));
#4786=CARTESIAN_POINT('',(-0.0256702150470574,-0.0598668828348255,0.0096));
#4787=CARTESIAN_POINT('',(-0.034519299521254,-0.0331892895975171,0.0096));
#4788=CARTESIAN_POINT('',(-0.0389748451335848,-0.0118897484721011,0.0096));
#4789=CARTESIAN_POINT('',(-0.0416448968809279,0.0106273273306511,0.0096));
#4790=CARTESIAN_POINT('',(-0.0421463497351772,0.0416486725728824,0.0096));
#4791=CARTESIAN_POINT('',(-0.0452498214530965,0.0754134494867357,0.0096));
#4792=CARTESIAN_POINT('',(-0.0387621518164245,0.103358813333355,0.0096));
#4793=CARTESIAN_POINT('',(-0.0365468792428931,0.110839103671764,0.0096));
#4794=CARTESIAN_POINT('',(-0.0336985878564824,0.115609233862692,0.0096));
#4795=CARTESIAN_POINT('',(-0.0419970978082009,0.0284856826716058,0.0096));
#4796=CARTESIAN_POINT('',(-0.0346973429441843,0.0284856826788819,0.0096));
#4797=CARTESIAN_POINT('',(-0.0273975880801678,0.0284856826788819,0.0096));
#4798=CARTESIAN_POINT('',(-0.0273975880801678,0.031654723317743,0.0096));
#4799=CARTESIAN_POINT('',(-0.0273975880801678,0.034778682435641,0.0096));
#4800=CARTESIAN_POINT('',(-0.0245475880801677,0.0414356850087643,0.0096));
#4801=CARTESIAN_POINT('',(-0.0216975880801678,0.034778682435641,0.0096));
#4802=CARTESIAN_POINT('',(-0.0216975880801678,0.031654723317743,0.0096));
#4803=CARTESIAN_POINT('',(-0.0216975880801678,0.0284856826788819,0.0096));
#4804=CARTESIAN_POINT('',(-0.0216975880801678,0.0284856826788819,0.0096));
#4805=CARTESIAN_POINT('',(-0.00477379404008385,0.0284856826788819,0.0096));
#4806=CARTESIAN_POINT('',(-0.00477379404008385,0.0340499976701177,0.0096));
#4807=CARTESIAN_POINT('',(0.01215,0.0340499976701177,0.0096));
#4808=CARTESIAN_POINT('',(0.01215,0.0340499976701177,0.0096));
#4809=CARTESIAN_POINT('',(0.01215,0.0372190383089787,0.0096));
#4810=CARTESIAN_POINT('',(0.01215,0.0372190383089787,0.0071));
#4811=CARTESIAN_POINT('',(0.01215,0.0372190383089787,0.0071));
#4812=CARTESIAN_POINT('',(0.01215,0.0376848086418069,0.0071));
#4813=CARTESIAN_POINT('',(0.01215,0.0403880789478398,0.0071));
#4814=CARTESIAN_POINT('',(0.01215,0.0403429974268767,0.00959999999999997));
#4815=CARTESIAN_POINT('',(0.01215,0.0394474176343933,0.00877669795890774));
#4816=CARTESIAN_POINT('',(0.01215,0.0385639271102292,0.0079406531716886));
#4817=CARTESIAN_POINT('',(0.01215,0.0376848086418069,0.0071));
#4818=CARTESIAN_POINT('',(0.01215,0.0340499976701177,0.009602));
#4819=CARTESIAN_POINT('',(0.01215,0.0340499976701177,0.0082));
#4820=CARTESIAN_POINT('',(0.01215,0.0340499976701177,0.0071));
#4821=CARTESIAN_POINT('',(0.01215,0.0340499976701177,0.0056));
#4822=CARTESIAN_POINT('',(0.01215,0.0372190383089787,0.0056));
#4823=CARTESIAN_POINT('',(0.01215,0.0406803876701177,0.0056));
#4824=CARTESIAN_POINT('',(0.01215,0.0406803876701177,0.0071));
#4825=CARTESIAN_POINT('',(0.01215,0.0406803876701177,0.00629338704560044));
#4826=CARTESIAN_POINT('',(0.01215,0.0406803876701177,0.00629338704560044));
#4827=CARTESIAN_POINT('',(0.01215,0.0404940548063241,0.00652134962679842));
#4828=CARTESIAN_POINT('',(0.01215,0.0403880789478398,0.00680532750761655));
#4829=CARTESIAN_POINT('',(0.01215,0.0403880789478398,0.0071));
#4830=CARTESIAN_POINT('',(0.01785,0.0372190383089787,0.0071));
#4831=CARTESIAN_POINT('',(0.01785,0.0403429974268767,0.0096));
#4832=CARTESIAN_POINT('',(0.01785,0.0394474176081476,0.00877669793478021));
#4833=CARTESIAN_POINT('',(0.01785,0.0385639270914297,0.00794065315371168));
#4834=CARTESIAN_POINT('',(0.01785,0.0376848086418069,0.0071));
#4835=CARTESIAN_POINT('',(0.01785,0.0376848086418069,0.0071));
#4836=CARTESIAN_POINT('',(0.01785,0.0372190383089787,0.0071));
#4837=CARTESIAN_POINT('',(0.01785,0.0403880789478398,0.0071));
#4838=CARTESIAN_POINT('',(0.01785,0.0403880789478398,0.0071));
#4839=CARTESIAN_POINT('',(0.01785,0.0403880789478397,0.00680533186283419));
#4840=CARTESIAN_POINT('',(0.01785,0.0404940624082299,0.00652134032650636));
#4841=CARTESIAN_POINT('',(0.01785,0.0406803876701177,0.00629338704560047));
#4842=CARTESIAN_POINT('',(0.01785,0.0406803876701177,0.00629338704560047));
#4843=CARTESIAN_POINT('',(0.01785,0.0406803876701177,0.0071));
#4844=CARTESIAN_POINT('',(0.01785,0.0406803876701177,0.0056));
#4845=CARTESIAN_POINT('',(0.01785,0.0372190383089787,0.0056));
#4846=CARTESIAN_POINT('',(0.01785,0.0340499976701177,0.0056));
#4847=CARTESIAN_POINT('',(0.01785,0.0340499976701177,0.0071));
#4848=CARTESIAN_POINT('',(0.01785,0.0340499976701177,0.0082));
#4849=CARTESIAN_POINT('',(0.01785,0.0340499976701177,0.009602));
#4850=CARTESIAN_POINT('',(-0.0273975880801678,0.031654723317743,0.0071));
#4851=CARTESIAN_POINT('',(-0.0273975880801678,0.031654723317743,0.0071));
#4852=CARTESIAN_POINT('',(-0.0273975880801678,0.0321204936505712,0.0071));
#4853=CARTESIAN_POINT('',(-0.0273975880801678,0.034823763956604,0.0071));
#4854=CARTESIAN_POINT('',(-0.0273975880801678,0.034778682435641,0.00960000000000001));
#4855=CARTESIAN_POINT('',(-0.0273975880801678,0.0338831026431577,0.00877669795890777));
#4856=CARTESIAN_POINT('',(-0.0273975880801678,0.0329996121189935,0.00794065317168861));
#4857=CARTESIAN_POINT('',(-0.0273975880801678,0.0321204936505712,0.0071));
#4858=CARTESIAN_POINT('',(-0.0273975880801678,0.0284856826788819,0.009602));
#4859=CARTESIAN_POINT('',(-0.0273975880801678,0.0284856826788819,0.0082));
#4860=CARTESIAN_POINT('',(-0.0273975880801678,0.0284856826788819,0.0071));
#4861=CARTESIAN_POINT('',(-0.0273975880801678,0.0284856826788819,0.0056));
#4862=CARTESIAN_POINT('',(-0.0273975880801678,0.031654723317743,0.0056));
#4863=CARTESIAN_POINT('',(-0.0273975880801678,0.0351160726788819,0.0056));
#4864=CARTESIAN_POINT('',(-0.0273975880801678,0.0351160726788819,0.0071));
#4865=CARTESIAN_POINT('',(-0.0273975880801678,0.0351160726788819,0.00629338704560042));
#4866=CARTESIAN_POINT('',(-0.0273975880801678,0.0351160726788819,0.00629338704560042));
#4867=CARTESIAN_POINT('',(-0.0273975880801678,0.0349297398150883,0.0065213496267984));
#4868=CARTESIAN_POINT('',(-0.0273975880801678,0.034823763956604,0.00680532750761654));
#4869=CARTESIAN_POINT('',(-0.0273975880801678,0.034823763956604,0.0071));
#4870=CARTESIAN_POINT('',(-0.0216975880801678,0.031654723317743,0.0071));
#4871=CARTESIAN_POINT('',(-0.0216975880801678,0.034778682435641,0.00960000000000001));
#4872=CARTESIAN_POINT('',(-0.0216975880801678,0.0338831026169119,0.00877669793478021));
#4873=CARTESIAN_POINT('',(-0.0216975880801678,0.032999612100194,0.00794065315371168));
#4874=CARTESIAN_POINT('',(-0.0216975880801678,0.0321204936505712,0.0071));
#4875=CARTESIAN_POINT('',(-0.0216975880801678,0.0321204936505712,0.0071));
#4876=CARTESIAN_POINT('',(-0.0216975880801678,0.031654723317743,0.0071));
#4877=CARTESIAN_POINT('',(-0.0216975880801678,0.034823763956604,0.0071));
#4878=CARTESIAN_POINT('',(-0.0216975880801678,0.034823763956604,0.0071));
#4879=CARTESIAN_POINT('',(-0.0216975880801678,0.034823763956604,0.00680533186283419));
#4880=CARTESIAN_POINT('',(-0.0216975880801678,0.0349297474169941,0.00652134032650635));
#4881=CARTESIAN_POINT('',(-0.0216975880801678,0.0351160726788819,0.00629338704560045));
#4882=CARTESIAN_POINT('',(-0.0216975880801678,0.0351160726788819,0.00629338704560045));
#4883=CARTESIAN_POINT('',(-0.0216975880801678,0.0351160726788819,0.0071));
#4884=CARTESIAN_POINT('',(-0.0216975880801678,0.0351160726788819,0.0056));
#4885=CARTESIAN_POINT('',(-0.0216975880801678,0.031654723317743,0.0056));
#4886=CARTESIAN_POINT('',(-0.0216975880801678,0.0284856826788819,0.0056));
#4887=CARTESIAN_POINT('',(-0.0216975880801678,0.0284856826788819,0.0071));
#4888=CARTESIAN_POINT('',(-0.0216975880801678,0.0284856826788819,0.0082));
#4889=CARTESIAN_POINT('',(-0.0216975880801678,0.0284856826788819,0.009602));
#4890=CARTESIAN_POINT('',(0.0352446062505246,0.0207604284895665,0.0071));
#4891=CARTESIAN_POINT('',(0.0352446062505246,0.0207604284895665,0.0071));
#4892=CARTESIAN_POINT('',(0.0352446062505246,0.0212261988223946,0.0071));
#4893=CARTESIAN_POINT('',(0.0352446062505246,0.0239294691284275,0.0071));
#4894=CARTESIAN_POINT('',(0.0352446062505245,0.0238843876074645,0.00960000000000002));
#4895=CARTESIAN_POINT('',(0.0352446062505245,0.0229888078149811,0.00877669795890778));
#4896=CARTESIAN_POINT('',(0.0352446062505245,0.022105317290817,0.00794065317168862));
#4897=CARTESIAN_POINT('',(0.0352446062505245,0.0212261988223946,0.0071));
#4898=CARTESIAN_POINT('',(0.0352446062505246,0.0175913878507055,0.009602));
#4899=CARTESIAN_POINT('',(0.0352446062505246,0.0175913878507055,0.0082));
#4900=CARTESIAN_POINT('',(0.0352446062505246,0.0175913878507055,0.0071));
#4901=CARTESIAN_POINT('',(0.0352446062505246,0.0175913878507055,0.0056));
#4902=CARTESIAN_POINT('',(0.0352446062505246,0.0207604284895665,0.0056));
#4903=CARTESIAN_POINT('',(0.0352446062505246,0.0242217778507055,0.0056));
#4904=CARTESIAN_POINT('',(0.0352446062505246,0.0242217778507055,0.0071));
#4905=CARTESIAN_POINT('',(0.0352446062505246,0.0242217778507055,0.00629338704560043));
#4906=CARTESIAN_POINT('',(0.0352446062505246,0.0242217778507055,0.00629338704560043));
#4907=CARTESIAN_POINT('',(0.0352446062505246,0.0240354449869119,0.0065213496267984));
#4908=CARTESIAN_POINT('',(0.0352446062505246,0.0239294691284275,0.00680532750761654));
#4909=CARTESIAN_POINT('',(0.0352446062505246,0.0239294691284275,0.0071));
#4910=CARTESIAN_POINT('',(0.0409446062505246,0.0207604284895665,0.0071));
#4911=CARTESIAN_POINT('',(0.0409446062505246,0.0238843876074645,0.00960000000000002));
#4912=CARTESIAN_POINT('',(0.0409446062505246,0.0229888077887354,0.00877669793478022));
#4913=CARTESIAN_POINT('',(0.0409446062505246,0.0221053172720175,0.00794065315371169));
#4914=CARTESIAN_POINT('',(0.0409446062505246,0.0212261988223946,0.00710000000000001));
#4915=CARTESIAN_POINT('',(0.0409446062505246,0.0212261988223947,0.0071));
#4916=CARTESIAN_POINT('',(0.0409446062505246,0.0207604284895665,0.0071));
#4917=CARTESIAN_POINT('',(0.0409446062505245,0.0239294691284275,0.0071));
#4918=CARTESIAN_POINT('',(0.0409446062505245,0.0239294691284275,0.0071));
#4919=CARTESIAN_POINT('',(0.0409446062505245,0.0239294691284276,0.00680533186283415));
#4920=CARTESIAN_POINT('',(0.0409446062505245,0.0240354525888177,0.00652134032650628));
#4921=CARTESIAN_POINT('',(0.0409446062505245,0.0242217778507056,0.00629338704560037));
#4922=CARTESIAN_POINT('',(0.0409446062505246,0.0242217778507056,0.00629338704560037));
#4923=CARTESIAN_POINT('',(0.0409446062505246,0.0242217778507056,0.0071));
#4924=CARTESIAN_POINT('',(0.0409446062505245,0.0242217778507056,0.0056));
#4925=CARTESIAN_POINT('',(0.0409446062505246,0.0207604284895665,0.0056));
#4926=CARTESIAN_POINT('',(0.0409446062505246,0.0175913878507055,0.0056));
#4927=CARTESIAN_POINT('',(0.0409446062505246,0.0175913878507055,0.0071));
#4928=CARTESIAN_POINT('',(0.0409446062505246,0.0175913878507055,0.0082));
#4929=CARTESIAN_POINT('',(0.0409446062505246,0.0175913878507055,0.009602));
#4930=CARTESIAN_POINT('',(0.00344218414064486,-0.00176572507614403,0.0082));
#4931=CARTESIAN_POINT('',(0.0275,-0.118,0.0082));
#4932=CARTESIAN_POINT('',(0.0289,-0.118,0.0082));
#4933=CARTESIAN_POINT('',(0.03185,-0.0694500023298823,0.0082));
#4934=CARTESIAN_POINT('',(0.03325,-0.0694500023298823,0.0082));
#4935=CARTESIAN_POINT('',(0.0445946062505247,0.0135913878507055,0.0082));
#4936=CARTESIAN_POINT('',(0.0459946062505247,0.0135913878507055,0.0082));
#4937=CARTESIAN_POINT('',(0.0268,-0.0642,0.0082));
#4938=CARTESIAN_POINT('',(0.0268,-0.0650984435926199,0.0082));
#4939=CARTESIAN_POINT('',(0.0266530202941491,-0.0668153738378018,0.0082));
#4940=CARTESIAN_POINT('',(0.0262436606668745,-0.0687813923606303,0.0082));
#4941=CARTESIAN_POINT('',(0.0258631793820145,-0.0702743927587256,0.0082));
#4942=CARTESIAN_POINT('',(0.0255698045488072,-0.0713626867157459,0.0082));
#4943=CARTESIAN_POINT('',(0.0252841206659174,-0.072429605771416,0.0082));
#4944=CARTESIAN_POINT('',(0.0250264775926777,-0.0734793808354506,0.0082));
#4945=CARTESIAN_POINT('',(0.0247743103439633,-0.0745909520986151,0.0082));
#4946=CARTESIAN_POINT('',(0.0244138854794486,-0.0761449090253021,0.0082));
#4947=CARTESIAN_POINT('',(0.0238591664293593,-0.0782277388852166,0.0082));
#4948=CARTESIAN_POINT('',(0.0229434954424595,-0.0806221695391904,0.0082));
#4949=CARTESIAN_POINT('',(0.0221168478566323,-0.0821919500031541,0.0082));
#4950=CARTESIAN_POINT('',(0.0217407113700536,-0.0828255829097745,0.0082));
#4951=CARTESIAN_POINT('',(0.0268,-0.0642,0.0082));
#4952=CARTESIAN_POINT('',(0.0226835406589199,-0.0810617116721104,0.0082));
#4953=CARTESIAN_POINT('',(-0.00096522069673222,-0.00310270550106365,0.0082));
#4954=CARTESIAN_POINT('',(0.0215026705193376,0.119620787451409,0.0082));
#4955=CARTESIAN_POINT('',(0.0272129236474225,0.113990505710187,0.0082));
#4956=CARTESIAN_POINT('',(0.039902773447728,0.0967940103362035,0.0082));
#4957=CARTESIAN_POINT('',(0.0492206986474082,0.0675236589533636,0.0082));
#4958=CARTESIAN_POINT('',(0.0521341897343862,0.04418742637804,0.0082));
#4959=CARTESIAN_POINT('',(0.0507563081581103,0.022304651014531,0.0082));
#4960=CARTESIAN_POINT('',(0.0444366238282232,-0.0057698390315077,0.0082));
#4961=CARTESIAN_POINT('',(0.0381499493929193,-0.0325682970419284,0.0082));
#4962=CARTESIAN_POINT('',(0.0384718371075877,-0.0784407309750935,0.0082));
#4963=CARTESIAN_POINT('',(0.0359156055666579,-0.104734555593496,0.0082));
#4964=CARTESIAN_POINT('',(0.0332965860559749,-0.117235710484526,0.0082));
#4965=CARTESIAN_POINT('',(0.0288741408299105,-0.127019227602136,0.0082));
#4966=CARTESIAN_POINT('',(0.0172252724681904,-0.137281382288518,0.0082));
#4967=CARTESIAN_POINT('',(0.00502383569431771,-0.139538222684894,0.0082));
#4968=CARTESIAN_POINT('',(-0.00718591563257419,-0.138140580996733,0.0082));
#4969=CARTESIAN_POINT('',(-0.0177141023146513,-0.133042141406943,0.0082));
#4970=CARTESIAN_POINT('',(-0.0242231931773568,-0.124609077193529,0.0082));
#4971=CARTESIAN_POINT('',(-0.0275696821378419,-0.114362164814031,0.0082));
#4972=CARTESIAN_POINT('',(-0.0271500276859532,-0.10896662161347,0.0082));
#4973=CARTESIAN_POINT('',(-0.0271436339466868,-0.106115072119663,0.0082));
#4974=CARTESIAN_POINT('',(0.0493265355275505,0.0175913878468495,0.0082));
#4975=CARTESIAN_POINT('',(0.0422855708881927,0.0175913878507055,0.0082));
#4976=CARTESIAN_POINT('',(0.0408696062505247,0.0175913878507055,0.0082));
#4977=CARTESIAN_POINT('',(0.0407946062505247,0.0175913878507055,0.0082));
#4978=CARTESIAN_POINT('',(0.0407946062505248,0.0102163890156466,0.0082));
#4979=CARTESIAN_POINT('',(0.0407946062505248,0.00284139018058778,0.0082));
#4980=CARTESIAN_POINT('',(0.0380946062505248,0.00284139018058778,0.0082));
#4981=CARTESIAN_POINT('',(0.0398946062505248,0.00284139018058778,0.0082));
#4982=CARTESIAN_POINT('',(0.0398946062505248,0.00284139018058778,0.0082));
#4983=CARTESIAN_POINT('',(0.0398946062505248,0.000840245296898091,0.0082));
#4984=CARTESIAN_POINT('',(0.0397634548288436,-0.00218886811687483,0.0082));
#4985=CARTESIAN_POINT('',(0.0392191612027913,-0.00610167617297818,0.0082));
#4986=CARTESIAN_POINT('',(0.038589650779034,-0.00893488461230491,0.0082));
#4987=CARTESIAN_POINT('',(0.0378435425442735,-0.01117818989281,0.0082));
#4988=CARTESIAN_POINT('',(0.0370742321442583,-0.0128888085040464,0.0082));
#4989=CARTESIAN_POINT('',(0.0361961225824574,-0.0145009752465273,0.0082));
#4990=CARTESIAN_POINT('',(0.0349101215162683,-0.0163256027471524,0.0082));
#4991=CARTESIAN_POINT('',(0.0334234731563768,-0.0179095987536078,0.0082));
#4992=CARTESIAN_POINT('',(0.0321439077889709,-0.0190640900932192,0.0082));
#4993=CARTESIAN_POINT('',(0.0311437191027546,-0.019884856704249,0.0082));
#4994=CARTESIAN_POINT('',(0.0301034135226508,-0.0206733162466857,0.0082));
#4995=CARTESIAN_POINT('',(0.0290319516255854,-0.0214376240128382,0.0082));
#4996=CARTESIAN_POINT('',(0.0278832673863455,-0.0222137892982549,0.0082));
#4997=CARTESIAN_POINT('',(0.026243952912675,-0.0232457099218076,0.0082));
#4998=CARTESIAN_POINT('',(0.0239885835460316,-0.0244995769273418,0.0082));
#4999=CARTESIAN_POINT('',(0.0209357456050681,-0.0258439678695076,0.0082));
#5000=CARTESIAN_POINT('',(0.0167760048478897,-0.0271625465999397,0.0082));
#5001=CARTESIAN_POINT('',(0.0133293131132939,-0.0276862476831127,0.0082));
#5002=CARTESIAN_POINT('',(0.0110199679906416,-0.0277739745771256,0.0082));
#5003=CARTESIAN_POINT('',(0.0110199712340848,-0.0277739963027878,0.0082));
#5004=CARTESIAN_POINT('',(0.0110725407862575,-0.0272311251872433,0.0082));
#5005=CARTESIAN_POINT('',(0.0110550152884195,-0.0274121311615089,0.0082));
#5006=CARTESIAN_POINT('',(0.0110374897905816,-0.0275931371357746,0.0082));
#5007=CARTESIAN_POINT('',(0.0110199642927436,-0.0277741431100401,0.0082));
#5008=CARTESIAN_POINT('',(0.010981362262881,-0.0281728306730695,0.0082));
#5009=CARTESIAN_POINT('',(0.0108585778748455,-0.0294982917908281,0.0082));
#5010=CARTESIAN_POINT('',(0.0105972967003084,-0.0327932635084021,0.0082));
#5011=CARTESIAN_POINT('',(0.0103284791457159,-0.0379042676368795,0.0082));
#5012=CARTESIAN_POINT('',(0.0102247973920586,-0.0443326913848578,0.0082));
#5013=CARTESIAN_POINT('',(0.0103784175497215,-0.0508432574407025,0.0082));
#5014=CARTESIAN_POINT('',(0.0107504619454153,-0.056156992406927,0.0082));
#5015=CARTESIAN_POINT('',(0.0112092017386926,-0.0602291091090604,0.0082));
#5016=CARTESIAN_POINT('',(0.0116363742005264,-0.0631645366842394,0.0082));
#5017=CARTESIAN_POINT('',(0.0121482518429252,-0.0659512222822208,0.0082));
#5018=CARTESIAN_POINT('',(0.0126452579233716,-0.0681231919250898,0.0082));
#5019=CARTESIAN_POINT('',(0.0130836737458769,-0.0697541921382039,0.0082));
#5020=CARTESIAN_POINT('',(0.0134319615799643,-0.0709194193264303,0.0082));
#5021=CARTESIAN_POINT('',(0.0137992270234393,-0.0720239196188133,0.0082));
#5022=CARTESIAN_POINT('',(0.0141818681828207,-0.073056903149085,0.0082));
#5023=CARTESIAN_POINT('',(0.0145888339582513,-0.0740459257983905,0.0082));
#5024=CARTESIAN_POINT('',(0.015162772733951,-0.0753186519181059,0.0082));
#5025=CARTESIAN_POINT('',(0.015935096603713,-0.0768373778222956,0.0082));
#5026=CARTESIAN_POINT('',(0.0169400008016991,-0.078592022726576,0.0082));
#5027=CARTESIAN_POINT('',(0.017823580239581,-0.0800193305958943,0.0082));
#5028=CARTESIAN_POINT('',(0.0183689183314132,-0.0808759077854584,0.0082));
#5029=CARTESIAN_POINT('',(0.0185460073916358,-0.0811530900401616,0.0082));
#5030=CARTESIAN_POINT('',(0.0174802943078065,-0.0794606783792736,0.0082));
#5031=CARTESIAN_POINT('',(-0.0126557067315127,-0.0726132077611408,0.0082));
#5032=CARTESIAN_POINT('',(0.0192608252942122,-0.0798652487666379,0.0082));
#5033=CARTESIAN_POINT('',(0.0232,-0.0642,0.0082));
#5034=CARTESIAN_POINT('',(0.0232,-0.0649030133124614,0.0082));
#5035=CARTESIAN_POINT('',(0.0230861527335774,-0.0662670600179399,0.0082));
#5036=CARTESIAN_POINT('',(0.0227372049144499,-0.067961850062924,0.0082));
#5037=CARTESIAN_POINT('',(0.0223832642967256,-0.0693518649292941,0.0082));
#5038=CARTESIAN_POINT('',(0.0220954256521708,-0.0704202566986072,0.0082));
#5039=CARTESIAN_POINT('',(0.0218002546256749,-0.0715212912431202,0.0082));
#5040=CARTESIAN_POINT('',(0.021518594316383,-0.0726690941217896,0.0082));
#5041=CARTESIAN_POINT('',(0.0212633012450356,-0.0737957035464865,0.0082));
#5042=CARTESIAN_POINT('',(0.0209173125250397,-0.0752861651470748,0.0082));
#5043=CARTESIAN_POINT('',(0.0204214121779639,-0.0771364608034563,0.0082));
#5044=CARTESIAN_POINT('',(0.0196315371279261,-0.0791954154055121,0.0082));
#5045=CARTESIAN_POINT('',(0.0189048432076406,-0.0805624101189348,0.0082));
#5046=CARTESIAN_POINT('',(0.0185460073931371,-0.0811530900418676,0.0082));
#5047=CARTESIAN_POINT('',(0.0232,-0.0642,0.0082));
#5048=CARTESIAN_POINT('',(0.025,-0.0642,0.0082));
#5049=CARTESIAN_POINT('',(0.0223,-0.0642,0.0082));
#5050=CARTESIAN_POINT('',(0.0223,-0.0568250011649412,0.0082));
#5051=CARTESIAN_POINT('',(0.0223,-0.0494500023298823,0.0082));
#5052=CARTESIAN_POINT('',(0.022225,-0.0494500023298823,0.0082));
#5053=CARTESIAN_POINT('',(0.025,-0.0365,0.0082));
#5054=CARTESIAN_POINT('',(0.027775,-0.0494500023298823,0.0082));
#5055=CARTESIAN_POINT('',(0.0277,-0.0494500023298823,0.0082));
#5056=CARTESIAN_POINT('',(0.0277,-0.0568250011649412,0.0082));
#5057=CARTESIAN_POINT('',(0.0277,-0.0642,0.0082));
#5058=CARTESIAN_POINT('',(0.025,-0.0642,0.0082));
#5059=CARTESIAN_POINT('',(0.00344218414064486,-0.00176572507614403,0.0082));
#5060=CARTESIAN_POINT('',(0.0223946062505247,-0.00478361098435337,0.0082));
#5061=CARTESIAN_POINT('',(0.0237946062505247,-0.00478361098435337,0.0082));
#5062=CARTESIAN_POINT('',(0.01785,0.0340499976701177,0.0082));
#5063=CARTESIAN_POINT('',(0.0265473031252624,0.0340499976701177,0.0082));
#5064=CARTESIAN_POINT('',(0.0265473031252624,0.0175913878507055,0.0082));
#5065=CARTESIAN_POINT('',(0.0352446062505246,0.0175913878507055,0.0082));
#5066=CARTESIAN_POINT('',(0.017775,0.0340499976701177,0.0082));
#5067=CARTESIAN_POINT('',(0.0177,0.0340499976701176,0.0082));
#5068=CARTESIAN_POINT('',(0.0177,0.0266749988350589,0.0082));
#5069=CARTESIAN_POINT('',(0.0177,0.0193,0.0082));
#5070=CARTESIAN_POINT('',(0.015,0.0193,0.0082));
#5071=CARTESIAN_POINT('',(0.0168,0.0193,0.0082));
#5072=CARTESIAN_POINT('',(0.0168,0.0193,0.0082));
#5073=CARTESIAN_POINT('',(0.0168,0.019237625151233,0.0082));
#5074=CARTESIAN_POINT('',(0.0167977078197588,0.0191489209160279,0.0082));
#5075=CARTESIAN_POINT('',(0.0167918374789227,0.0190170831928577,0.0082));
#5076=CARTESIAN_POINT('',(0.0167829639262544,0.0188822041817652,0.0082));
#5077=CARTESIAN_POINT('',(0.0167697435645653,0.0187121497699351,0.0082));
#5078=CARTESIAN_POINT('',(0.0167533311702143,0.0185226827265028,0.0082));
#5079=CARTESIAN_POINT('',(0.0167335255601001,0.0183084682378442,0.0082));
#5080=CARTESIAN_POINT('',(0.0167024557868586,0.0179879399357366,0.0082));
#5081=CARTESIAN_POINT('',(0.016654809533358,0.0175206916323362,0.0082));
#5082=CARTESIAN_POINT('',(0.0165837513156083,0.0168570134528875,0.0082));
#5083=CARTESIAN_POINT('',(0.0164992703376844,0.0160972486182784,0.0082));
#5084=CARTESIAN_POINT('',(0.0164019052318405,0.0152492552036454,0.0082));
#5085=CARTESIAN_POINT('',(0.0162556808858512,0.0140121148760668,0.0082));
#5086=CARTESIAN_POINT('',(0.0160436399141122,0.0122874558934987,0.0082));
#5087=CARTESIAN_POINT('',(0.0157472544474303,0.0100025231618433,0.0082));
#5088=CARTESIAN_POINT('',(0.0154138500261193,0.00757263995336842,0.0082));
#5089=CARTESIAN_POINT('',(0.0150481480677816,0.00506779349309204,0.0082));
#5090=CARTESIAN_POINT('',(0.0146550681660756,0.00255803951887328,0.0082));
#5091=CARTESIAN_POINT('',(0.014098530744079,-0.000706830483461217,0.0082));
#5092=CARTESIAN_POINT('',(0.0133624379639422,-0.00444662073551828,0.0082));
#5093=CARTESIAN_POINT('',(0.0124608545142888,-0.00858343108761564,0.0082));
#5094=CARTESIAN_POINT('',(0.0115802134982685,-0.0125722521905043,0.0082));
#5095=CARTESIAN_POINT('',(0.0107527377834671,-0.0166352347009661,0.0082));
#5096=CARTESIAN_POINT('',(0.0101289579347268,-0.0202826272657815,0.0082));
#5097=CARTESIAN_POINT('',(0.00976362912590966,-0.022899198079682,0.0082));
#5098=CARTESIAN_POINT('',(0.00962956716164694,-0.0239648565249618,0.0082));
#5099=CARTESIAN_POINT('',(0.00960100790301169,-0.0241972477231943,0.0082));
#5100=CARTESIAN_POINT('',(0.00960100866885543,-0.0241972435410161,0.0082));
#5101=CARTESIAN_POINT('',(0.0362946062505248,0.00284139018058778,0.0082));
#5102=CARTESIAN_POINT('',(0.0362946062505248,-0.0022177567271229,0.0082));
#5103=CARTESIAN_POINT('',(0.0351985541449024,-0.0115568678598895,0.0082));
#5104=CARTESIAN_POINT('',(0.0272896134049796,-0.0189478134005265,0.0082));
#5105=CARTESIAN_POINT('',(0.0174873846580731,-0.0242409147946907,0.0082));
#5106=CARTESIAN_POINT('',(0.0096010084171483,-0.0241972435396223,0.0082));
#5107=CARTESIAN_POINT('',(0.0353946062505247,0.0102163890156466,0.0082));
#5108=CARTESIAN_POINT('',(0.0353946062505246,0.0175913878507055,0.0082));
#5109=CARTESIAN_POINT('',(0.0353196062505246,0.0175913878507055,0.0082));
#5110=CARTESIAN_POINT('',(0.00344218414064486,-0.00176572507614403,0.0082));
#5111=CARTESIAN_POINT('',(0.,-0.03,0.0082));
#5112=CARTESIAN_POINT('',(0.0014,-0.03,0.0082));
#5113=CARTESIAN_POINT('',(-0.0065,-0.1,0.0082));
#5114=CARTESIAN_POINT('',(-0.0051,-0.1,0.0082));
#5115=CARTESIAN_POINT('',(-0.0115,-0.1295,0.0082));
#5116=CARTESIAN_POINT('',(-0.0101,-0.1295,0.0082));
#5117=CARTESIAN_POINT('',(0.0085,-0.128,0.0082));
#5118=CARTESIAN_POINT('',(0.0099,-0.128,0.0082));
#5119=CARTESIAN_POINT('',(-0.00334758808016775,0.0273999976701177,0.0082));
#5120=CARTESIAN_POINT('',(-0.00194758808016775,0.0273999976701177,0.0082));
#5121=CARTESIAN_POINT('',(-0.0216975880801678,0.0284856826788819,0.0082));
#5122=CARTESIAN_POINT('',(-0.00477379404008385,0.0284856826788819,0.0082));
#5123=CARTESIAN_POINT('',(-0.00477379404008385,0.0340499976701177,0.0082));
#5124=CARTESIAN_POINT('',(0.01215,0.0340499976701177,0.0082));
#5125=CARTESIAN_POINT('',(-0.0217725880801677,0.0284856826788819,0.0082));
#5126=CARTESIAN_POINT('',(-0.0218475880801678,0.0284856826788819,0.0082));
#5127=CARTESIAN_POINT('',(-0.0218475880801678,0.0211106838438231,0.0082));
#5128=CARTESIAN_POINT('',(-0.0218475880801678,0.0137356850087643,0.0082));
#5129=CARTESIAN_POINT('',(-0.0245475880801677,0.0137356850087643,0.0082));
#5130=CARTESIAN_POINT('',(-0.0227475880801678,0.0137356850087643,0.0082));
#5131=CARTESIAN_POINT('',(-0.0227475880801678,0.0137356850087643,0.0082));
#5132=CARTESIAN_POINT('',(-0.0227475880801678,0.00585622973004722,0.0082));
#5133=CARTESIAN_POINT('',(-0.00620791350138683,-0.005086374214181,0.0082));
#5134=CARTESIAN_POINT('',(-0.00642362327371536,-0.021990255362147,0.0082));
#5135=CARTESIAN_POINT('',(-0.00616562237053332,-0.038067832803544,0.0082));
#5136=CARTESIAN_POINT('',(-0.0121387086165676,-0.0618393845307623,0.0082));
#5137=CARTESIAN_POINT('',(-0.0137492223043949,-0.0715325391905062,0.0082));
#5138=CARTESIAN_POINT('',(-0.0115017017393543,-0.118662448329124,0.0082));
#5139=CARTESIAN_POINT('',(-0.0115039576737585,-0.118665136847054,0.0082));
#5140=CARTESIAN_POINT('',(-0.0115081314847597,-0.118670651635218,0.0082));
#5141=CARTESIAN_POINT('',(-0.011561523204691,-0.118717030010434,0.0082));
#5142=CARTESIAN_POINT('',(-0.0116797834929896,-0.118798021479869,0.0082));
#5143=CARTESIAN_POINT('',(-0.0119301062877157,-0.118939267114007,0.0082));
#5144=CARTESIAN_POINT('',(-0.012335839620999,-0.119122791944804,0.0082));
#5145=CARTESIAN_POINT('',(-0.0128647860895787,-0.119330391269878,0.0082));
#5146=CARTESIAN_POINT('',(-0.0133262622389552,-0.119505322249276,0.0082));
#5147=CARTESIAN_POINT('',(-0.0138419572984759,-0.1197043692854,0.0082));
#5148=CARTESIAN_POINT('',(-0.0145861433395153,-0.120009269709168,0.0082));
#5149=CARTESIAN_POINT('',(-0.0153088101292398,-0.120346680266113,0.0082));
#5150=CARTESIAN_POINT('',(-0.0158513099711782,-0.12066066334666,0.0082));
#5151=CARTESIAN_POINT('',(-0.0159559263871256,-0.120723784854989,0.0082));
#5152=CARTESIAN_POINT('',(-0.0115017017393544,-0.118662448329124,0.0082));
#5153=CARTESIAN_POINT('',(-0.0101228217417403,-0.119819466026559,0.0082));
#5154=CARTESIAN_POINT('',(-0.0121911417381616,-0.118083939480406,0.0082));
#5155=CARTESIAN_POINT('',(-0.00745058386553306,-0.1124343626048,0.0082));
#5156=CARTESIAN_POINT('',(-0.00271002599290458,-0.106784785729194,0.0082));
#5157=CARTESIAN_POINT('',(-0.00276747932613849,-0.106736576658468,0.0082));
#5158=CARTESIAN_POINT('',(0.00768239504657683,-0.0986000349521637,0.0082));
#5159=CARTESIAN_POINT('',(0.00148406733317183,-0.110304047892228,0.0082));
#5160=CARTESIAN_POINT('',(0.0014266139999379,-0.110255838821501,0.0082));
#5161=CARTESIAN_POINT('',(-0.00331394387269059,-0.115905415697107,0.0082));
#5162=CARTESIAN_POINT('',(-0.00805450174531911,-0.121554992572713,0.0082));
#5163=CARTESIAN_POINT('',(-0.0101228217417403,-0.119819466026559,0.0082));
#5164=CARTESIAN_POINT('',(-0.00874394174412618,-0.120976483723995,0.0082));
#5165=CARTESIAN_POINT('',(-0.00874394174412619,-0.120976483723995,0.0082));
#5166=CARTESIAN_POINT('',(-0.0105618442563789,-0.123142975573958,0.0082));
#5167=CARTESIAN_POINT('',(-0.0145136595398503,-0.122701356980098,0.0082));
#5168=CARTESIAN_POINT('',(-0.0160000000000043,-0.125858961702031,0.0082));
#5169=CARTESIAN_POINT('',(-0.016,-0.125858961702028,0.0082));
#5170=CARTESIAN_POINT('',(-0.0160000000000043,-0.125858961702031,0.0082));
#5171=CARTESIAN_POINT('',(-0.0166943517465634,-0.127334053319593,0.0082));
#5172=CARTESIAN_POINT('',(-0.0168506529966449,-0.129594617931518,0.0082));
#5173=CARTESIAN_POINT('',(-0.016,-0.133273488065854,0.0082));
#5174=CARTESIAN_POINT('',(-0.0160000000000003,-0.133273488065854,0.0082));
#5175=CARTESIAN_POINT('',(0.0215026705193376,0.119620787451409,0.0082));
#5176=CARTESIAN_POINT('',(0.0272129236474225,0.113990505710187,0.0082));
#5177=CARTESIAN_POINT('',(0.039902773447728,0.0967940103362035,0.0082));
#5178=CARTESIAN_POINT('',(0.0492206986474082,0.0675236589533636,0.0082));
#5179=CARTESIAN_POINT('',(0.0521341897343862,0.04418742637804,0.0082));
#5180=CARTESIAN_POINT('',(0.0507563081581103,0.022304651014531,0.0082));
#5181=CARTESIAN_POINT('',(0.0444366238282232,-0.0057698390315077,0.0082));
#5182=CARTESIAN_POINT('',(0.0381499493929193,-0.0325682970419284,0.0082));
#5183=CARTESIAN_POINT('',(0.0384718371075877,-0.0784407309750935,0.0082));
#5184=CARTESIAN_POINT('',(0.0359156055666579,-0.104734555593496,0.0082));
#5185=CARTESIAN_POINT('',(0.0332965860559749,-0.117235710484526,0.0082));
#5186=CARTESIAN_POINT('',(0.0288741408299105,-0.127019227602136,0.0082));
#5187=CARTESIAN_POINT('',(0.0172252724681904,-0.137281382288518,0.0082));
#5188=CARTESIAN_POINT('',(0.00502383569431771,-0.139538222684894,0.0082));
#5189=CARTESIAN_POINT('',(-0.00718591563257419,-0.138140580996733,0.0082));
#5190=CARTESIAN_POINT('',(-0.0177141023146513,-0.133042141406943,0.0082));
#5191=CARTESIAN_POINT('',(-0.0242231931773568,-0.124609077193529,0.0082));
#5192=CARTESIAN_POINT('',(-0.0275696821378419,-0.114362164814031,0.0082));
#5193=CARTESIAN_POINT('',(-0.0271500276859532,-0.10896662161347,0.0082));
#5194=CARTESIAN_POINT('',(-0.0271436339466868,-0.106115072119663,0.0082));
#5195=CARTESIAN_POINT('',(0.0123,0.0266749988350589,0.0082));
#5196=CARTESIAN_POINT('',(0.0123,0.0340499976701176,0.0082));
#5197=CARTESIAN_POINT('',(0.012225,0.0340499976701177,0.0082));
#5198=CARTESIAN_POINT('',(-0.0245475880801677,0.0137356850087643,-0.0194));
#5199=CARTESIAN_POINT('',(0.00344218414064486,0.0137356850087643,0.00485));
#5200=CARTESIAN_POINT('',(-0.0227475880801678,0.0137356850087643,0.00485));
#5201=CARTESIAN_POINT('',(-0.0218475880801678,0.0137356850087643,0.00485));
#5202=CARTESIAN_POINT('',(-0.0227475880801678,0.0137356850087643,0.0052));
#5203=CARTESIAN_POINT('',(-0.0218475880801678,0.0137356850087643,-0.0194));
#5204=CARTESIAN_POINT('',(0.015,0.0193,-0.0194));
#5205=CARTESIAN_POINT('',(0.00344218414064486,0.0193,0.00485));
#5206=CARTESIAN_POINT('',(0.0168,0.0193,0.00485));
#5207=CARTESIAN_POINT('',(0.0177,0.0193,0.00485));
#5208=CARTESIAN_POINT('',(0.0168,0.0193,0.0052));
#5209=CARTESIAN_POINT('',(0.0177,0.0193,-0.0194));
#5210=CARTESIAN_POINT('',(0.0380946062505248,0.00284139018058778,-0.0194));
#5211=CARTESIAN_POINT('',(0.00344218414064485,0.00284139018058777,0.00485));
#5212=CARTESIAN_POINT('',(0.0398946062505248,0.00284139018058778,0.00485));
#5213=CARTESIAN_POINT('',(0.0407946062505248,0.00284139018058778,0.00485));
#5214=CARTESIAN_POINT('',(0.0398946062505248,0.00284139018058778,0.0052));
#5215=CARTESIAN_POINT('',(0.0407946062505248,0.00284139018058778,-0.0194));
#5216=CARTESIAN_POINT('',(0.025,-0.0642,-0.0194));
#5217=CARTESIAN_POINT('',(0.0277,-0.0642,-0.0194));
#5218=CARTESIAN_POINT('',(0.0277,-0.0642,0.00485));
#5219=CARTESIAN_POINT('',(0.00344218414064486,-0.0642,0.00485));
#5220=CARTESIAN_POINT('',(0.0223,-0.0642,0.00485));
#5221=CARTESIAN_POINT('',(0.0223,-0.0642,-0.0194));
#5222=CARTESIAN_POINT('',(0.0232,-0.0642,0.0052));
#5223=CARTESIAN_POINT('',(0.0268,-0.0642,0.0052));
#5224=CARTESIAN_POINT('',(-0.0101228217417403,-0.119819466026559,-0.0194));
#5225=CARTESIAN_POINT('',(-0.00805450174531911,-0.121554992572713,-0.0194));
#5226=CARTESIAN_POINT('',(-0.00805450174531911,-0.121554992572713,0.00485));
#5227=CARTESIAN_POINT('',(-0.060292669204821,-0.0777219655240681,0.00485));
#5228=CARTESIAN_POINT('',(-0.0121911417381616,-0.118083939480406,0.00485));
#5229=CARTESIAN_POINT('',(-0.0121911417381616,-0.118083939480406,-0.0194));
#5230=CARTESIAN_POINT('',(-0.0115017017393544,-0.118662448329124,0.0052));
#5231=CARTESIAN_POINT('',(-0.00874394174412618,-0.120976483723995,0.0052));
#5232=CARTESIAN_POINT('',(-0.025,-0.0427,-0.0194));
#5233=CARTESIAN_POINT('',(0.00344218414064486,-0.0427,0.00485));
#5234=CARTESIAN_POINT('',(-0.0232,-0.0427,0.00485));
#5235=CARTESIAN_POINT('',(-0.0223,-0.0427,0.00485));
#5236=CARTESIAN_POINT('',(-0.0232,-0.0427,0.0052));
#5237=CARTESIAN_POINT('',(-0.0232,-0.0427,0.0082));
#5238=CARTESIAN_POINT('',(-0.025,-0.0427,0.0082));
#5239=CARTESIAN_POINT('',(-0.0223,-0.0427,0.0082));
#5240=CARTESIAN_POINT('',(-0.0223,-0.0427,-0.0194));
#5241=CARTESIAN_POINT('',(-0.0272475880801678,0.0211106838438231,-0.0194));
#5242=CARTESIAN_POINT('',(-0.0272475880801678,-0.00176572507614404,0.00485));
#5243=CARTESIAN_POINT('',(-0.0272475880801678,0.0284856826788819,0.00485));
#5244=CARTESIAN_POINT('',(-0.0272475880801678,0.0284856826788819,-0.0194));
#5245=CARTESIAN_POINT('',(-0.0272475880801678,0.0284856826788819,0.0056));
#5246=CARTESIAN_POINT('',(-0.0272475880801678,0.0284856826788819,0.0071));
#5247=CARTESIAN_POINT('',(-0.0272475880801678,0.0284856826788819,0.0082));
#5248=CARTESIAN_POINT('',(-0.0272475880801678,0.0211106838438231,0.0082));
#5249=CARTESIAN_POINT('',(-0.0218475880801678,0.0211106838438231,-0.0194));
#5250=CARTESIAN_POINT('',(-0.0218475880801678,0.0284856826788819,-0.0194));
#5251=CARTESIAN_POINT('',(-0.0218475880801678,0.0284856826788819,0.00485));
#5252=CARTESIAN_POINT('',(-0.0218475880801678,0.0284856826788819,0.0056));
#5253=CARTESIAN_POINT('',(-0.0218475880801678,-0.00176572507614403,0.00485));
#5254=CARTESIAN_POINT('',(-0.0218475880801678,0.0284856826788819,0.0071));
#5255=CARTESIAN_POINT('',(0.0123,0.0266749988350589,-0.0194));
#5256=CARTESIAN_POINT('',(0.0123,-0.00176572507614403,0.00485));
#5257=CARTESIAN_POINT('',(0.0123,0.0340499976701176,0.00485));
#5258=CARTESIAN_POINT('',(0.0123,0.0340499976701176,-0.0194));
#5259=CARTESIAN_POINT('',(0.0123,0.0340499976701176,0.0056));
#5260=CARTESIAN_POINT('',(0.0123,0.0340499976701176,0.0071));
#5261=CARTESIAN_POINT('',(0.0177,0.0266749988350589,-0.0194));
#5262=CARTESIAN_POINT('',(0.0177,0.0340499976701176,-0.0194));
#5263=CARTESIAN_POINT('',(0.0177,0.0340499976701176,0.00485));
#5264=CARTESIAN_POINT('',(0.0177,0.0340499976701176,0.0056));
#5265=CARTESIAN_POINT('',(0.0177,-0.00176572507614403,0.00485));
#5266=CARTESIAN_POINT('',(0.0177,0.0340499976701176,0.0071));
#5267=CARTESIAN_POINT('',(0.0353946062505247,0.0102163890156466,-0.0194));
#5268=CARTESIAN_POINT('',(0.0353946062505248,-0.00176572507614368,0.00485));
#5269=CARTESIAN_POINT('',(0.0353946062505246,0.0175913878507055,0.00485));
#5270=CARTESIAN_POINT('',(0.0353946062505246,0.0175913878507055,-0.0194));
#5271=CARTESIAN_POINT('',(0.0353946062505246,0.0175913878507055,0.0056));
#5272=CARTESIAN_POINT('',(0.0353946062505246,0.0175913878507055,0.0071));
#5273=CARTESIAN_POINT('',(0.0407946062505248,0.0102163890156466,-0.0194));
#5274=CARTESIAN_POINT('',(0.0407946062505247,0.0175913878507055,-0.0194));
#5275=CARTESIAN_POINT('',(0.0407946062505247,0.0175913878507055,0.00485));
#5276=CARTESIAN_POINT('',(0.0407946062505247,0.0175913878507055,0.0056));
#5277=CARTESIAN_POINT('',(0.0407946062505249,-0.00176572507614362,0.00485));
#5278=CARTESIAN_POINT('',(0.0407946062505247,0.0175913878507055,0.0071));
#5279=CARTESIAN_POINT('',(0.0223,-0.0568250011649412,-0.0194));
#5280=CARTESIAN_POINT('',(0.0223,-0.00176572507614395,0.00485));
#5281=CARTESIAN_POINT('',(0.0223,-0.0494500023298823,0.00485));
#5282=CARTESIAN_POINT('',(0.0223,-0.0494500023298823,-0.0194));
#5283=CARTESIAN_POINT('',(0.0223,-0.0494500023298823,0.0056));
#5284=CARTESIAN_POINT('',(0.0223,-0.0494500023298823,0.0071));
#5285=CARTESIAN_POINT('',(0.0277,-0.0568250011649412,-0.0194));
#5286=CARTESIAN_POINT('',(0.0277,-0.0494500023298823,-0.0194));
#5287=CARTESIAN_POINT('',(0.0277,-0.0494500023298823,0.00485));
#5288=CARTESIAN_POINT('',(0.0277,-0.0494500023298823,0.0056));
#5289=CARTESIAN_POINT('',(0.0277,-0.00176572507614394,0.00485));
#5290=CARTESIAN_POINT('',(0.0277,-0.0494500023298823,0.0071));
#5291=CARTESIAN_POINT('',(-0.00331394387269059,-0.115905415697107,-0.0194));
#5292=CARTESIAN_POINT('',(0.0014266139999379,-0.110255838821501,-0.0194));
#5293=CARTESIAN_POINT('',(0.0014266139999379,-0.110255838821501,0.00485));
#5294=CARTESIAN_POINT('',(0.0014266139999379,-0.110255838821501,0.0056));
#5295=CARTESIAN_POINT('',(0.0556803516001468,-0.0455987521247894,0.00485));
#5296=CARTESIAN_POINT('',(0.0014266139999379,-0.110255838821501,0.0071));
#5297=CARTESIAN_POINT('',(-0.00745058386553306,-0.1124343626048,-0.0194));
#5298=CARTESIAN_POINT('',(0.0515437116073043,-0.042127699032482,0.00485));
#5299=CARTESIAN_POINT('',(-0.00271002599290458,-0.106784785729194,0.00485));
#5300=CARTESIAN_POINT('',(-0.00271002599290458,-0.106784785729194,-0.0194));
#5301=CARTESIAN_POINT('',(-0.00271002599290458,-0.106784785729194,0.0056));
#5302=CARTESIAN_POINT('',(-0.00271002599290458,-0.106784785729194,0.0071));
#5303=CARTESIAN_POINT('',(-0.0277,-0.0353250011649412,-0.0194));
#5304=CARTESIAN_POINT('',(-0.0277,-0.00176572507614412,0.00485));
#5305=CARTESIAN_POINT('',(-0.0277,-0.0279500023298823,0.00485));
#5306=CARTESIAN_POINT('',(-0.0277,-0.0279500023298823,0.004598));
#5307=CARTESIAN_POINT('',(-0.0277,-0.0279500023298823,0.0056));
#5308=CARTESIAN_POINT('',(-0.0277,-0.0279500023298823,0.0071));
#5309=CARTESIAN_POINT('',(-0.0277,-0.0279500023298823,0.0082));
#5310=CARTESIAN_POINT('',(-0.0277,-0.0353250011649412,0.0082));
#5311=CARTESIAN_POINT('',(-0.0223,-0.0353250011649412,-0.0194));
#5312=CARTESIAN_POINT('',(-0.0223,-0.0279500023298823,0.004598));
#5313=CARTESIAN_POINT('',(-0.0223,-0.0279500023298823,0.00485));
#5314=CARTESIAN_POINT('',(-0.0223,-0.0279500023298823,0.0056));
#5315=CARTESIAN_POINT('',(-0.0223,-0.0017657250761441,0.00485));
#5316=CARTESIAN_POINT('',(-0.0223,-0.0353250011649412,0.0082));
#5317=CARTESIAN_POINT('',(-0.0223,-0.0279500023298823,0.0082));
#5318=CARTESIAN_POINT('',(-0.0223,-0.0279500023298823,0.0071));
#5319=CARTESIAN_POINT('',(0.0215026705193376,0.119620787451409,0.0096));
#5320=CARTESIAN_POINT('',(0.0215026705193376,0.119620787451409,0.0046));
#5321=CARTESIAN_POINT('',(0.0239461776862485,0.117211501299323,0.0096));
#5322=CARTESIAN_POINT('',(0.0239461776862485,0.117211501299323,0.0046));
#5323=CARTESIAN_POINT('',(0.0290129494442336,0.111376197350746,0.0096));
#5324=CARTESIAN_POINT('',(0.0290129494442336,0.111376197350746,0.0046));
#5325=CARTESIAN_POINT('',(0.03502780950858,0.102332950770877,0.0096));
#5326=CARTESIAN_POINT('',(0.03502780950858,0.102332950770877,0.00459999999999999));
#5327=CARTESIAN_POINT('',(0.0391698043314134,0.0945276937969905,0.0096));
#5328=CARTESIAN_POINT('',(0.0391698043314134,0.0945276937969905,0.0046));
#5329=CARTESIAN_POINT('',(0.0427613357607348,0.0864915025681102,0.0096));
#5330=CARTESIAN_POINT('',(0.0427613357607348,0.0864915025681102,0.0046));
#5331=CARTESIAN_POINT('',(0.0463082016051617,0.0762198379876193,0.0096));
#5332=CARTESIAN_POINT('',(0.0463082016051617,0.0762198379876193,0.0046));
#5333=CARTESIAN_POINT('',(0.0492237463669529,0.0643084917042777,0.0096));
#5334=CARTESIAN_POINT('',(0.0492237463669529,0.0643084917042777,0.0046));
#5335=CARTESIAN_POINT('',(0.0509659509698818,0.0533328117607395,0.0096));
#5336=CARTESIAN_POINT('',(0.0509659509698818,0.0533328117607395,0.0046));
#5337=CARTESIAN_POINT('',(0.0516520617486469,0.0428615242720771,0.0096));
#5338=CARTESIAN_POINT('',(0.0516520617486469,0.0428615242720771,0.0046));
#5339=CARTESIAN_POINT('',(0.0513926110930093,0.0325582963936152,0.0096));
#5340=CARTESIAN_POINT('',(0.0513926110930093,0.0325582963936152,0.0046));
#5341=CARTESIAN_POINT('',(0.0501411154776469,0.0217176782695718,0.0096));
#5342=CARTESIAN_POINT('',(0.0501411154776469,0.0217176782695718,0.0046));
#5343=CARTESIAN_POINT('',(0.047902687535193,0.00978640198849215,0.0096));
#5344=CARTESIAN_POINT('',(0.047902687535193,0.00978640198849215,0.0046));
#5345=CARTESIAN_POINT('',(0.0456534242300859,-0.000309358260993341,0.0096));
#5346=CARTESIAN_POINT('',(0.0456534242300859,-0.000309358260993341,0.0046));
#5347=CARTESIAN_POINT('',(0.0438753193899466,-0.00801192629317995,0.0096));
#5348=CARTESIAN_POINT('',(0.0438753193899466,-0.00801192629317995,0.0046));
#5349=CARTESIAN_POINT('',(0.0421830517500593,-0.0155316097956321,0.0096));
#5350=CARTESIAN_POINT('',(0.0421830517500593,-0.0155316097956321,0.0046));
#5351=CARTESIAN_POINT('',(0.0407048052487358,-0.0232427752419421,0.0096));
#5352=CARTESIAN_POINT('',(0.0407048052487358,-0.0232427752419421,0.0046));
#5353=CARTESIAN_POINT('',(0.0396153090847951,-0.0319266292624233,0.0096));
#5354=CARTESIAN_POINT('',(0.0396153090847951,-0.0319266292624233,0.0046));
#5355=CARTESIAN_POINT('',(0.0390428093702955,-0.0391543413496385,0.0096));
#5356=CARTESIAN_POINT('',(0.0390428093702955,-0.0391543413496385,0.0046));
#5357=CARTESIAN_POINT('',(0.0386639848752383,-0.0469138422500339,0.0096));
#5358=CARTESIAN_POINT('',(0.0386639848752383,-0.0469138422500339,0.0046));
#5359=CARTESIAN_POINT('',(0.0384145087301015,-0.0549690344201812,0.0096));
#5360=CARTESIAN_POINT('',(0.0384145087301015,-0.0549690344201812,0.0046));
#5361=CARTESIAN_POINT('',(0.0382336404320393,-0.0630980509418729,0.0096));
#5362=CARTESIAN_POINT('',(0.0382336404320393,-0.0630980509418729,0.0046));
#5363=CARTESIAN_POINT('',(0.0380594474511309,-0.0710742546850869,0.0096));
#5364=CARTESIAN_POINT('',(0.0380594474511309,-0.0710742546850869,0.0046));
#5365=CARTESIAN_POINT('',(0.0378311789990791,-0.0786758587418384,0.0096));
#5366=CARTESIAN_POINT('',(0.0378311789990791,-0.0786758587418384,0.0046));
#5367=CARTESIAN_POINT('',(0.0373690061311975,-0.0879966411231304,0.0096));
#5368=CARTESIAN_POINT('',(0.0373690061311975,-0.0879966411231304,0.0046));
#5369=CARTESIAN_POINT('',(0.0365183779384878,-0.0981164042150454,0.0096));
#5370=CARTESIAN_POINT('',(0.0365183779384878,-0.0981164042150454,0.0046));
#5371=CARTESIAN_POINT('',(0.0352195619879221,-0.107816612925317,0.0096));
#5372=CARTESIAN_POINT('',(0.0352195619879221,-0.107816612925317,0.0046));
#5373=CARTESIAN_POINT('',(0.0339164593497545,-0.114056598558385,0.0096));
#5374=CARTESIAN_POINT('',(0.0339164593497545,-0.114056598558385,0.0046));
#5375=CARTESIAN_POINT('',(0.0324849862840298,-0.118591258738769,0.0096));
#5376=CARTESIAN_POINT('',(0.0324849862840298,-0.118591258738769,0.0046));
#5377=CARTESIAN_POINT('',(0.0311148889275643,-0.121876869360547,0.0096));
#5378=CARTESIAN_POINT('',(0.0311148889275643,-0.121876869360547,0.0046));
#5379=CARTESIAN_POINT('',(0.0292601219672629,-0.125100247233152,0.0096));
#5380=CARTESIAN_POINT('',(0.0292601219672629,-0.125100247233152,0.0046));
#5381=CARTESIAN_POINT('',(0.0258401871561687,-0.12945758783896,0.0096));
#5382=CARTESIAN_POINT('',(0.0258401871561687,-0.12945758783896,0.0046));
#5383=CARTESIAN_POINT('',(0.021115520553696,-0.133652240889697,0.0096));
#5384=CARTESIAN_POINT('',(0.021115520553696,-0.133652240889697,0.0046));
#5385=CARTESIAN_POINT('',(0.0160148267550306,-0.136600428475584,0.0096));
#5386=CARTESIAN_POINT('',(0.0160148267550306,-0.136600428475584,0.0046));
#5387=CARTESIAN_POINT('',(0.0121736754538837,-0.138000575211685,0.0096));
#5388=CARTESIAN_POINT('',(0.0121736754538837,-0.138000575211685,0.0046));
#5389=CARTESIAN_POINT('',(0.00828887631422966,-0.138761137221683,0.0096));
#5390=CARTESIAN_POINT('',(0.00828887631422966,-0.138761137221683,0.0046));
#5391=CARTESIAN_POINT('',(0.00303788539946614,-0.139103103766291,0.0096));
#5392=CARTESIAN_POINT('',(0.00303788539946614,-0.139103103766291,0.0046));
#5393=CARTESIAN_POINT('',(-0.00365590679018571,-0.13857568593479,0.0096));
#5394=CARTESIAN_POINT('',(-0.00365590679018571,-0.13857568593479,0.0046));
#5395=CARTESIAN_POINT('',(-0.0113391118791504,-0.136273358295773,0.0096));
#5396=CARTESIAN_POINT('',(-0.0113391118791504,-0.136273358295773,0.0046));
#5397=CARTESIAN_POINT('',(-0.0179576390663099,-0.132268425606954,0.0096));
#5398=CARTESIAN_POINT('',(-0.0179576390663099,-0.132268425606954,0.0046));
#5399=CARTESIAN_POINT('',(-0.0219366505858329,-0.127557065606406,0.0096));
#5400=CARTESIAN_POINT('',(-0.0219366505858329,-0.127557065606406,0.0046));
#5401=CARTESIAN_POINT('',(-0.0243570940980133,-0.123133097491169,0.0096));
#5402=CARTESIAN_POINT('',(-0.0243570940980133,-0.123133097491169,0.0046));
#5403=CARTESIAN_POINT('',(-0.0257880441009493,-0.119577345648994,0.0096));
#5404=CARTESIAN_POINT('',(-0.0257880441009493,-0.119577345648994,0.0046));
#5405=CARTESIAN_POINT('',(-0.0267702697366481,-0.115990929724707,0.0096));
#5406=CARTESIAN_POINT('',(-0.0267702697366481,-0.115990929724707,0.0046));
#5407=CARTESIAN_POINT('',(-0.0272056547328967,-0.112613247967299,0.0096));
#5408=CARTESIAN_POINT('',(-0.0272056547328967,-0.112613247967299,0.0046));
#5409=CARTESIAN_POINT('',(-0.0272106964745736,-0.109428063998494,0.0096));
#5410=CARTESIAN_POINT('',(-0.0272106964745736,-0.109428063998494,0.0046));
#5411=CARTESIAN_POINT('',(-0.0271461828909639,-0.107251878057525,0.0096));
#5412=CARTESIAN_POINT('',(-0.0271461828909639,-0.107251878057525,0.0046));
#5413=CARTESIAN_POINT('',(-0.0271436339466868,-0.106115072119663,0.0096));
#5414=CARTESIAN_POINT('',(-0.0271436339466868,-0.106115072119663,0.0046));
#5415=CARTESIAN_POINT('',(0.0215026705193376,0.119620787451409,0.0063));
#5416=CARTESIAN_POINT('',(0.0272129236474225,0.113990505710187,0.0063));
#5417=CARTESIAN_POINT('',(0.039902773447728,0.0967940103362035,0.0063));
#5418=CARTESIAN_POINT('',(0.0492206986474082,0.0675236589533636,0.0063));
#5419=CARTESIAN_POINT('',(0.0521341897343862,0.04418742637804,0.0063));
#5420=CARTESIAN_POINT('',(0.0507563081581103,0.022304651014531,0.0063));
#5421=CARTESIAN_POINT('',(0.0444366238282232,-0.0057698390315077,0.0063));
#5422=CARTESIAN_POINT('',(0.0381499493929193,-0.0325682970419284,0.0063));
#5423=CARTESIAN_POINT('',(0.0384718371075877,-0.0784407309750935,0.0063));
#5424=CARTESIAN_POINT('',(0.0359156055666579,-0.104734555593496,0.0063));
#5425=CARTESIAN_POINT('',(0.0332965860559749,-0.117235710484526,0.0063));
#5426=CARTESIAN_POINT('',(0.0288741408299105,-0.127019227602136,0.0063));
#5427=CARTESIAN_POINT('',(0.0172252724681904,-0.137281382288518,0.0063));
#5428=CARTESIAN_POINT('',(0.00502383569431771,-0.139538222684894,0.0063));
#5429=CARTESIAN_POINT('',(-0.00718591563257419,-0.138140580996733,0.0063));
#5430=CARTESIAN_POINT('',(-0.0177141023146513,-0.133042141406943,0.0063));
#5431=CARTESIAN_POINT('',(-0.0242231931773568,-0.124609077193529,0.0063));
#5432=CARTESIAN_POINT('',(-0.0275696821378419,-0.114362164814031,0.0063));
#5433=CARTESIAN_POINT('',(-0.0271500276859532,-0.10896662161347,0.0063));
#5434=CARTESIAN_POINT('',(-0.0271436339466868,-0.106115072119663,0.0063));
#5435=CARTESIAN_POINT('',(-0.0160000000000003,-0.133273488065854,0.0052));
#5436=CARTESIAN_POINT('',(-0.0232,-0.125197989563417,0.0052));
#5437=CARTESIAN_POINT('',(0.0215026705193376,0.119620787451409,0.0082));
#5438=CARTESIAN_POINT('',(0.0272129236474225,0.113990505710187,0.0082));
#5439=CARTESIAN_POINT('',(0.039902773447728,0.0967940103362035,0.0082));
#5440=CARTESIAN_POINT('',(0.0492206986474082,0.0675236589533636,0.0082));
#5441=CARTESIAN_POINT('',(0.0521341897343862,0.04418742637804,0.0082));
#5442=CARTESIAN_POINT('',(0.0507563081581103,0.022304651014531,0.0082));
#5443=CARTESIAN_POINT('',(0.0444366238282232,-0.0057698390315077,0.0082));
#5444=CARTESIAN_POINT('',(0.0381499493929193,-0.0325682970419284,0.0082));
#5445=CARTESIAN_POINT('',(0.0384718371075877,-0.0784407309750935,0.0082));
#5446=CARTESIAN_POINT('',(0.0359156055666579,-0.104734555593496,0.0082));
#5447=CARTESIAN_POINT('',(0.0332965860559749,-0.117235710484526,0.0082));
#5448=CARTESIAN_POINT('',(0.0288741408299105,-0.127019227602136,0.0082));
#5449=CARTESIAN_POINT('',(0.0172252724681904,-0.137281382288518,0.0082));
#5450=CARTESIAN_POINT('',(0.00502383569431771,-0.139538222684894,0.0082));
#5451=CARTESIAN_POINT('',(-0.00718591563257419,-0.138140580996733,0.0082));
#5452=CARTESIAN_POINT('',(-0.0177141023146513,-0.133042141406943,0.0082));
#5453=CARTESIAN_POINT('',(-0.0242231931773568,-0.124609077193529,0.0082));
#5454=CARTESIAN_POINT('',(-0.0275696821378419,-0.114362164814031,0.0082));
#5455=CARTESIAN_POINT('',(-0.0271500276859532,-0.10896662161347,0.0082));
#5456=CARTESIAN_POINT('',(-0.0271436339466868,-0.106115072119663,0.0082));
#5457=CARTESIAN_POINT('',(-0.0271436339466868,-0.106115072119663,0.0082));
#5458=CARTESIAN_POINT('',(-0.0271436339466868,-0.106115072119663,0.0056));
#5459=CARTESIAN_POINT('',(-0.0271436339466868,-0.106115072119663,0.0046));
#5460=CARTESIAN_POINT('',(0.0215026705193376,0.119620787451409,0.0046));
#5461=CARTESIAN_POINT('',(0.0272129236474225,0.113990505710187,0.0046));
#5462=CARTESIAN_POINT('',(0.039902773447728,0.0967940103362035,0.0046));
#5463=CARTESIAN_POINT('',(0.0492206986474082,0.0675236589533636,0.0046));
#5464=CARTESIAN_POINT('',(0.0521341897343862,0.04418742637804,0.0046));
#5465=CARTESIAN_POINT('',(0.0507563081581103,0.022304651014531,0.0046));
#5466=CARTESIAN_POINT('',(0.0444366238282232,-0.0057698390315077,0.0046));
#5467=CARTESIAN_POINT('',(0.0381499493929193,-0.0325682970419284,0.0046));
#5468=CARTESIAN_POINT('',(0.0384718371075877,-0.0784407309750935,0.0046));
#5469=CARTESIAN_POINT('',(0.0359156055666579,-0.104734555593496,0.0046));
#5470=CARTESIAN_POINT('',(0.0332965860559749,-0.117235710484526,0.0046));
#5471=CARTESIAN_POINT('',(0.0288741408299105,-0.127019227602136,0.0046));
#5472=CARTESIAN_POINT('',(0.0172252724681904,-0.137281382288518,0.0046));
#5473=CARTESIAN_POINT('',(0.00502383569431771,-0.139538222684894,0.0046));
#5474=CARTESIAN_POINT('',(-0.00718591563257419,-0.138140580996733,0.0046));
#5475=CARTESIAN_POINT('',(-0.0177141023146513,-0.133042141406943,0.0046));
#5476=CARTESIAN_POINT('',(-0.0242231931773568,-0.124609077193529,0.0046));
#5477=CARTESIAN_POINT('',(-0.0275696821378419,-0.114362164814031,0.0046));
#5478=CARTESIAN_POINT('',(-0.0271500276859532,-0.10896662161347,0.0046));
#5479=CARTESIAN_POINT('',(-0.0271436339466868,-0.106115072119663,0.0046));
#5480=CARTESIAN_POINT('',(0.0215026705193376,0.119620787451409,0.0046));
#5481=CARTESIAN_POINT('',(0.0215026705193376,0.119620787451409,0.0056));
#5482=CARTESIAN_POINT('',(0.0493265355275505,0.0175913878468495,0.009602));
#5483=CARTESIAN_POINT('',(-0.0322975880801677,0.0351160726788819,0.0071));
#5484=CARTESIAN_POINT('',(-0.0322975880801677,0.0351160726788819,0.00575));
#5485=CARTESIAN_POINT('',(-0.0285000880801678,0.0382126827205243,0.00575));
#5486=CARTESIAN_POINT('',(-0.0275774376302619,0.0364314356440949,0.00575));
#5487=CARTESIAN_POINT('',(-0.0275774376302619,0.0364314356440949,0.00575));
#5488=CARTESIAN_POINT('',(-0.0274436463655429,0.0359513286963864,0.00575));
#5489=CARTESIAN_POINT('',(-0.0273975880801678,0.0354334923669419,0.00590505076428106));
#5490=CARTESIAN_POINT('',(-0.0273975880801678,0.0351160726788819,0.00629338704560042));
#5491=CARTESIAN_POINT('',(-0.0322975880801677,0.0351160726788819,0.0056));
#5492=CARTESIAN_POINT('',(-0.0285000880801678,0.0382126827205244,0.0056));
#5493=CARTESIAN_POINT('',(-0.0285000880801678,0.0382126827205243,0.0071));
#5494=CARTESIAN_POINT('',(-0.0245475880801677,0.0414356850087643,0.0071));
#5495=CARTESIAN_POINT('',(-0.0205950880801678,0.0382126827205244,0.0071));
#5496=CARTESIAN_POINT('',(-0.0205950880801678,0.0382126827205244,0.00575));
#5497=CARTESIAN_POINT('',(-0.0205950880801678,0.0382126827205244,0.0056));
#5498=CARTESIAN_POINT('',(-0.0245475880801677,0.0414356850087643,0.00575));
#5499=CARTESIAN_POINT('',(-0.0245475880801677,0.0414356850087643,0.0056));
#5500=CARTESIAN_POINT('',(-0.0167975880801677,0.0351160726788819,0.0071));
#5501=CARTESIAN_POINT('',(-0.0216975880801678,0.035116072678882,0.00629338704560045));
#5502=CARTESIAN_POINT('',(-0.0216975880801678,0.0354331228797363,0.00590550280078922));
#5503=CARTESIAN_POINT('',(-0.0216515911210851,0.0359511086283636,0.00575));
#5504=CARTESIAN_POINT('',(-0.0215177385300736,0.0364314356440949,0.00575));
#5505=CARTESIAN_POINT('',(-0.0215177385300736,0.0364314356440949,0.00575));
#5506=CARTESIAN_POINT('',(-0.0167975880801677,0.0351160726788819,0.00575));
#5507=CARTESIAN_POINT('',(-0.0167975880801677,0.0351160726788819,0.0056));
#5508=CARTESIAN_POINT('',(0.0303446062505245,0.0242217778507055,0.0071));
#5509=CARTESIAN_POINT('',(0.0303446062505245,0.0242217778507055,0.00575));
#5510=CARTESIAN_POINT('',(0.0341421062505245,0.0273183878923479,0.00575));
#5511=CARTESIAN_POINT('',(0.0350647567004304,0.0255371408159184,0.00575));
#5512=CARTESIAN_POINT('',(0.0350647567004304,0.0255371408159184,0.00575));
#5513=CARTESIAN_POINT('',(0.0351985479651494,0.02505703386821,0.00574999999999999));
#5514=CARTESIAN_POINT('',(0.0352446062505246,0.0245391975387654,0.0059050507642811));
#5515=CARTESIAN_POINT('',(0.0352446062505246,0.0242217778507055,0.00629338704560043));
#5516=CARTESIAN_POINT('',(0.0303446062505245,0.0242217778507055,0.0056));
#5517=CARTESIAN_POINT('',(0.0341421062505245,0.0273183878923479,0.0056));
#5518=CARTESIAN_POINT('',(0.0341421062505245,0.0273183878923479,0.0071));
#5519=CARTESIAN_POINT('',(0.0380946062505245,0.0305413901805877,0.0071));
#5520=CARTESIAN_POINT('',(0.0420471062505246,0.0273183878923479,0.0071));
#5521=CARTESIAN_POINT('',(0.0420471062505246,0.0273183878923479,0.00575));
#5522=CARTESIAN_POINT('',(0.0420471062505246,0.0273183878923479,0.0056));
#5523=CARTESIAN_POINT('',(0.0380946062505245,0.0305413901805877,0.00575));
#5524=CARTESIAN_POINT('',(0.0380946062505245,0.0305413901805877,0.0056));
#5525=CARTESIAN_POINT('',(0.0458446062505248,0.0242217778507055,0.0071));
#5526=CARTESIAN_POINT('',(0.0409446062505245,0.0242217778507056,0.00629338704560037));
#5527=CARTESIAN_POINT('',(0.0409446062505245,0.0245388280515599,0.00590550280078919));
#5528=CARTESIAN_POINT('',(0.0409906032096072,0.0250568138001872,0.00575));
#5529=CARTESIAN_POINT('',(0.0411244558006187,0.0255371408159184,0.00575));
#5530=CARTESIAN_POINT('',(0.0411244558006187,0.0255371408159184,0.00575));
#5531=CARTESIAN_POINT('',(0.0458446062505248,0.0242217778507055,0.00575));
#5532=CARTESIAN_POINT('',(0.0458446062505248,0.0242217778507055,0.0056));
#5533=CARTESIAN_POINT('',(0.00725,0.0406803876701177,0.0071));
#5534=CARTESIAN_POINT('',(0.00725,0.0406803876701177,0.00575));
#5535=CARTESIAN_POINT('',(0.0110475,0.0437769977117601,0.00575));
#5536=CARTESIAN_POINT('',(0.0119701504499059,0.0419957506353306,0.00575));
#5537=CARTESIAN_POINT('',(0.0119701504499059,0.0419957506353306,0.00575));
#5538=CARTESIAN_POINT('',(0.0121039417146249,0.0415156436876222,0.00575));
#5539=CARTESIAN_POINT('',(0.01215,0.0409978073581776,0.0059050507642811));
#5540=CARTESIAN_POINT('',(0.01215,0.0406803876701177,0.00629338704560044));
#5541=CARTESIAN_POINT('',(0.00725,0.0406803876701177,0.0056));
#5542=CARTESIAN_POINT('',(0.0110475,0.0437769977117601,0.0056));
#5543=CARTESIAN_POINT('',(0.0110475,0.0437769977117601,0.0071));
#5544=CARTESIAN_POINT('',(0.015,0.047,0.0071));
#5545=CARTESIAN_POINT('',(0.0189525,0.0437769977117601,0.0071));
#5546=CARTESIAN_POINT('',(0.0189525,0.0437769977117601,0.00575));
#5547=CARTESIAN_POINT('',(0.0189525,0.0437769977117601,0.0056));
#5548=CARTESIAN_POINT('',(0.015,0.047,0.00575));
#5549=CARTESIAN_POINT('',(0.015,0.047,0.0056));
#5550=CARTESIAN_POINT('',(0.02275,0.0406803876701176,0.0071));
#5551=CARTESIAN_POINT('',(0.01785,0.0406803876701177,0.00629338704560047));
#5552=CARTESIAN_POINT('',(0.01785,0.0409974378709721,0.00590550280078925));
#5553=CARTESIAN_POINT('',(0.0178959969590827,0.0415154236195993,0.00575000000000001));
#5554=CARTESIAN_POINT('',(0.0180298495500942,0.0419957506353306,0.00575));
#5555=CARTESIAN_POINT('',(0.0180298495500942,0.0419957506353306,0.00575));
#5556=CARTESIAN_POINT('',(0.02275,0.0406803876701176,0.00575));
#5557=CARTESIAN_POINT('',(0.02275,0.0406803876701176,0.0056));
#5558=CARTESIAN_POINT('',(0.01725,-0.0428196123298823,0.0071));
#5559=CARTESIAN_POINT('',(0.01725,-0.0428196123298823,0.00575));
#5560=CARTESIAN_POINT('',(0.0210475,-0.03972300228824,0.00575));
#5561=CARTESIAN_POINT('',(0.0219701504499059,-0.0415042493646694,0.00575));
#5562=CARTESIAN_POINT('',(0.0219701504499059,-0.0415042493646694,0.00575));
#5563=CARTESIAN_POINT('',(0.0221039417146249,-0.0419843563123778,0.00575));
#5564=CARTESIAN_POINT('',(0.02215,-0.0425021926418224,0.00590505076428107));
#5565=CARTESIAN_POINT('',(0.02215,-0.0428196123298823,0.00629338704560043));
#5566=CARTESIAN_POINT('',(0.01725,-0.0428196123298823,0.0056));
#5567=CARTESIAN_POINT('',(0.0210475,-0.03972300228824,0.0056));
#5568=CARTESIAN_POINT('',(0.0210475,-0.03972300228824,0.0071));
#5569=CARTESIAN_POINT('',(0.025,-0.0365,0.0071));
#5570=CARTESIAN_POINT('',(0.0289525,-0.03972300228824,0.0071));
#5571=CARTESIAN_POINT('',(0.0289525,-0.03972300228824,0.00575));
#5572=CARTESIAN_POINT('',(0.0289525,-0.03972300228824,0.0056));
#5573=CARTESIAN_POINT('',(0.025,-0.0365,0.00575));
#5574=CARTESIAN_POINT('',(0.025,-0.0365,0.0056));
#5575=CARTESIAN_POINT('',(0.03275,-0.0428196123298823,0.0071));
#5576=CARTESIAN_POINT('',(0.02785,-0.0428196123298823,0.00629338704560047));
#5577=CARTESIAN_POINT('',(0.02785,-0.0425025621290279,0.00590550280078925));
#5578=CARTESIAN_POINT('',(0.0278959969590826,-0.0419845763804007,0.00575000000000001));
#5579=CARTESIAN_POINT('',(0.0280298495500942,-0.0415042493646695,0.00575));
#5580=CARTESIAN_POINT('',(0.0280298495500941,-0.0415042493646694,0.00575));
#5581=CARTESIAN_POINT('',(0.03275,-0.0428196123298823,0.00575));
#5582=CARTESIAN_POINT('',(0.03275,-0.0428196123298823,0.0056));
#5583=CARTESIAN_POINT('',(-0.00231661789126585,-0.0984595348850656,0.0071));
#5584=CARTESIAN_POINT('',(-0.00231661789126585,-0.0984595348850656,0.00575));
#5585=CARTESIAN_POINT('',(0.00258289844827706,-0.0985283799179436,0.00575));
#5586=CARTESIAN_POINT('',(0.00214472614784944,-0.100485962619936,0.00575));
#5587=CARTESIAN_POINT('',(0.00214472614784944,-0.100485962619936,0.00575));
#5588=CARTESIAN_POINT('',(0.00193860940541394,-0.100939745246576,0.00575));
#5589=CARTESIAN_POINT('',(0.00164103332257263,-0.101366036584355,0.00590505076428109));
#5590=CARTESIAN_POINT('',(0.00143699988001715,-0.10160919417253,0.00629338704560041));
#5591=CARTESIAN_POINT('',(-0.00231661789126585,-0.0984595348850656,0.0056));
#5592=CARTESIAN_POINT('',(0.00258289844827708,-0.0985283799179436,0.0056));
#5593=CARTESIAN_POINT('',(0.00258289844827706,-0.0985283799179436,0.0071));
#5594=CARTESIAN_POINT('',(0.00768239504657685,-0.0986000349521637,0.0071));
#5595=CARTESIAN_POINT('',(0.00863847977113259,-0.103609615972516,0.0071));
#5596=CARTESIAN_POINT('',(0.00863847977113259,-0.103609615972516,0.00575));
#5597=CARTESIAN_POINT('',(0.00863847977113261,-0.103609615972516,0.0056));
#5598=CARTESIAN_POINT('',(0.00768239504657685,-0.0986000349521637,0.00575));
#5599=CARTESIAN_POINT('',(0.00768239504657685,-0.0986000349521637,0.0056));
#5600=CARTESIAN_POINT('',(0.0095570709770783,-0.108422742835207,0.0071));
#5601=CARTESIAN_POINT('',(0.0058034532057953,-0.105273083547743,0.00629338704560046));
#5602=CARTESIAN_POINT('',(0.00600724914655312,-0.105030209003189,0.00590550280078917));
#5603=CARTESIAN_POINT('',(0.00637543968267053,-0.104662975174219,0.00574999999999999));
#5604=CARTESIAN_POINT('',(0.00678672497052176,-0.104381062119965,0.00575));
#5605=CARTESIAN_POINT('',(0.00678672497052177,-0.104381062119965,0.00575));
#5606=CARTESIAN_POINT('',(0.0095570709770783,-0.108422742835207,0.00575));
#5607=CARTESIAN_POINT('',(0.0095570709770783,-0.108422742835207,0.0056));
#5608=CARTESIAN_POINT('',(-0.03275,-0.0213196123298823,0.0071));
#5609=CARTESIAN_POINT('',(-0.03275,-0.0213196123298823,0.00575));
#5610=CARTESIAN_POINT('',(-0.0289525,-0.01822300228824,0.00575));
#5611=CARTESIAN_POINT('',(-0.0280298495500941,-0.0200042493646694,0.00575));
#5612=CARTESIAN_POINT('',(-0.0280298495500941,-0.0200042493646694,0.00575));
#5613=CARTESIAN_POINT('',(-0.0278960582853751,-0.0204843563123778,0.00575));
#5614=CARTESIAN_POINT('',(-0.02785,-0.0210021926418224,0.0059050507642811));
#5615=CARTESIAN_POINT('',(-0.02785,-0.0213196123298823,0.00629338704560044));
#5616=CARTESIAN_POINT('',(-0.03275,-0.0213196123298823,0.0056));
#5617=CARTESIAN_POINT('',(-0.0289525,-0.01822300228824,0.0056));
#5618=CARTESIAN_POINT('',(-0.0289525,-0.01822300228824,0.0071));
#5619=CARTESIAN_POINT('',(-0.025,-0.015,0.0071));
#5620=CARTESIAN_POINT('',(-0.0210475,-0.01822300228824,0.0071));
#5621=CARTESIAN_POINT('',(-0.0210475,-0.01822300228824,0.00575));
#5622=CARTESIAN_POINT('',(-0.0210475,-0.01822300228824,0.0056));
#5623=CARTESIAN_POINT('',(-0.025,-0.015,0.00575));
#5624=CARTESIAN_POINT('',(-0.025,-0.015,0.0056));
#5625=CARTESIAN_POINT('',(-0.01725,-0.0213196123298823,0.0071));
#5626=CARTESIAN_POINT('',(-0.02215,-0.0213196123298823,0.00629338704560043));
#5627=CARTESIAN_POINT('',(-0.02215,-0.0210025621290279,0.0059055028007892));
#5628=CARTESIAN_POINT('',(-0.0221040030409173,-0.0204845763804006,0.00575));
#5629=CARTESIAN_POINT('',(-0.0219701504499058,-0.0200042493646694,0.00575));
#5630=CARTESIAN_POINT('',(-0.0219701504499058,-0.0200042493646694,0.00575));
#5631=CARTESIAN_POINT('',(-0.01725,-0.0213196123298823,0.00575));
#5632=CARTESIAN_POINT('',(-0.01725,-0.0213196123298823,0.0056));
#5633=CARTESIAN_POINT('',(0.00344218414064486,-0.00176572507614403,0.0056));
#5634=CARTESIAN_POINT('',(-0.027775,-0.0279500023298823,0.0056));
#5635=CARTESIAN_POINT('',(-0.025,-0.0279500023298823,0.0056));
#5636=CARTESIAN_POINT('',(-0.022225,-0.0279500023298823,0.0056));
#5637=CARTESIAN_POINT('',(0.00344218414064486,-0.00176572507614403,0.0056));
#5638=CARTESIAN_POINT('',(-0.00276747932613849,-0.106736576658468,0.0056));
#5639=CARTESIAN_POINT('',(-0.000641705996483339,-0.108520312275348,0.0056));
#5640=CARTESIAN_POINT('',(0.00148406733317183,-0.110304047892228,0.0056));
#5641=CARTESIAN_POINT('',(0.00344218414064486,-0.00176572507614403,0.0056));
#5642=CARTESIAN_POINT('',(0.022225,-0.0494500023298823,0.0056));
#5643=CARTESIAN_POINT('',(0.025,-0.0494500023298823,0.0056));
#5644=CARTESIAN_POINT('',(0.027775,-0.0494500023298823,0.0056));
#5645=CARTESIAN_POINT('',(0.00344218414064486,-0.00176572507614403,0.0056));
#5646=CARTESIAN_POINT('',(0.012225,0.0340499976701177,0.0056));
#5647=CARTESIAN_POINT('',(0.015,0.0340499976701176,0.0056));
#5648=CARTESIAN_POINT('',(0.017775,0.0340499976701177,0.0056));
#5649=CARTESIAN_POINT('',(0.00344218414064486,-0.00176572507614403,0.0056));
#5650=CARTESIAN_POINT('',(0.0353196062505246,0.0175913878507055,0.0056));
#5651=CARTESIAN_POINT('',(0.0380946062505246,0.0175913878507055,0.0056));
#5652=CARTESIAN_POINT('',(0.0408696062505247,0.0175913878507055,0.0056));
#5653=CARTESIAN_POINT('',(0.00344218414064486,-0.00176572507614403,0.0056));
#5654=CARTESIAN_POINT('',(-0.0273225880801677,0.0284856826788819,0.0056));
#5655=CARTESIAN_POINT('',(-0.0245475880801677,0.0284856826788819,0.0056));
#5656=CARTESIAN_POINT('',(-0.0217725880801677,0.0284856826788819,0.0056));
#5657=CARTESIAN_POINT('',(0.00344218414064486,-0.00176572507614403,0.0046));
#5658=CARTESIAN_POINT('',(-0.0372475880801677,0.0239856826788819,0.0046));
#5659=CARTESIAN_POINT('',(-0.0358475880801677,0.0239856826788819,0.0046));
#5660=CARTESIAN_POINT('',(0.,-0.03,0.0046));
#5661=CARTESIAN_POINT('',(0.0014,-0.03,0.0046));
#5662=CARTESIAN_POINT('',(-0.03155,-0.0279893161561769,0.0046));
#5663=CARTESIAN_POINT('',(-0.03015,-0.0279893161561769,0.0046));
#5664=CARTESIAN_POINT('',(-0.0065,-0.1,0.0046));
#5665=CARTESIAN_POINT('',(-0.0051,-0.1,0.0046));
#5666=CARTESIAN_POINT('',(-0.0115,-0.1295,0.0046));
#5667=CARTESIAN_POINT('',(-0.0101,-0.1295,0.0046));
#5668=CARTESIAN_POINT('',(0.0085,-0.128,0.0046));
#5669=CARTESIAN_POINT('',(0.0099,-0.128,0.0046));
#5670=CARTESIAN_POINT('',(0.0275,-0.118,0.0046));
#5671=CARTESIAN_POINT('',(0.0289,-0.118,0.0046));
#5672=CARTESIAN_POINT('',(0.03185,-0.0694500023298823,0.0046));
#5673=CARTESIAN_POINT('',(0.03325,-0.0694500023298823,0.0046));
#5674=CARTESIAN_POINT('',(0.0445946062505247,0.0135913878507055,0.0046));
#5675=CARTESIAN_POINT('',(0.0459946062505247,0.0135913878507055,0.0046));
#5676=CARTESIAN_POINT('',(0.0223946062505247,-0.00478361098435337,0.0046));
#5677=CARTESIAN_POINT('',(0.0237946062505247,-0.00478361098435337,0.0046));
#5678=CARTESIAN_POINT('',(-0.00334758808016775,0.0273999976701177,0.0046));
#5679=CARTESIAN_POINT('',(-0.00194758808016775,0.0273999976701177,0.0046));
#5680=CARTESIAN_POINT('',(-0.0271436339466868,-0.106115072119663,0.0046));
#5681=CARTESIAN_POINT('',(-0.0271311949426246,-0.100567389572755,0.0046));
#5682=CARTESIAN_POINT('',(-0.0269101947351676,-0.0972111914691733,0.0046));
#5683=CARTESIAN_POINT('',(-0.0255424793206168,-0.0829728242197542,0.0046));
#5684=CARTESIAN_POINT('',(-0.0249837505433547,-0.0739049792343054,0.0046));
#5685=CARTESIAN_POINT('',(-0.0256702150470574,-0.0598668828348255,0.0046));
#5686=CARTESIAN_POINT('',(-0.034519299521254,-0.0331892895975171,0.0046));
#5687=CARTESIAN_POINT('',(-0.0389748451335848,-0.0118897484721011,0.0046));
#5688=CARTESIAN_POINT('',(-0.0416448968809279,0.0106273273306511,0.0046));
#5689=CARTESIAN_POINT('',(-0.0421463497351772,0.0416486725728824,0.0046));
#5690=CARTESIAN_POINT('',(-0.0452498214530965,0.0754134494867357,0.0046));
#5691=CARTESIAN_POINT('',(-0.0387621518164245,0.103358813333355,0.0046));
#5692=CARTESIAN_POINT('',(-0.0365468792428931,0.110839103671764,0.0046));
#5693=CARTESIAN_POINT('',(-0.0336985878564824,0.115609233862692,0.0046));
#5694=CARTESIAN_POINT('',(-0.0336985878564824,0.115609233862692,0.0046));
#5695=CARTESIAN_POINT('',(-0.0336985878564824,0.115609233862692,0.0046));
#5696=CARTESIAN_POINT('',(-0.0117347861008468,0.152392757613802,0.0046));
#5697=CARTESIAN_POINT('',(0.0215026705193376,0.119620787451409,0.0046));
#5698=CARTESIAN_POINT('',(-0.0336985878564824,0.115609233862692,0.0096));
#5699=CARTESIAN_POINT('',(-0.0336985878564824,0.115609233862692,0.0046));
#5700=CARTESIAN_POINT('',(-0.0190560533527254,0.140131583030099,0.0096));
#5701=CARTESIAN_POINT('',(-0.0190560533527254,0.140131583030099,0.0046));
#5702=CARTESIAN_POINT('',(-0.00065563389411868,0.141468767559671,0.0096));
#5703=CARTESIAN_POINT('',(-0.00065563389411868,0.141468767559671,0.0046));
#5704=CARTESIAN_POINT('',(0.0215026705193376,0.119620787451409,0.0096));
#5705=CARTESIAN_POINT('',(0.0215026705193376,0.119620787451409,0.0046));
#5706=CARTESIAN_POINT('',(-0.0336985878564824,0.115609233862692,0.0056));
#5707=CARTESIAN_POINT('',(-0.0271436339466868,-0.106115072119663,0.0096));
#5708=CARTESIAN_POINT('',(-0.0271436339466868,-0.106115072119663,0.0046));
#5709=CARTESIAN_POINT('',(-0.0271377120975371,-0.103473981320986,0.0096));
#5710=CARTESIAN_POINT('',(-0.0271377120975371,-0.103473981320986,0.0046));
#5711=CARTESIAN_POINT('',(-0.0270839575200339,-0.0999826454562549,0.0096));
#5712=CARTESIAN_POINT('',(-0.0270839575200339,-0.0999826454562549,0.0046));
#5713=CARTESIAN_POINT('',(-0.0268764831597589,-0.0972204249554249,0.0096));
#5714=CARTESIAN_POINT('',(-0.0268764831597589,-0.0972204249554249,0.0046));
#5715=CARTESIAN_POINT('',(-0.0266007811396878,-0.094150750839199,0.0096));
#5716=CARTESIAN_POINT('',(-0.0266007811396878,-0.094150750839199,0.0046));
#5717=CARTESIAN_POINT('',(-0.0262733073978743,-0.0905763937153416,0.0096));
#5718=CARTESIAN_POINT('',(-0.0262733073978743,-0.0905763937153416,0.0046));
#5719=CARTESIAN_POINT('',(-0.0259127264824746,-0.0866338033455382,0.0096));
#5720=CARTESIAN_POINT('',(-0.0259127264824746,-0.0866338033455382,0.0046));
#5721=CARTESIAN_POINT('',(-0.0256040214571168,-0.0829930466332123,0.0096));
#5722=CARTESIAN_POINT('',(-0.0256040214571168,-0.0829930466332123,0.0046));
#5723=CARTESIAN_POINT('',(-0.0253557579229341,-0.0797512286812721,0.0096));
#5724=CARTESIAN_POINT('',(-0.0253557579229341,-0.0797512286812721,0.0046));
#5725=CARTESIAN_POINT('',(-0.0251699001663314,-0.0761464509490975,0.0096));
#5726=CARTESIAN_POINT('',(-0.0251699001663314,-0.0761464509490975,0.0046));
#5727=CARTESIAN_POINT('',(-0.0251441429291863,-0.071583016026832,0.0096));
#5728=CARTESIAN_POINT('',(-0.0251441429291863,-0.071583016026832,0.0046));
#5729=CARTESIAN_POINT('',(-0.0254784141098325,-0.0662504450364182,0.0096));
#5730=CARTESIAN_POINT('',(-0.0254784141098325,-0.0662504450364182,0.0046));
#5731=CARTESIAN_POINT('',(-0.0264917734301735,-0.0599371338352656,0.0096));
#5732=CARTESIAN_POINT('',(-0.0264917734301735,-0.0599371338352656,0.0046));
#5733=CARTESIAN_POINT('',(-0.0283946856735526,-0.0524469068511273,0.0096));
#5734=CARTESIAN_POINT('',(-0.0283946856735526,-0.0524469068511273,0.0046));
#5735=CARTESIAN_POINT('',(-0.0307484608365662,-0.0443803636646597,0.0096));
#5736=CARTESIAN_POINT('',(-0.0307484608365662,-0.0443803636646597,0.0046));
#5737=CARTESIAN_POINT('',(-0.033183558503429,-0.0362407954781362,0.0096));
#5738=CARTESIAN_POINT('',(-0.033183558503429,-0.0362407954781362,0.0046));
#5739=CARTESIAN_POINT('',(-0.0352497706961291,-0.0286578388628864,0.0096));
#5740=CARTESIAN_POINT('',(-0.0352497706961291,-0.0286578388628864,0.0046));
#5741=CARTESIAN_POINT('',(-0.0368712173725852,-0.0216577918344735,0.0096));
#5742=CARTESIAN_POINT('',(-0.0368712173725852,-0.0216577918344735,0.0046));
#5743=CARTESIAN_POINT('',(-0.0381775207889607,-0.0149320233359207,0.0096));
#5744=CARTESIAN_POINT('',(-0.0381775207889607,-0.0149320233359207,0.0046));
#5745=CARTESIAN_POINT('',(-0.0392621481465934,-0.00823971011792932,0.0096));
#5746=CARTESIAN_POINT('',(-0.0392621481465934,-0.00823971011792932,0.0046));
#5747=CARTESIAN_POINT('',(-0.0401687751178443,-0.00137675672812165,0.0096));
#5748=CARTESIAN_POINT('',(-0.0401687751178443,-0.00137675672812165,0.0046));
#5749=CARTESIAN_POINT('',(-0.0408851071166156,0.00579222583265766,0.0096));
#5750=CARTESIAN_POINT('',(-0.0408851071166156,0.00579222583265766,0.0046));
#5751=CARTESIAN_POINT('',(-0.0413979901919355,0.0134470616557739,0.0096));
#5752=CARTESIAN_POINT('',(-0.0413979901919355,0.0134470616557739,0.0046));
#5753=CARTESIAN_POINT('',(-0.0418693971603475,0.0243538371772921,0.0096));
#5754=CARTESIAN_POINT('',(-0.0418693971603475,0.0243538371772921,0.0046));
#5755=CARTESIAN_POINT('',(-0.042310811585366,0.0389516295071256,0.0096));
#5756=CARTESIAN_POINT('',(-0.042310811585366,0.0389516295071256,0.0046));
#5757=CARTESIAN_POINT('',(-0.0433993231436741,0.0540634757658694,0.0096));
#5758=CARTESIAN_POINT('',(-0.0433993231436741,0.0540634757658694,0.0046));
#5759=CARTESIAN_POINT('',(-0.0438125412418397,0.0661433444613204,0.0096));
#5760=CARTESIAN_POINT('',(-0.0438125412418397,0.0661433444613204,0.0046));
#5761=CARTESIAN_POINT('',(-0.0436355347561353,0.0751197698990251,0.0096));
#5762=CARTESIAN_POINT('',(-0.0436355347561353,0.0751197698990251,0.0046));
#5763=CARTESIAN_POINT('',(-0.0426910791159952,0.0839622034306451,0.0096));
#5764=CARTESIAN_POINT('',(-0.0426910791159952,0.0839622034306451,0.0046));
#5765=CARTESIAN_POINT('',(-0.0412200036066707,0.0922883542825831,0.0096));
#5766=CARTESIAN_POINT('',(-0.0412200036066707,0.0922883542825831,0.0046));
#5767=CARTESIAN_POINT('',(-0.0398328135128163,0.0984284168281294,0.0096));
#5768=CARTESIAN_POINT('',(-0.0398328135128163,0.0984284168281294,0.0046));
#5769=CARTESIAN_POINT('',(-0.0387754160246644,0.102655815935712,0.0096));
#5770=CARTESIAN_POINT('',(-0.0387754160246644,0.102655815935712,0.0046));
#5771=CARTESIAN_POINT('',(-0.0378202088122545,0.106334070498864,0.00960000000000001));
#5772=CARTESIAN_POINT('',(-0.0378202088122545,0.106334070498864,0.00460000000000001));
#5773=CARTESIAN_POINT('',(-0.0365696884693188,0.110268008500221,0.0096));
#5774=CARTESIAN_POINT('',(-0.0365696884693188,0.110268008500221,0.0046));
#5775=CARTESIAN_POINT('',(-0.0348749620093097,0.11363912016962,0.0096));
#5776=CARTESIAN_POINT('',(-0.0348749620093097,0.11363912016962,0.0046));
#5777=CARTESIAN_POINT('',(-0.0336985878564824,0.115609233862692,0.0096));
#5778=CARTESIAN_POINT('',(-0.0336985878564824,0.115609233862692,0.0046));
#5779=CARTESIAN_POINT('',(-0.0271436339466868,-0.106115072119663,0.0082));
#5780=CARTESIAN_POINT('',(-0.0271311949426246,-0.100567389572755,0.0082));
#5781=CARTESIAN_POINT('',(-0.0269101947351676,-0.0972111914691733,0.0082));
#5782=CARTESIAN_POINT('',(-0.0255424793206168,-0.0829728242197542,0.0082));
#5783=CARTESIAN_POINT('',(-0.0249837505433547,-0.0739049792343054,0.0082));
#5784=CARTESIAN_POINT('',(-0.0256702150470574,-0.0598668828348255,0.0082));
#5785=CARTESIAN_POINT('',(-0.034519299521254,-0.0331892895975171,0.0082));
#5786=CARTESIAN_POINT('',(-0.0389748451335848,-0.0118897484721011,0.0082));
#5787=CARTESIAN_POINT('',(-0.0416448968809279,0.0106273273306511,0.0082));
#5788=CARTESIAN_POINT('',(-0.0421463497351772,0.0416486725728824,0.0082));
#5789=CARTESIAN_POINT('',(-0.0452498214530965,0.0754134494867357,0.0082));
#5790=CARTESIAN_POINT('',(-0.0387621518164245,0.103358813333355,0.0082));
#5791=CARTESIAN_POINT('',(-0.0365468792428931,0.110839103671764,0.0082));
#5792=CARTESIAN_POINT('',(-0.0336985878564824,0.115609233862692,0.0082));
#5793=CARTESIAN_POINT('',(-0.0419970978082009,0.0284856826716058,0.0082));
#5794=CARTESIAN_POINT('',(-0.0419970978082009,0.0284856826716058,0.009602));
#5795=CARTESIAN_POINT('',(-0.025,-0.0279500023298823,0.004598));
#5796=CARTESIAN_POINT('',(-0.025,-0.0279500023298823,0.00485));
#5797=CARTESIAN_POINT('',(-0.000641705996483339,-0.108520312275348,0.004598));
#5798=CARTESIAN_POINT('',(-0.000641705996483339,-0.108520312275348,0.00485));
#5799=CARTESIAN_POINT('',(0.025,-0.0494500023298823,0.004598));
#5800=CARTESIAN_POINT('',(0.025,-0.0494500023298823,0.00485));
#5801=CARTESIAN_POINT('',(0.0380946062505246,0.0175913878507055,0.004598));
#5802=CARTESIAN_POINT('',(0.0380946062505246,0.0175913878507055,0.00485));
#5803=CARTESIAN_POINT('',(0.015,0.0340499976701176,0.004598));
#5804=CARTESIAN_POINT('',(0.015,0.0340499976701176,0.00485));
#5805=CARTESIAN_POINT('',(-0.0245475880801677,0.0284856826788819,0.004598));
#5806=CARTESIAN_POINT('',(-0.0245475880801677,0.0284856826788819,0.00485));
#5807=CARTESIAN_POINT('',(-0.0273225880801677,0.0284856826788819,0.0071));
#5808=CARTESIAN_POINT('',(-0.0273225880801677,0.0284856826788819,0.0082));
#5809=CARTESIAN_POINT('',(-0.0217725880801677,0.0284856826788819,0.0071));
#5810=CARTESIAN_POINT('',(0.0353196062505246,0.0175913878507055,0.0071));
#5811=CARTESIAN_POINT('',(0.0408696062505247,0.0175913878507055,0.0071));
#5812=CARTESIAN_POINT('',(0.012225,0.0340499976701177,0.0071));
#5813=CARTESIAN_POINT('',(0.017775,0.0340499976701177,0.0071));
#5814=CARTESIAN_POINT('',(0.022225,-0.0494500023298823,0.0071));
#5815=CARTESIAN_POINT('',(0.027775,-0.0494500023298823,0.0071));
#5816=CARTESIAN_POINT('',(-0.00276747932613849,-0.106736576658468,0.0071));
#5817=CARTESIAN_POINT('',(0.00148406733317183,-0.110304047892228,0.0071));
#5818=CARTESIAN_POINT('',(-0.027775,-0.0279500023298823,0.0071));
#5819=CARTESIAN_POINT('',(-0.027775,-0.0279500023298823,0.0082));
#5820=CARTESIAN_POINT('',(-0.022225,-0.0279500023298823,0.0071));
#5821=CARTESIAN_POINT('',(-0.022225,-0.0279500023298823,0.0082));
#5822=CARTESIAN_POINT('',(0.00344218414064486,-0.00176572507614403,0.00575));
#5823=CARTESIAN_POINT('',(-0.0245475880801677,0.0414356850087643,0.00575));
#5824=CARTESIAN_POINT('',(0.00344218414064486,-0.00176572507614403,0.00575));
#5825=CARTESIAN_POINT('',(0.015,0.047,0.00575));
#5826=CARTESIAN_POINT('',(0.00344218414064486,-0.00176572507614403,0.00575));
#5827=CARTESIAN_POINT('',(0.0380946062505245,0.0305413901805877,0.00575));
#5828=CARTESIAN_POINT('',(0.00344218414064486,-0.00176572507614403,0.00575));
#5829=CARTESIAN_POINT('',(0.025,-0.0365,0.00575));
#5830=CARTESIAN_POINT('',(0.00344218414064486,-0.00176572507614403,0.00575));
#5831=CARTESIAN_POINT('',(0.00768239504657683,-0.0986000349521637,0.00575));
#5832=CARTESIAN_POINT('',(0.00344218414064486,-0.00176572507614403,0.00575));
#5833=CARTESIAN_POINT('',(-0.025,-0.015,0.00575));
#5834=CARTESIAN_POINT('',(-0.025,-0.015,0.0071));
#5835=CARTESIAN_POINT('',(-0.025,-0.015,0.0071));
#5836=CARTESIAN_POINT('',(0.015,0.047,0.0071));
#5837=CARTESIAN_POINT('',(0.015,0.047,0.0071));
#5838=CARTESIAN_POINT('',(0.025,-0.0365,0.0071));
#5839=CARTESIAN_POINT('',(0.025,-0.0365,0.0071));
#5840=CARTESIAN_POINT('',(0.00768239504657683,-0.0986000349521637,0.0071));
#5841=CARTESIAN_POINT('',(0.00768239504657683,-0.0986000349521637,0.0071));
#5842=CARTESIAN_POINT('',(-0.0245475880801677,0.0414356850087643,0.0071));
#5843=CARTESIAN_POINT('',(-0.0245475880801677,0.0414356850087643,0.0071));
#5844=CARTESIAN_POINT('',(0.0380946062505245,0.0305413901805877,0.0071));
#5845=CARTESIAN_POINT('',(0.0380946062505245,0.0305413901805877,0.0071));
#5846=CARTESIAN_POINT('',(0.00344218414064486,-0.00176572507614403,0.0082));
#5847=CARTESIAN_POINT('',(-0.0372475880801677,0.0239856826788819,0.0082));
#5848=CARTESIAN_POINT('',(-0.0358475880801677,0.0239856826788819,0.0082));
#5849=CARTESIAN_POINT('',(-0.03155,-0.0279893161561769,0.0082));
#5850=CARTESIAN_POINT('',(-0.03015,-0.0279893161561769,0.0082));
#5851=CARTESIAN_POINT('',(-0.0232,-0.0427,0.0082));
#5852=CARTESIAN_POINT('',(-0.0232,-0.0438486735034432,0.0082));
#5853=CARTESIAN_POINT('',(-0.0231638199305623,-0.045914407132942,0.0082));
#5854=CARTESIAN_POINT('',(-0.0229824741367609,-0.0481878100068861,0.0082));
#5855=CARTESIAN_POINT('',(-0.0227240798435755,-0.0500213735042739,0.0082));
#5856=CARTESIAN_POINT('',(-0.0224622943947387,-0.0514568217518589,0.0082));
#5857=CARTESIAN_POINT('',(-0.0221778845343686,-0.0527427657151015,0.0082));
#5858=CARTESIAN_POINT('',(-0.02190371837447,-0.0538497893702091,0.0082));
#5859=CARTESIAN_POINT('',(-0.0215971988890741,-0.0550205453508568,0.0082));
#5860=CARTESIAN_POINT('',(-0.0211622763062539,-0.0565886676582303,0.0082));
#5861=CARTESIAN_POINT('',(-0.0203863138792297,-0.0592926682023957,0.0082));
#5862=CARTESIAN_POINT('',(-0.0193256324908448,-0.0629882756917122,0.0082));
#5863=CARTESIAN_POINT('',(-0.0183015652149064,-0.0669989391654196,0.0082));
#5864=CARTESIAN_POINT('',(-0.0176940343634898,-0.0698966016198441,0.0082));
#5865=CARTESIAN_POINT('',(-0.0174671335133397,-0.0711420428126723,0.0082));
#5866=CARTESIAN_POINT('',(-0.0173985648032274,-0.0715391224776256,0.0082));
#5867=CARTESIAN_POINT('',(-0.0173757539858721,-0.0716712193436438,0.0082));
#5868=CARTESIAN_POINT('',(-0.0173529431685169,-0.0718033162096621,0.0082));
#5869=CARTESIAN_POINT('',(-0.0173301323511616,-0.0719354130756803,0.0082));
#5870=CARTESIAN_POINT('',(-0.0181877254165029,-0.0676178143029398,0.0082));
#5871=CARTESIAN_POINT('',(-0.0335521367396993,-0.0574014251526906,0.0082));
#5872=CARTESIAN_POINT('',(-0.0168740828415157,-0.0684913058717287,0.0082));
#5873=CARTESIAN_POINT('',(0.15808838191632,-0.100198109728057,0.0082));
#5874=CARTESIAN_POINT('',(-0.0165456717769206,-0.0667268041046034,0.0082));
#5875=CARTESIAN_POINT('',(-0.0263475880801678,0.0137356850087643,0.0082));
#5876=CARTESIAN_POINT('',(-0.0263475880801678,0.0124005340588984,0.0082));
#5877=CARTESIAN_POINT('',(-0.0259509392438637,0.00982166086712825,0.0082));
#5878=CARTESIAN_POINT('',(-0.0245186538993477,0.00640232247156315,0.0082));
#5879=CARTESIAN_POINT('',(-0.0225876082877439,0.00337964361202679,0.0082));
#5880=CARTESIAN_POINT('',(-0.0203849314837765,0.000645801530982503,0.0082));
#5881=CARTESIAN_POINT('',(-0.0180919577047289,-0.00187743391249315,0.0082));
#5882=CARTESIAN_POINT('',(-0.0162489146152166,-0.0038417907323775,0.0082));
#5883=CARTESIAN_POINT('',(-0.0149030106559217,-0.00533523575912983,0.0082));
#5884=CARTESIAN_POINT('',(-0.0139801567708558,-0.00641356987346952,0.0082));
#5885=CARTESIAN_POINT('',(-0.0133018453060251,-0.00727254143099381,0.0082));
#5886=CARTESIAN_POINT('',(-0.0128233427162166,-0.00793188919292396,0.0082));
#5887=CARTESIAN_POINT('',(-0.0125000646610149,-0.00840880421440005,0.0082));
#5888=CARTESIAN_POINT('',(-0.0122089410624804,-0.00887450963601177,0.0082));
#5889=CARTESIAN_POINT('',(-0.011852199889194,-0.00949547478490951,0.0082));
#5890=CARTESIAN_POINT('',(-0.0114651717835776,-0.0102671858764241,0.0082));
#5891=CARTESIAN_POINT('',(-0.0110815421393643,-0.0111949557393787,0.0082));
#5892=CARTESIAN_POINT('',(-0.0106647032994195,-0.0124429371714173,0.0082));
#5893=CARTESIAN_POINT('',(-0.0102992094531178,-0.0140409669791467,0.0082));
#5894=CARTESIAN_POINT('',(-0.0100556686603564,-0.0160563539816143,0.0082));
#5895=CARTESIAN_POINT('',(-0.00995732041886668,-0.0181857434165199,0.0082));
#5896=CARTESIAN_POINT('',(-0.00994852457952741,-0.0200517289433064,0.0082));
#5897=CARTESIAN_POINT('',(-0.00994911617781347,-0.0216093784718808,0.0082));
#5898=CARTESIAN_POINT('',(-0.0099469269837291,-0.022769787955998,0.0082));
#5899=CARTESIAN_POINT('',(-0.00994670618120652,-0.0239256545585406,0.0082));
#5900=CARTESIAN_POINT('',(-0.0099525383065025,-0.0254704816059525,0.0082));
#5901=CARTESIAN_POINT('',(-0.00997898746270691,-0.0274247717687806,0.0082));
#5902=CARTESIAN_POINT('',(-0.0100646222874091,-0.0298640042778544,0.0082));
#5903=CARTESIAN_POINT('',(-0.0102276755661594,-0.0324560050309314,0.0082));
#5904=CARTESIAN_POINT('',(-0.0104923465751318,-0.0352588390722815,0.0082));
#5905=CARTESIAN_POINT('',(-0.0108187423791752,-0.0378184909436987,0.0082));
#5906=CARTESIAN_POINT('',(-0.0111557666974353,-0.0400256704258466,0.0082));
#5907=CARTESIAN_POINT('',(-0.0115493008424787,-0.0423552473221432,0.0082));
#5908=CARTESIAN_POINT('',(-0.0121393094198335,-0.0454906349360426,0.0082));
#5909=CARTESIAN_POINT('',(-0.0132334199757643,-0.0508498025720171,0.0082));
#5910=CARTESIAN_POINT('',(-0.0147758876245053,-0.0579784384439911,0.0082));
#5911=CARTESIAN_POINT('',(-0.0159862467281362,-0.0637926163470404,0.0082));
#5912=CARTESIAN_POINT('',(-0.0165294520981853,-0.066641489165667,0.0082));
#5913=CARTESIAN_POINT('',(-0.0165456717769206,-0.0667268041046034,0.0082));
#5914=CARTESIAN_POINT('',(-0.0346973429441843,0.0284856826788819,0.0082));
#5915=CARTESIAN_POINT('',(-0.025,-0.015,0.0082));
#5916=CARTESIAN_POINT('',(0.0268,-0.0642,0.0052));
#5917=CARTESIAN_POINT('',(0.0268,-0.0642,0.0082));
#5918=CARTESIAN_POINT('',(0.0268,-0.065920041883403,0.0052));
#5919=CARTESIAN_POINT('',(0.0268,-0.065920041883403,0.0082));
#5920=CARTESIAN_POINT('',(0.0263982143658407,-0.0682687661736321,0.0052));
#5921=CARTESIAN_POINT('',(0.0263982143658407,-0.0682687661736321,0.0082));
#5922=CARTESIAN_POINT('',(0.025640446076187,-0.0711026960835224,0.0052));
#5923=CARTESIAN_POINT('',(0.025640446076187,-0.0711026960835224,0.0082));
#5924=CARTESIAN_POINT('',(0.0251029657302591,-0.0731032710547672,0.0052));
#5925=CARTESIAN_POINT('',(0.0251029657302591,-0.0731032710547672,0.0082));
#5926=CARTESIAN_POINT('',(0.0246381174646674,-0.0752224790338196,0.0052));
#5927=CARTESIAN_POINT('',(0.0246381174646674,-0.0752224790338196,0.0082));
#5928=CARTESIAN_POINT('',(0.0238578339675855,-0.0783519018575229,0.0052));
#5929=CARTESIAN_POINT('',(0.0238578339675855,-0.0783519018575229,0.0082));
#5930=CARTESIAN_POINT('',(0.0228352957796266,-0.080981657287875,0.0052));
#5931=CARTESIAN_POINT('',(0.0228352957796266,-0.080981657287875,0.0082));
#5932=CARTESIAN_POINT('',(0.0217407333872956,-0.0828255458198358,0.0052));
#5933=CARTESIAN_POINT('',(0.0217407333872956,-0.0828255458198358,0.0082));
#5934=CARTESIAN_POINT('',(0.0217407377614515,-0.0828255384511747,0.0063));
#5935=CARTESIAN_POINT('',(0.0220813807084247,-0.0822516943575945,0.0063));
#5936=CARTESIAN_POINT('',(0.0223959736515378,-0.0816639259833482,0.0063));
#5937=CARTESIAN_POINT('',(0.0226835406589199,-0.0810617116721104,0.0063));
#5938=CARTESIAN_POINT('',(0.0217407500974989,-0.0828255457740479,0.0063));
#5939=CARTESIAN_POINT('',(0.0226835406589199,-0.0810617116721104,0.0063));
#5940=CARTESIAN_POINT('',(0.0226835406589199,-0.0810617116721104,0.0063));
#5941=CARTESIAN_POINT('',(0.0217407504044672,-0.0828255559215073,0.0052));
#5942=CARTESIAN_POINT('',(0.0232,-0.0642,0.0052));
#5943=CARTESIAN_POINT('',(0.0232,-0.0642,0.0082));
#5944=CARTESIAN_POINT('',(0.0232,-0.0655578174132853,0.0052));
#5945=CARTESIAN_POINT('',(0.0232,-0.0655578174132853,0.0082));
#5946=CARTESIAN_POINT('',(0.0228802858119037,-0.0674893510687741,0.0052));
#5947=CARTESIAN_POINT('',(0.0228802858119037,-0.0674893510687741,0.0082));
#5948=CARTESIAN_POINT('',(0.0221607793060638,-0.0701767929574734,0.0052));
#5949=CARTESIAN_POINT('',(0.0221607793060638,-0.0701767929574734,0.0082));
#5950=CARTESIAN_POINT('',(0.0215804526366416,-0.0723509675967696,0.0052));
#5951=CARTESIAN_POINT('',(0.0215804526366416,-0.0723509675967696,0.0082));
#5952=CARTESIAN_POINT('',(0.0211028892261855,-0.0745377099864549,0.0052));
#5953=CARTESIAN_POINT('',(0.0211028892261855,-0.0745377099864549,0.0082));
#5954=CARTESIAN_POINT('',(0.0203754656983242,-0.0773914225068454,0.0052));
#5955=CARTESIAN_POINT('',(0.0203754656983242,-0.0773914225068454,0.0082));
#5956=CARTESIAN_POINT('',(0.0195010367800236,-0.0795810153998056,0.0052));
#5957=CARTESIAN_POINT('',(0.0195010367800236,-0.0795810153998056,0.0082));
#5958=CARTESIAN_POINT('',(0.0185460073931371,-0.0811530900418676,0.0052));
#5959=CARTESIAN_POINT('',(0.0185460073931371,-0.0811530900418676,0.0082));
#5960=CARTESIAN_POINT('',(0.0192608252942122,-0.0798652487666379,0.0082));
#5961=CARTESIAN_POINT('',(0.0192608252942122,-0.0798652487666379,0.0063));
#5962=CARTESIAN_POINT('',(0.0192608252942122,-0.0798652487666379,0.0063));
#5963=CARTESIAN_POINT('',(0.0190396482306889,-0.0803040181090631,0.0063));
#5964=CARTESIAN_POINT('',(0.0188011165063204,-0.0807331547254081,0.0063));
#5965=CARTESIAN_POINT('',(0.0185460073933133,-0.0811530900415777,0.0063));
#5966=CARTESIAN_POINT('',(0.0185460073923864,-0.0811530900410146,0.0063));
#5967=CARTESIAN_POINT('',(0.0185460073870416,-0.0811530895683015,0.0052));
#5968=CARTESIAN_POINT('',(0.011019978509187,-0.0277739962804763,0.00630000000000003));
#5969=CARTESIAN_POINT('',(0.011019978509187,-0.0277739962804763,0.00820000000000003));
#5970=CARTESIAN_POINT('',(0.0106032420392316,-0.0320781131422944,0.00630000000000003));
#5971=CARTESIAN_POINT('',(0.0106032420392316,-0.0320781131422944,0.00820000000000003));
#5972=CARTESIAN_POINT('',(0.0100446943393191,-0.0419291303526192,0.00630000000000003));
#5973=CARTESIAN_POINT('',(0.0100446943393191,-0.0419291303526192,0.00820000000000003));
#5974=CARTESIAN_POINT('',(0.0104957189145264,-0.0549846437240078,0.00630000000000002));
#5975=CARTESIAN_POINT('',(0.0104957189145264,-0.0549846437240078,0.00820000000000002));
#5976=CARTESIAN_POINT('',(0.0117635355344416,-0.0644171363850206,0.00630000000000003));
#5977=CARTESIAN_POINT('',(0.0117635355344416,-0.0644171363850206,0.00820000000000003));
#5978=CARTESIAN_POINT('',(0.0129619859950567,-0.0695773137447179,0.00630000000000003));
#5979=CARTESIAN_POINT('',(0.0129619859950567,-0.0695773137447179,0.00820000000000003));
#5980=CARTESIAN_POINT('',(0.0141270290347669,-0.0729987932203897,0.00630000000000003));
#5981=CARTESIAN_POINT('',(0.0141270290347669,-0.0729987932203897,0.00820000000000003));
#5982=CARTESIAN_POINT('',(0.0154530801898714,-0.0760282155997569,0.00630000000000003));
#5983=CARTESIAN_POINT('',(0.0154530801898714,-0.0760282155997569,0.00820000000000003));
#5984=CARTESIAN_POINT('',(0.0166363366692232,-0.0780912100684557,0.00630000000000003));
#5985=CARTESIAN_POINT('',(0.0166363366692232,-0.0780912100684557,0.00820000000000003));
#5986=CARTESIAN_POINT('',(0.0174802943078072,-0.0794606783792748,0.00630000000000003));
#5987=CARTESIAN_POINT('',(0.0174802943078072,-0.0794606783792748,0.00820000000000003));
#5988=CARTESIAN_POINT('',(0.0110725407862575,-0.0272311251872433,0.0063));
#5989=CARTESIAN_POINT('',(0.0110550152884195,-0.0274121311615089,0.0063));
#5990=CARTESIAN_POINT('',(0.0110374897905816,-0.0275931371357746,0.0063));
#5991=CARTESIAN_POINT('',(0.0110199642927436,-0.0277741431100401,0.0063));
#5992=CARTESIAN_POINT('',(0.010981362262881,-0.0281728306730695,0.0063));
#5993=CARTESIAN_POINT('',(0.0108585778748455,-0.0294982917908281,0.0063));
#5994=CARTESIAN_POINT('',(0.0105972967003084,-0.0327932635084021,0.0063));
#5995=CARTESIAN_POINT('',(0.0103284791457159,-0.0379042676368795,0.0063));
#5996=CARTESIAN_POINT('',(0.0102247973920586,-0.0443326913848578,0.0063));
#5997=CARTESIAN_POINT('',(0.0103784175497215,-0.0508432574407025,0.0063));
#5998=CARTESIAN_POINT('',(0.0107504619454153,-0.056156992406927,0.0063));
#5999=CARTESIAN_POINT('',(0.0112092017386926,-0.0602291091090604,0.0063));
#6000=CARTESIAN_POINT('',(0.0116363742005264,-0.0631645366842394,0.0063));
#6001=CARTESIAN_POINT('',(0.0121482518429252,-0.0659512222822208,0.0063));
#6002=CARTESIAN_POINT('',(0.0126452579233716,-0.0681231919250898,0.0063));
#6003=CARTESIAN_POINT('',(0.0130836737458769,-0.0697541921382039,0.0063));
#6004=CARTESIAN_POINT('',(0.0134319615799643,-0.0709194193264303,0.0063));
#6005=CARTESIAN_POINT('',(0.0137992270234393,-0.0720239196188133,0.0063));
#6006=CARTESIAN_POINT('',(0.0141818681828207,-0.073056903149085,0.0063));
#6007=CARTESIAN_POINT('',(0.0145888339582513,-0.0740459257983905,0.0063));
#6008=CARTESIAN_POINT('',(0.015162772733951,-0.0753186519181059,0.0063));
#6009=CARTESIAN_POINT('',(0.015935096603713,-0.0768373778222956,0.0063));
#6010=CARTESIAN_POINT('',(0.0169400008016991,-0.078592022726576,0.0063));
#6011=CARTESIAN_POINT('',(0.017823580239581,-0.0800193305958943,0.0063));
#6012=CARTESIAN_POINT('',(0.0183689183314132,-0.0808759077854584,0.0063));
#6013=CARTESIAN_POINT('',(0.0185460073916358,-0.0811530900401616,0.0063));
#6014=CARTESIAN_POINT('',(0.011019974457238,-0.0277739853829374,0.0063));
#6015=CARTESIAN_POINT('',(0.0174802943078065,-0.0794606783792736,0.0063));
#6016=CARTESIAN_POINT('',(0.0174802943078065,-0.0794606783792736,0.0063));
#6017=CARTESIAN_POINT('',(0.0110199712340848,-0.0277739963027878,0.0052));
#6018=CARTESIAN_POINT('',(0.0398946062505248,0.00284139018058778,0.0048299));
#6019=CARTESIAN_POINT('',(0.0398946062505248,0.00284139018058778,0.0082));
#6020=CARTESIAN_POINT('',(0.0398946062505248,0.000882771071699227,0.0048299));
#6021=CARTESIAN_POINT('',(0.0398946062505248,0.000882771071699227,0.0082));
#6022=CARTESIAN_POINT('',(0.0397265797588633,-0.00306946919327749,0.0048299));
#6023=CARTESIAN_POINT('',(0.0397265797588633,-0.00306946919327749,0.0082));
#6024=CARTESIAN_POINT('',(0.0389329187883737,-0.00781466899400832,0.0048299));
#6025=CARTESIAN_POINT('',(0.0389329187883737,-0.00781466899400832,0.0082));
#6026=CARTESIAN_POINT('',(0.037803029247661,-0.0113477324394878,0.0048299));
#6027=CARTESIAN_POINT('',(0.037803029247661,-0.0113477324394878,0.0082));
#6028=CARTESIAN_POINT('',(0.0362358508905323,-0.0146653044644517,0.0048299));
#6029=CARTESIAN_POINT('',(0.0362358508905323,-0.0146653044644517,0.0082));
#6030=CARTESIAN_POINT('',(0.0340750423748388,-0.0173616032849874,0.0048299));
#6031=CARTESIAN_POINT('',(0.0340750423748388,-0.0173616032849874,0.0082));
#6032=CARTESIAN_POINT('',(0.0315458109808341,-0.0195954719002423,0.0048299));
#6033=CARTESIAN_POINT('',(0.0315458109808341,-0.0195954719002423,0.0082));
#6034=CARTESIAN_POINT('',(0.0295201345476194,-0.0211133280721679,0.0048299));
#6035=CARTESIAN_POINT('',(0.0295201345476194,-0.0211133280721679,0.0082));
#6036=CARTESIAN_POINT('',(0.0272806097655974,-0.022628308650245,0.0048299));
#6037=CARTESIAN_POINT('',(0.0272806097655974,-0.022628308650245,0.0082));
#6038=CARTESIAN_POINT('',(0.0238507693971466,-0.0246258112386684,0.0048299));
#6039=CARTESIAN_POINT('',(0.0238507693971466,-0.0246258112386684,0.0082));
#6040=CARTESIAN_POINT('',(0.018749530247057,-0.0267963245029182,0.0048299));
#6041=CARTESIAN_POINT('',(0.018749530247057,-0.0267963245029182,0.0082));
#6042=CARTESIAN_POINT('',(0.0137432036683519,-0.0276705248998438,0.0048299));
#6043=CARTESIAN_POINT('',(0.0137432036683519,-0.0276705248998438,0.0082));
#6044=CARTESIAN_POINT('',(0.0110199679906416,-0.0277739745771256,0.0048299));
#6045=CARTESIAN_POINT('',(0.0110199679906416,-0.0277739745771256,0.0082));
#6046=CARTESIAN_POINT('',(0.0398946062505248,0.00284139018058778,0.00485));
#6047=CARTESIAN_POINT('',(0.0398946062505248,-0.000519745154641725,0.00533736462360828));
#6048=CARTESIAN_POINT('',(0.0396734917240241,-0.00386089578454848,0.00582183146494476));
#6049=CARTESIAN_POINT('',(0.0389717865663064,-0.00715860981941223,0.0063));
#6050=CARTESIAN_POINT('',(0.0389717865663034,-0.0071586098194265,0.0063));
#6051=CARTESIAN_POINT('',(0.0398946062505248,0.00284139018058778,0.0063));
#6052=CARTESIAN_POINT('',(0.0398946062505248,0.000840245296898091,0.0063));
#6053=CARTESIAN_POINT('',(0.0397634548288436,-0.00218886811687483,0.0063));
#6054=CARTESIAN_POINT('',(0.0392191612027913,-0.00610167617297818,0.0063));
#6055=CARTESIAN_POINT('',(0.038589650779034,-0.00893488461230491,0.0063));
#6056=CARTESIAN_POINT('',(0.0378435425442735,-0.01117818989281,0.0063));
#6057=CARTESIAN_POINT('',(0.0370742321442583,-0.0128888085040464,0.0063));
#6058=CARTESIAN_POINT('',(0.0361961225824574,-0.0145009752465273,0.0063));
#6059=CARTESIAN_POINT('',(0.0349101215162683,-0.0163256027471524,0.0063));
#6060=CARTESIAN_POINT('',(0.0334234731563768,-0.0179095987536078,0.0063));
#6061=CARTESIAN_POINT('',(0.0321439077889709,-0.0190640900932192,0.0063));
#6062=CARTESIAN_POINT('',(0.0311437191027546,-0.019884856704249,0.0063));
#6063=CARTESIAN_POINT('',(0.0301034135226508,-0.0206733162466857,0.0063));
#6064=CARTESIAN_POINT('',(0.0290319516255854,-0.0214376240128382,0.0063));
#6065=CARTESIAN_POINT('',(0.0278832673863455,-0.0222137892982549,0.0063));
#6066=CARTESIAN_POINT('',(0.026243952912675,-0.0232457099218076,0.0063));
#6067=CARTESIAN_POINT('',(0.0239885835460316,-0.0244995769273418,0.0063));
#6068=CARTESIAN_POINT('',(0.0209357456050681,-0.0258439678695076,0.0063));
#6069=CARTESIAN_POINT('',(0.0167760048478897,-0.0271625465999397,0.0063));
#6070=CARTESIAN_POINT('',(0.0133293131132939,-0.0276862476831127,0.0063));
#6071=CARTESIAN_POINT('',(0.0110199679906416,-0.0277739745771256,0.0063));
#6072=CARTESIAN_POINT('',(0.0362946062505248,0.00284139018058778,0.0048299));
#6073=CARTESIAN_POINT('',(0.0362946062505248,0.00284139018058778,0.0082));
#6074=CARTESIAN_POINT('',(0.0362946062505248,0.000946072352152751,0.0048299));
#6075=CARTESIAN_POINT('',(0.0362946062505248,0.000946072352152751,0.0082));
#6076=CARTESIAN_POINT('',(0.0361270553308551,-0.00284596254423071,0.0048299));
#6077=CARTESIAN_POINT('',(0.0361270553308551,-0.00284596254423071,0.0082));
#6078=CARTESIAN_POINT('',(0.0352143578755508,-0.00811093432683241,0.0048299));
#6079=CARTESIAN_POINT('',(0.0352143578755508,-0.00811093432683241,0.0082));
#6080=CARTESIAN_POINT('',(0.0334669479065155,-0.0124285384413114,0.0048299));
#6081=CARTESIAN_POINT('',(0.0334669479065155,-0.0124285384413114,0.0082));
#6082=CARTESIAN_POINT('',(0.0307681819673237,-0.0156508332488261,0.0048299));
#6083=CARTESIAN_POINT('',(0.0307681819673237,-0.0156508332488261,0.0082));
#6084=CARTESIAN_POINT('',(0.0271266030011372,-0.018472629656677,0.0048299));
#6085=CARTESIAN_POINT('',(0.0271266030011372,-0.018472629656677,0.0082));
#6086=CARTESIAN_POINT('',(0.0225197991150165,-0.0213543423868454,0.0048299));
#6087=CARTESIAN_POINT('',(0.0225197991150165,-0.0213543423868454,0.0082));
#6088=CARTESIAN_POINT('',(0.0168018078390624,-0.0235866471068999,0.0048299));
#6089=CARTESIAN_POINT('',(0.0168018078390624,-0.0235866471068999,0.0082));
#6090=CARTESIAN_POINT('',(0.0121559623694178,-0.0242113917418294,0.0048299));
#6091=CARTESIAN_POINT('',(0.0121559623694178,-0.0242113917418294,0.0082));
#6092=CARTESIAN_POINT('',(0.0096010084171483,-0.0241972435396223,0.0048299));
#6093=CARTESIAN_POINT('',(0.0096010084171483,-0.0241972435396223,0.0082));
#6094=CARTESIAN_POINT('',(0.00960100866885543,-0.0241972435410161,0.0052));
#6095=CARTESIAN_POINT('',(0.00960100816008,-0.0241972456314084,0.0063));
#6096=CARTESIAN_POINT('',(0.0362946062505248,0.00284139018058778,0.0063));
#6097=CARTESIAN_POINT('',(0.0362946062505248,-0.0022177567271229,0.0063));
#6098=CARTESIAN_POINT('',(0.0351985541449024,-0.0115568678598895,0.0063));
#6099=CARTESIAN_POINT('',(0.0272896134049796,-0.0189478134005265,0.0063));
#6100=CARTESIAN_POINT('',(0.0174873846580731,-0.0242409147946907,0.0063));
#6101=CARTESIAN_POINT('',(0.0096010084171483,-0.0241972435396223,0.0063));
#6102=CARTESIAN_POINT('',(0.0352806149376615,-0.00715860981952388,0.0063));
#6103=CARTESIAN_POINT('',(0.0352806149371994,-0.00715860981941223,0.0063));
#6104=CARTESIAN_POINT('',(0.0356778498659322,-0.00551460956181174,0.00606161996264793));
#6105=CARTESIAN_POINT('',(0.0361646247944794,-0.00219605152009794,0.00558042904659943));
#6106=CARTESIAN_POINT('',(0.0362946062505248,0.00115794007924355,0.00509410026469491));
#6107=CARTESIAN_POINT('',(0.0362946062505248,0.00284139018058778,0.00485));
#6108=CARTESIAN_POINT('',(0.0168,0.0193,0.0048299));
#6109=CARTESIAN_POINT('',(0.0168,0.0193,0.0082));
#6110=CARTESIAN_POINT('',(0.0168,0.0191341181442245,0.0048299));
#6111=CARTESIAN_POINT('',(0.0168,0.0191341181442245,0.0082));
#6112=CARTESIAN_POINT('',(0.0167898892789951,0.018995565645137,0.0048299));
#6113=CARTESIAN_POINT('',(0.0167898892789951,0.018995565645137,0.0082));
#6114=CARTESIAN_POINT('',(0.0167751630410624,0.0187726203498804,0.0048299));
#6115=CARTESIAN_POINT('',(0.0167751630410624,0.0187726203498804,0.0082));
#6116=CARTESIAN_POINT('',(0.0167539173588182,0.0185284484427581,0.0048299));
#6117=CARTESIAN_POINT('',(0.0167539173588182,0.0185284484427581,0.0082));
#6118=CARTESIAN_POINT('',(0.0167179458889781,0.0181412676850704,0.0048299));
#6119=CARTESIAN_POINT('',(0.0167179458889781,0.0181412676850704,0.0082));
#6120=CARTESIAN_POINT('',(0.0166572793643652,0.017540702401484,0.0048299));
#6121=CARTESIAN_POINT('',(0.0166572793643652,0.017540702401484,0.0082));
#6122=CARTESIAN_POINT('',(0.0165599459816318,0.0166367871482056,0.0048299));
#6123=CARTESIAN_POINT('',(0.0165599459816318,0.0166367871482056,0.0082));
#6124=CARTESIAN_POINT('',(0.0164391545573172,0.0155674083245985,0.0048299));
#6125=CARTESIAN_POINT('',(0.0164391545573172,0.0155674083245985,0.0082));
#6126=CARTESIAN_POINT('',(0.0162486060525964,0.0139461512947344,0.0048299));
#6127=CARTESIAN_POINT('',(0.0162486060525964,0.0139461512947344,0.0082));
#6128=CARTESIAN_POINT('',(0.0159586186827383,0.0116036583659023,0.0048299));
#6129=CARTESIAN_POINT('',(0.0159586186827383,0.0116036583659023,0.0082));
#6130=CARTESIAN_POINT('',(0.0155392584405526,0.00845112496744886,0.0048299));
#6131=CARTESIAN_POINT('',(0.0155392584405526,0.00845112496744886,0.0082));
#6132=CARTESIAN_POINT('',(0.0150600041169797,0.00512428641030646,0.0048299));
#6133=CARTESIAN_POINT('',(0.0150600041169797,0.00512428641030646,0.0082));
#6134=CARTESIAN_POINT('',(0.014531582180759,0.0017799505726212,0.0048299));
#6135=CARTESIAN_POINT('',(0.014531582180759,0.0017799505726212,0.0082));
#6136=CARTESIAN_POINT('',(0.0137749755030543,-0.00245605911649211,0.0048299));
#6137=CARTESIAN_POINT('',(0.0137749755030543,-0.00245605911649211,0.0082));
#6138=CARTESIAN_POINT('',(0.0127760533048295,-0.00718358348263479,0.0048299));
#6139=CARTESIAN_POINT('',(0.0127760533048295,-0.00718358348263479,0.0082));
#6140=CARTESIAN_POINT('',(0.0115920410841238,-0.0124777304489672,0.0048299));
#6141=CARTESIAN_POINT('',(0.0115920410841238,-0.0124777304489672,0.0082));
#6142=CARTESIAN_POINT('',(0.0105014762066091,-0.0178892199026031,0.0048299));
#6143=CARTESIAN_POINT('',(0.0105014762066091,-0.0178892199026031,0.0082));
#6144=CARTESIAN_POINT('',(0.00987671393395599,-0.0219537842037311,0.0048299));
#6145=CARTESIAN_POINT('',(0.00987671393395599,-0.0219537842037311,0.0082));
#6146=CARTESIAN_POINT('',(0.00960100790301169,-0.0241972477231943,0.0048299));
#6147=CARTESIAN_POINT('',(0.00960100790301169,-0.0241972477231943,0.0082));
#6148=CARTESIAN_POINT('',(0.0168,0.0193,0.00485));
#6149=CARTESIAN_POINT('',(0.0168,0.0188781757149617,0.00491116452133055));
#6150=CARTESIAN_POINT('',(0.0167050885506441,0.0180447251914496,0.00503201484723982));
#6151=CARTESIAN_POINT('',(0.0165364566600811,0.0163755457995641,0.00527404585906315));
#6152=CARTESIAN_POINT('',(0.0162905411415772,0.0142928552144085,0.00557603599391078));
#6153=CARTESIAN_POINT('',(0.0159820906694433,0.0117950175044416,0.00593822246185596));
#6154=CARTESIAN_POINT('',(0.0157626018185528,0.0101313871743473,0.00617944885971963));
#6155=CARTESIAN_POINT('',(0.0156497339706428,0.00929999999983643,0.00630000000002371));
#6156=CARTESIAN_POINT('',(0.0156497339706411,0.00929999999982343,0.0063));
#6157=CARTESIAN_POINT('',(0.0168,0.0193,0.0063));
#6158=CARTESIAN_POINT('',(0.0168,0.019237625151233,0.0063));
#6159=CARTESIAN_POINT('',(0.0167977078197588,0.0191489209160279,0.0063));
#6160=CARTESIAN_POINT('',(0.0167918374789227,0.0190170831928577,0.0063));
#6161=CARTESIAN_POINT('',(0.0167829639262544,0.0188822041817652,0.0063));
#6162=CARTESIAN_POINT('',(0.0167697435645653,0.0187121497699351,0.0063));
#6163=CARTESIAN_POINT('',(0.0167533311702143,0.0185226827265028,0.0063));
#6164=CARTESIAN_POINT('',(0.0167335255601001,0.0183084682378442,0.0063));
#6165=CARTESIAN_POINT('',(0.0167024557868586,0.0179879399357366,0.0063));
#6166=CARTESIAN_POINT('',(0.016654809533358,0.0175206916323362,0.0063));
#6167=CARTESIAN_POINT('',(0.0165837513156083,0.0168570134528875,0.0063));
#6168=CARTESIAN_POINT('',(0.0164992703376844,0.0160972486182784,0.0063));
#6169=CARTESIAN_POINT('',(0.0164019052318405,0.0152492552036454,0.0063));
#6170=CARTESIAN_POINT('',(0.0162556808858512,0.0140121148760668,0.0063));
#6171=CARTESIAN_POINT('',(0.0160436399141122,0.0122874558934987,0.0063));
#6172=CARTESIAN_POINT('',(0.0157472544474303,0.0100025231618433,0.0063));
#6173=CARTESIAN_POINT('',(0.0154138500261193,0.00757263995336842,0.0063));
#6174=CARTESIAN_POINT('',(0.0150481480677816,0.00506779349309204,0.0063));
#6175=CARTESIAN_POINT('',(0.0146550681660756,0.00255803951887328,0.0063));
#6176=CARTESIAN_POINT('',(0.014098530744079,-0.000706830483461217,0.0063));
#6177=CARTESIAN_POINT('',(0.0133624379639422,-0.00444662073551828,0.0063));
#6178=CARTESIAN_POINT('',(0.0124608545142888,-0.00858343108761564,0.0063));
#6179=CARTESIAN_POINT('',(0.0115802134982685,-0.0125722521905043,0.0063));
#6180=CARTESIAN_POINT('',(0.0107527377834671,-0.0166352347009661,0.0063));
#6181=CARTESIAN_POINT('',(0.0101289579347268,-0.0202826272657815,0.0063));
#6182=CARTESIAN_POINT('',(0.00976362912590966,-0.022899198079682,0.0063));
#6183=CARTESIAN_POINT('',(0.00962956716164694,-0.0239648565249618,0.0063));
#6184=CARTESIAN_POINT('',(0.00960100790301169,-0.0241972477231943,0.0063));
#6185=CARTESIAN_POINT('',(-0.00874394174412619,-0.120976483723995,0.0052));
#6186=CARTESIAN_POINT('',(-0.00874394174412619,-0.120976483723995,0.0082));
#6187=CARTESIAN_POINT('',(-0.0105618442563789,-0.123142975573958,0.0052));
#6188=CARTESIAN_POINT('',(-0.0105618442563789,-0.123142975573958,0.0082));
#6189=CARTESIAN_POINT('',(-0.0145136595398503,-0.122701356980098,0.0052));
#6190=CARTESIAN_POINT('',(-0.0145136595398503,-0.122701356980098,0.0082));
#6191=CARTESIAN_POINT('',(-0.0160000000000043,-0.125858961702031,0.0052));
#6192=CARTESIAN_POINT('',(-0.0160000000000043,-0.125858961702031,0.0082));
#6193=CARTESIAN_POINT('',(-0.016,-0.125858961702028,0.0052));
#6194=CARTESIAN_POINT('',(-0.0115017017393543,-0.118662448329124,0.0052));
#6195=CARTESIAN_POINT('',(-0.0115017017393543,-0.118662448329124,0.0082));
#6196=CARTESIAN_POINT('',(-0.0115087367893756,-0.11867083237526,0.0052));
#6197=CARTESIAN_POINT('',(-0.0115087367893756,-0.11867083237526,0.0082));
#6198=CARTESIAN_POINT('',(-0.0115811857554535,-0.118765812755077,0.0052));
#6199=CARTESIAN_POINT('',(-0.0115811857554535,-0.118765812755077,0.0082));
#6200=CARTESIAN_POINT('',(-0.0124626170851155,-0.119193954070078,0.0052));
#6201=CARTESIAN_POINT('',(-0.0124626170851155,-0.119193954070078,0.0082));
#6202=CARTESIAN_POINT('',(-0.0139689874093411,-0.119733463048276,0.0052));
#6203=CARTESIAN_POINT('',(-0.0139689874093411,-0.119733463048276,0.0082));
#6204=CARTESIAN_POINT('',(-0.0152674413468418,-0.120308379549703,0.0052));
#6205=CARTESIAN_POINT('',(-0.0152674413468418,-0.120308379549703,0.0082));
#6206=CARTESIAN_POINT('',(-0.0159559263871257,-0.120723784854989,0.0052));
#6207=CARTESIAN_POINT('',(-0.0159559263871257,-0.120723784854989,0.0082));
#6208=CARTESIAN_POINT('',(-0.0159559263871256,-0.120723784854989,0.0052));
#6209=CARTESIAN_POINT('',(-0.0227475880801678,0.0137356850087643,0.0048299));
#6210=CARTESIAN_POINT('',(-0.0227475880801678,0.0137356850087643,0.0082));
#6211=CARTESIAN_POINT('',(-0.0227475880801678,0.0101568115897869,0.0048299));
#6212=CARTESIAN_POINT('',(-0.0227475880801678,0.0101568115897869,0.0082));
#6213=CARTESIAN_POINT('',(-0.0198883206136842,0.00533544075550146,0.0048299));
#6214=CARTESIAN_POINT('',(-0.0198883206136842,0.00533544075550146,0.0082));
#6215=CARTESIAN_POINT('',(-0.0144201170661721,-0.000522743921230522,0.0048299));
#6216=CARTESIAN_POINT('',(-0.0144201170661721,-0.000522743921230522,0.0082));
#6217=CARTESIAN_POINT('',(-0.011154217955601,-0.00405509104650113,0.0048299));
#6218=CARTESIAN_POINT('',(-0.011154217955601,-0.00405509104650113,0.0082));
#6219=CARTESIAN_POINT('',(-0.00915014481790407,-0.00686996707080142,0.0048299));
#6220=CARTESIAN_POINT('',(-0.00915014481790407,-0.00686996707080142,0.0082));
#6221=CARTESIAN_POINT('',(-0.00768474792830276,-0.00969573763003287,0.0048299));
#6222=CARTESIAN_POINT('',(-0.00768474792830276,-0.00969573763003287,0.0082));
#6223=CARTESIAN_POINT('',(-0.00667711552414298,-0.0132386951164807,0.0048299));
#6224=CARTESIAN_POINT('',(-0.00667711552414298,-0.0132386951164807,0.0082));
#6225=CARTESIAN_POINT('',(-0.00633026083082402,-0.0174930289059415,0.0048299));
#6226=CARTESIAN_POINT('',(-0.00633026083082402,-0.0174930289059415,0.0082));
#6227=CARTESIAN_POINT('',(-0.0063559578026611,-0.0217250208701274,0.0048299));
#6228=CARTESIAN_POINT('',(-0.0063559578026611,-0.0217250208701274,0.0082));
#6229=CARTESIAN_POINT('',(-0.00633720010852445,-0.0259441486653081,0.0048299));
#6230=CARTESIAN_POINT('',(-0.00633720010852445,-0.0259441486653081,0.0082));
#6231=CARTESIAN_POINT('',(-0.00646128272387495,-0.0304663147872439,0.0048299));
#6232=CARTESIAN_POINT('',(-0.00646128272387495,-0.0304663147872439,0.0082));
#6233=CARTESIAN_POINT('',(-0.00686448209248725,-0.035575685159322,0.0048299));
#6234=CARTESIAN_POINT('',(-0.00686448209248725,-0.035575685159322,0.0082));
#6235=CARTESIAN_POINT('',(-0.0077112825728979,-0.0415927633638297,0.0048299));
#6236=CARTESIAN_POINT('',(-0.0077112825728979,-0.0415927633638297,0.0082));
#6237=CARTESIAN_POINT('',(-0.00910300010051244,-0.0487218440539198,0.0048299));
#6238=CARTESIAN_POINT('',(-0.00910300010051244,-0.0487218440539198,0.0082));
#6239=CARTESIAN_POINT('',(-0.0113051328771082,-0.0589943756921328,0.0048299));
#6240=CARTESIAN_POINT('',(-0.0113051328771082,-0.0589943756921328,0.0082));
#6241=CARTESIAN_POINT('',(-0.0129729748682146,-0.0668605599890901,0.0048299));
#6242=CARTESIAN_POINT('',(-0.0129729748682146,-0.0668605599890901,0.0082));
#6243=CARTESIAN_POINT('',(-0.0137492223043949,-0.0715325391905062,0.0048299));
#6244=CARTESIAN_POINT('',(-0.0137492223043949,-0.0715325391905062,0.0082));
#6245=CARTESIAN_POINT('',(-0.0137492223043949,-0.0715325391905062,0.0063));
#6246=CARTESIAN_POINT('',(-0.0121387086165676,-0.0618393845307623,0.0063));
#6247=CARTESIAN_POINT('',(-0.00616562237053332,-0.038067832803544,0.0063));
#6248=CARTESIAN_POINT('',(-0.00642362327371536,-0.021990255362147,0.0063));
#6249=CARTESIAN_POINT('',(-0.00620791350138683,-0.005086374214181,0.0063));
#6250=CARTESIAN_POINT('',(-0.0227475880801678,0.00585622973004722,0.0063));
#6251=CARTESIAN_POINT('',(-0.0227475880801678,0.0137356850087643,0.0063));
#6252=CARTESIAN_POINT('',(-0.0182338801204707,0.00373568500734032,0.0063));
#6253=CARTESIAN_POINT('',(-0.0227475880801678,0.0137356850087643,0.00485));
#6254=CARTESIAN_POINT('',(-0.0227475880801678,0.0127923477124508,0.00498678390796546));
#6255=CARTESIAN_POINT('',(-0.0224848847070559,0.0109554383186543,0.00525313577006595));
#6256=CARTESIAN_POINT('',(-0.0210762814633459,0.007446815290842,0.00576188610909872));
#6257=CARTESIAN_POINT('',(-0.0194253641042128,0.00518484854638861,0.00608987128704448));
#6258=CARTESIAN_POINT('',(-0.0182338801205278,0.00373568500740968,0.00630000000019642));
#6259=CARTESIAN_POINT('',(-0.0263475880801678,0.0137356850087643,0.0048299));
#6260=CARTESIAN_POINT('',(-0.0263475880801678,0.0137356850087643,0.0082));
#6261=CARTESIAN_POINT('',(-0.0263475880801678,0.0113940127043046,0.0048299));
#6262=CARTESIAN_POINT('',(-0.0263475880801678,0.0113940127043046,0.0082));
#6263=CARTESIAN_POINT('',(-0.0251232939528716,0.00704782021966118,0.0048299));
#6264=CARTESIAN_POINT('',(-0.0251232939528716,0.00704782021966118,0.0082));
#6265=CARTESIAN_POINT('',(-0.0215480713513722,0.00188192721056825,0.0048299));
#6266=CARTESIAN_POINT('',(-0.0215480713513722,0.00188192721056825,0.0082));
#6267=CARTESIAN_POINT('',(-0.0181377628633301,-0.00182293963217592,0.0048299));
#6268=CARTESIAN_POINT('',(-0.0181377628633301,-0.00182293963217592,0.0082));
#6269=CARTESIAN_POINT('',(-0.0156013192421854,-0.00454246227367336,0.0048299));
#6270=CARTESIAN_POINT('',(-0.0156013192421854,-0.00454246227367336,0.0082));
#6271=CARTESIAN_POINT('',(-0.0139138953006177,-0.0064644811763877,0.0048299));
#6272=CARTESIAN_POINT('',(-0.0139138953006177,-0.0064644811763877,0.0082));
#6273=CARTESIAN_POINT('',(-0.0125721939552593,-0.00822888355484051,0.0048299));
#6274=CARTESIAN_POINT('',(-0.0125721939552593,-0.00822888355484051,0.0082));
#6275=CARTESIAN_POINT('',(-0.0113311967731846,-0.0103738105436167,0.0048299));
#6276=CARTESIAN_POINT('',(-0.0113311967731846,-0.0103738105436167,0.0082));
#6277=CARTESIAN_POINT('',(-0.0104046543087256,-0.0130892292278822,0.0048299));
#6278=CARTESIAN_POINT('',(-0.0104046543087256,-0.0130892292278822,0.0082));
#6279=CARTESIAN_POINT('',(-0.00996982611186299,-0.0165925548447423,0.0048299));
#6280=CARTESIAN_POINT('',(-0.00996982611186299,-0.0165925548447423,0.0082));
#6281=CARTESIAN_POINT('',(-0.00994772339195441,-0.0198184982550748,0.0048299));
#6282=CARTESIAN_POINT('',(-0.00994772339195441,-0.0198184982550748,0.0082));
#6283=CARTESIAN_POINT('',(-0.00994780690808588,-0.0225616438511068,0.0048299));
#6284=CARTESIAN_POINT('',(-0.00994780690808588,-0.0225616438511068,0.0082));
#6285=CARTESIAN_POINT('',(-0.00994548150951561,-0.025255466452695,0.0048299));
#6286=CARTESIAN_POINT('',(-0.00994548150951561,-0.025255466452695,0.0082));
#6287=CARTESIAN_POINT('',(-0.00999404870342069,-0.0286804577228708,0.0048299));
#6288=CARTESIAN_POINT('',(-0.00999404870342069,-0.0286804577228708,0.0082));
#6289=CARTESIAN_POINT('',(-0.0102561077524952,-0.0331725571138686,0.0048299));
#6290=CARTESIAN_POINT('',(-0.0102561077524952,-0.0331725571138686,0.0082));
#6291=CARTESIAN_POINT('',(-0.0107520446947749,-0.03750013825018,0.0048299));
#6292=CARTESIAN_POINT('',(-0.0107520446947749,-0.03750013825018,0.0082));
#6293=CARTESIAN_POINT('',(-0.011388593001582,-0.0414663684862469,0.0048299));
#6294=CARTESIAN_POINT('',(-0.011388593001582,-0.0414663684862469,0.0082));
#6295=CARTESIAN_POINT('',(-0.0121934342016807,-0.0458128419250815,0.0048299));
#6296=CARTESIAN_POINT('',(-0.0121934342016807,-0.0458128419250815,0.0082));
#6297=CARTESIAN_POINT('',(-0.0139266597948982,-0.0541578537189474,0.0048299));
#6298=CARTESIAN_POINT('',(-0.0139266597948982,-0.0541578537189474,0.0082));
#6299=CARTESIAN_POINT('',(-0.0156252538471191,-0.0618854382083678,0.0048299));
#6300=CARTESIAN_POINT('',(-0.0156252538471191,-0.0618854382083678,0.0082));
#6301=CARTESIAN_POINT('',(-0.0165456717769206,-0.0667268041046034,0.0048299));
#6302=CARTESIAN_POINT('',(-0.0165456717769206,-0.0667268041046034,0.0082));
#6303=CARTESIAN_POINT('',(-0.0165456717790089,-0.0667268041158969,0.0052));
#6304=CARTESIAN_POINT('',(-0.0165456717790089,-0.0667268041158969,0.0063));
#6305=CARTESIAN_POINT('',(-0.0263475880801678,0.0137356850087643,0.0063));
#6306=CARTESIAN_POINT('',(-0.0263475880801678,0.0124005340588984,0.0063));
#6307=CARTESIAN_POINT('',(-0.0259509392438637,0.00982166086712825,0.0063));
#6308=CARTESIAN_POINT('',(-0.0245186538993477,0.00640232247156315,0.0063));
#6309=CARTESIAN_POINT('',(-0.0225876082877439,0.00337964361202679,0.0063));
#6310=CARTESIAN_POINT('',(-0.0203849314837765,0.000645801530982503,0.0063));
#6311=CARTESIAN_POINT('',(-0.0180919577047289,-0.00187743391249315,0.0063));
#6312=CARTESIAN_POINT('',(-0.0162489146152166,-0.0038417907323775,0.0063));
#6313=CARTESIAN_POINT('',(-0.0149030106559217,-0.00533523575912983,0.0063));
#6314=CARTESIAN_POINT('',(-0.0139801567708558,-0.00641356987346952,0.0063));
#6315=CARTESIAN_POINT('',(-0.0133018453060251,-0.00727254143099381,0.0063));
#6316=CARTESIAN_POINT('',(-0.0128233427162166,-0.00793188919292396,0.0063));
#6317=CARTESIAN_POINT('',(-0.0125000646610149,-0.00840880421440005,0.0063));
#6318=CARTESIAN_POINT('',(-0.0122089410624804,-0.00887450963601177,0.0063));
#6319=CARTESIAN_POINT('',(-0.011852199889194,-0.00949547478490951,0.0063));
#6320=CARTESIAN_POINT('',(-0.0114651717835776,-0.0102671858764241,0.0063));
#6321=CARTESIAN_POINT('',(-0.0110815421393643,-0.0111949557393787,0.0063));
#6322=CARTESIAN_POINT('',(-0.0106647032994195,-0.0124429371714173,0.0063));
#6323=CARTESIAN_POINT('',(-0.0102992094531178,-0.0140409669791467,0.0063));
#6324=CARTESIAN_POINT('',(-0.0100556686603564,-0.0160563539816143,0.0063));
#6325=CARTESIAN_POINT('',(-0.00995732041886668,-0.0181857434165199,0.0063));
#6326=CARTESIAN_POINT('',(-0.00994852457952741,-0.0200517289433064,0.0063));
#6327=CARTESIAN_POINT('',(-0.00994911617781347,-0.0216093784718808,0.0063));
#6328=CARTESIAN_POINT('',(-0.0099469269837291,-0.022769787955998,0.0063));
#6329=CARTESIAN_POINT('',(-0.00994670618120652,-0.0239256545585406,0.0063));
#6330=CARTESIAN_POINT('',(-0.0099525383065025,-0.0254704816059525,0.0063));
#6331=CARTESIAN_POINT('',(-0.00997898746270691,-0.0274247717687806,0.0063));
#6332=CARTESIAN_POINT('',(-0.0100646222874091,-0.0298640042778544,0.0063));
#6333=CARTESIAN_POINT('',(-0.0102276755661594,-0.0324560050309314,0.0063));
#6334=CARTESIAN_POINT('',(-0.0104923465751318,-0.0352588390722815,0.0063));
#6335=CARTESIAN_POINT('',(-0.0108187423791752,-0.0378184909436987,0.0063));
#6336=CARTESIAN_POINT('',(-0.0111557666974353,-0.0400256704258466,0.0063));
#6337=CARTESIAN_POINT('',(-0.0115493008424787,-0.0423552473221432,0.0063));
#6338=CARTESIAN_POINT('',(-0.0121393094198335,-0.0454906349360426,0.0063));
#6339=CARTESIAN_POINT('',(-0.0132334199757643,-0.0508498025720171,0.0063));
#6340=CARTESIAN_POINT('',(-0.0147758876245053,-0.0579784384439911,0.0063));
#6341=CARTESIAN_POINT('',(-0.0159862467281362,-0.0637926163470404,0.0063));
#6342=CARTESIAN_POINT('',(-0.0165294520981853,-0.066641489165667,0.0063));
#6343=CARTESIAN_POINT('',(-0.0165456717769206,-0.0667268041046034,0.0063));
#6344=CARTESIAN_POINT('',(-0.022760666186166,0.00373568500780851,0.0063));
#6345=CARTESIAN_POINT('',(-0.0227606661848005,0.00373568500876427,0.0063));
#6346=CARTESIAN_POINT('',(-0.0237987178561411,0.00521865081369488,0.00608496995828506));
#6347=CARTESIAN_POINT('',(-0.0255898663189374,0.00832236891182768,0.0056349308340558));
#6348=CARTESIAN_POINT('',(-0.0263475880801678,0.0119181726813525,0.00511353928747471));
#6349=CARTESIAN_POINT('',(-0.0263475880801678,0.0137356850087643,0.00485));
#6350=CARTESIAN_POINT('',(0.15808838191632,-0.100198109728057,0.00519999999999342));
#6351=CARTESIAN_POINT('',(-0.0168740828415156,-0.0684913058717287,0.0082));
#6352=CARTESIAN_POINT('',(-0.0168740828415157,-0.0684913058717287,0.0063));
#6353=CARTESIAN_POINT('',(0.15808838191632,-0.100198109728057,0.0063));
#6354=CARTESIAN_POINT('',(-0.0232,-0.0427,0.0048299));
#6355=CARTESIAN_POINT('',(-0.0232,-0.0427,0.0082));
#6356=CARTESIAN_POINT('',(-0.0232,-0.0446968858949551,0.0048299));
#6357=CARTESIAN_POINT('',(-0.0232,-0.0446968858949551,0.0082));
#6358=CARTESIAN_POINT('',(-0.0230887602597987,-0.0479756357342815,0.0048299));
#6359=CARTESIAN_POINT('',(-0.0230887602597987,-0.0479756357342815,0.0082));
#6360=CARTESIAN_POINT('',(-0.0224430632674181,-0.0518448263624102,0.0048299));
#6361=CARTESIAN_POINT('',(-0.0224430632674181,-0.0518448263624102,0.0082));
#6362=CARTESIAN_POINT('',(-0.0213546750595895,-0.0559376589856657,0.0048299));
#6363=CARTESIAN_POINT('',(-0.0213546750595895,-0.0559376589856657,0.0082));
#6364=CARTESIAN_POINT('',(-0.0199827193434892,-0.0606752000726095,0.0048299));
#6365=CARTESIAN_POINT('',(-0.0199827193434892,-0.0606752000726095,0.0082));
#6366=CARTESIAN_POINT('',(-0.0188377214335914,-0.0647571201827012,0.0048299));
#6367=CARTESIAN_POINT('',(-0.0188377214335914,-0.0647571201827012,0.0082));
#6368=CARTESIAN_POINT('',(-0.0181877254164998,-0.0676178143029532,0.0048299));
#6369=CARTESIAN_POINT('',(-0.0181877254164998,-0.0676178143029532,0.0082));
#6370=CARTESIAN_POINT('',(-0.0173985648032082,-0.0715391224777368,0.0063));
#6371=CARTESIAN_POINT('',(-0.0174671335133194,-0.071142042812783,0.0063));
#6372=CARTESIAN_POINT('',(-0.0176940343634669,-0.069896601619953,0.0063));
#6373=CARTESIAN_POINT('',(-0.0183015652149064,-0.0669989391654196,0.0063));
#6374=CARTESIAN_POINT('',(-0.0193256324908448,-0.0629882756917122,0.0063));
#6375=CARTESIAN_POINT('',(-0.0203863138792297,-0.0592926682023957,0.0063));
#6376=CARTESIAN_POINT('',(-0.0211622763062539,-0.0565886676582303,0.0063));
#6377=CARTESIAN_POINT('',(-0.0215971988890741,-0.0550205453508568,0.0063));
#6378=CARTESIAN_POINT('',(-0.02190371837447,-0.0538497893702091,0.0063));
#6379=CARTESIAN_POINT('',(-0.0221778845343686,-0.0527427657151015,0.0063));
#6380=CARTESIAN_POINT('',(-0.0224622943947387,-0.0514568217518589,0.0063));
#6381=CARTESIAN_POINT('',(-0.0227240798435755,-0.0500213735042739,0.0063));
#6382=CARTESIAN_POINT('',(-0.0229824741367609,-0.0481878100068861,0.0063));
#6383=CARTESIAN_POINT('',(-0.0231638199305623,-0.045914407132942,0.0063));
#6384=CARTESIAN_POINT('',(-0.0232,-0.0438486735034432,0.0063));
#6385=CARTESIAN_POINT('',(-0.0232,-0.0427,0.0063));
#6386=CARTESIAN_POINT('',(-0.0181877254165065,-0.0676178143029266,0.0063));
#6387=CARTESIAN_POINT('',(-0.022182316752936,-0.0526999999999213,0.0063));
#6388=CARTESIAN_POINT('',(-0.0181877254165059,-0.0676178143029265,0.0063));
#6389=CARTESIAN_POINT('',(-0.0232,-0.0427,0.00485));
#6390=CARTESIAN_POINT('',(-0.0232,-0.0443835725405122,0.00509411801837427));
#6391=CARTESIAN_POINT('',(-0.0231310833326054,-0.047743848510765,0.00558135803406092));
#6392=CARTESIAN_POINT('',(-0.0225643308255079,-0.0510545038358571,0.00606140305619928));
#6393=CARTESIAN_POINT('',(-0.0221823167529177,-0.0527,0.0063));
#6394=CARTESIAN_POINT('',(-0.0160000000000043,-0.125858961702031,0.0052));
#6395=CARTESIAN_POINT('',(-0.0160000000000043,-0.125858961702031,0.0082));
#6396=CARTESIAN_POINT('',(-0.0166943517465634,-0.127334053319593,0.0052));
#6397=CARTESIAN_POINT('',(-0.0166943517465634,-0.127334053319593,0.0082));
#6398=CARTESIAN_POINT('',(-0.0168506529966449,-0.129594617931518,0.0052));
#6399=CARTESIAN_POINT('',(-0.0168506529966449,-0.129594617931518,0.0082));
#6400=CARTESIAN_POINT('',(-0.016,-0.133273488065854,0.0052));
#6401=CARTESIAN_POINT('',(-0.016,-0.133273488065854,0.0082));
#6402=CARTESIAN_POINT('',(-0.025,-0.015,0.009602));
#6403=CARTESIAN_POINT('',(0.025,-0.0365,0.009602));
#6404=CARTESIAN_POINT('',(0.00768239504657683,-0.0986000349521637,0.009602));
#6405=CARTESIAN_POINT('',(-0.0216975880801678,0.0284856826788819,0.0096));
#6406=CARTESIAN_POINT('',(-0.0216975880801678,0.0284856826788819,0.0082));
#6407=CARTESIAN_POINT('',(-0.00477379404008385,0.0284856826788819,0.0096));
#6408=CARTESIAN_POINT('',(-0.00477379404008385,0.0284856826788819,0.0082));
#6409=CARTESIAN_POINT('',(-0.00477379404008385,0.0340499976701177,0.0096));
#6410=CARTESIAN_POINT('',(-0.00477379404008385,0.0340499976701177,0.0082));
#6411=CARTESIAN_POINT('',(0.01215,0.0340499976701177,0.0096));
#6412=CARTESIAN_POINT('',(0.01215,0.0340499976701177,0.0082));
#6413=CARTESIAN_POINT('',(0.01785,0.0340499976701177,0.0096));
#6414=CARTESIAN_POINT('',(0.01785,0.0340499976701177,0.0082));
#6415=CARTESIAN_POINT('',(0.0265473031252624,0.0340499976701177,0.0096));
#6416=CARTESIAN_POINT('',(0.0265473031252624,0.0340499976701177,0.0082));
#6417=CARTESIAN_POINT('',(0.0265473031252624,0.0175913878507055,0.0096));
#6418=CARTESIAN_POINT('',(0.0265473031252624,0.0175913878507055,0.0082));
#6419=CARTESIAN_POINT('',(0.0352446062505246,0.0175913878507055,0.0096));
#6420=CARTESIAN_POINT('',(0.0352446062505246,0.0175913878507055,0.0082));
#6421=CARTESIAN_POINT('',(0.0422855708881927,0.0175913878507055,0.009602));
#6422=CARTESIAN_POINT('',(-0.0346973429441843,0.0284856826788819,0.009602));
#6423=CARTESIAN_POINT('',(-0.03155,-0.0279893161561769,-0.0168));
#6424=CARTESIAN_POINT('',(-0.0372475880801677,0.0239856826788819,-0.0168));
#6425=CARTESIAN_POINT('',(-0.00334758808016775,0.0273999976701177,-0.0168));
#6426=CARTESIAN_POINT('',(0.0223946062505247,-0.00478361098435337,-0.0168));
#6427=CARTESIAN_POINT('',(0.0445946062505247,0.0135913878507055,-0.0168));
#6428=CARTESIAN_POINT('',(0.03185,-0.0694500023298823,-0.0168));
#6429=CARTESIAN_POINT('',(0.0275,-0.118,-0.0168));
#6430=CARTESIAN_POINT('',(0.0085,-0.128,-0.0168));
#6431=CARTESIAN_POINT('',(-0.0115,-0.1295,-0.0168));
#6432=CARTESIAN_POINT('',(-0.0065,-0.1,-0.0168));
#6433=CARTESIAN_POINT('',(0.,-0.03,-0.0168));
#6434=CARTESIAN_POINT('',(0.0380946062505245,0.0208706795024691,0.0071));
#6435=CARTESIAN_POINT('',(0.0380946062505245,0.0305413901805877,0.0071));
#6436=CARTESIAN_POINT('',(0.0380946062505245,0.0305413901805877,0.0071));
#6437=CARTESIAN_POINT('',(-0.0245475880801677,0.0414356850087643,0.0071));
#6438=CARTESIAN_POINT('',(-0.0245475880801677,0.0414356850087643,0.0071));
#6439=CARTESIAN_POINT('',(-0.0245475880801677,0.0317649743306457,0.0071));
#6440=CARTESIAN_POINT('',(0.015,0.047,0.0071));
#6441=CARTESIAN_POINT('',(0.015,0.047,0.0071));
#6442=CARTESIAN_POINT('',(0.015,0.0566707106781186,0.0071));
#6443=CARTESIAN_POINT('',(0.00344218414064486,-0.00176572507614403,0.00485));
#6444=CARTESIAN_POINT('',(0.00344218414064486,-0.0427,0.00485));
#6445=CARTESIAN_POINT('',(0.00344218414064486,-0.00176572507614403,0.00485));
#6446=CARTESIAN_POINT('',(0.00344218414064486,-0.00176572507614403,0.00485));
#6447=CARTESIAN_POINT('',(0.00344218414064486,-0.00176572507614403,0.00485));
#6448=CARTESIAN_POINT('',(0.00344218414064485,0.00284139018058777,0.00485));
#6449=CARTESIAN_POINT('',(0.00344218414064486,-0.00176572507614403,0.00485));
#6450=CARTESIAN_POINT('',(0.00344218414064486,0.0193,0.00485));
#6451=CARTESIAN_POINT('',(0.00344218414064486,-0.00176572507614403,0.00485));
#6452=CARTESIAN_POINT('',(0.00344218414064486,0.0137356850087643,0.00485));
#6453=CARTESIAN_POINT('',(-0.025,-0.0246707106781185,0.0071));
#6454=CARTESIAN_POINT('',(-0.025,-0.015,0.0071));
#6455=CARTESIAN_POINT('',(-0.025,-0.015,0.0071));
#6456=CARTESIAN_POINT('',(0.00768239504657685,-0.108270745630282,0.0071));
#6457=CARTESIAN_POINT('',(0.00768239504657685,-0.0986000349521636,0.0071));
#6458=CARTESIAN_POINT('',(0.00768239504657685,-0.0986000349521636,0.0071));
#6459=CARTESIAN_POINT('',(0.025,-0.0461707106781186,0.0071));
#6460=CARTESIAN_POINT('',(0.025,-0.0365,0.0071));
#6461=CARTESIAN_POINT('',(0.025,-0.0365,0.0071));
#6462=CARTESIAN_POINT('',(0.01698325636742,-0.0837255358836674,0.0063));
#6463=CARTESIAN_POINT('',(0.01698325636742,-0.0837255358836674,0.0063));
#6464=CARTESIAN_POINT('',(0.00654731562526242,-0.0591401900660199,0.0063));
#6465=CARTESIAN_POINT('',(0.00654731562526242,0.0093,0.0063));
#6466=CARTESIAN_POINT('',(0.0174802943078065,-0.0794606783792736,0.0063));
#6467=CARTESIAN_POINT('',(0.00654731562526241,-0.00715860981941224,0.0063));
#6468=CARTESIAN_POINT('',(0.0196350103250886,-0.086383563514156,0.0063));
#6469=CARTESIAN_POINT('',(0.0196350103250886,-0.086383563514156,0.0063));
#6470=CARTESIAN_POINT('',(0.00654731562526242,-0.0591401900660199,0.0063));
#6471=CARTESIAN_POINT('',(0.0226835406589199,-0.0810617116721104,0.0063));
#6472=CARTESIAN_POINT('',(-0.0195779631935619,-0.122960887209158,0.0063));
#6473=CARTESIAN_POINT('',(-0.0195779631935619,-0.122960887209158,0.0063));
#6474=CARTESIAN_POINT('',(0.00654731562526242,-0.0591401900660199,0.0063));
#6475=CARTESIAN_POINT('',(-0.0181877254165059,-0.0676178143029265,0.0063));
#6476=CARTESIAN_POINT('',(0.00654731562526242,-0.0527,0.0063));
#6477=CARTESIAN_POINT('',(0.00654731562526242,0.00373568500876427,0.0063));
#6478=CARTESIAN_POINT('',(0.00654731562526242,0.0093,0.0063));
#6479=CARTESIAN_POINT('',(0.00654731562526241,-0.00715860981941224,0.0063));
#6480=CARTESIAN_POINT('',(0.00654731562526242,-0.0527,0.0063));
#6481=CARTESIAN_POINT('',(0.00654731562526242,0.00373568500876427,0.0063));
#6482=CARTESIAN_POINT('',(0.0226835406589199,-0.0810617116721104,0.00725));
#6483=CARTESIAN_POINT('',(0.0174802943078065,-0.0794606783792736,0.00725));
#6484=CARTESIAN_POINT('',(-0.0181877254165059,-0.0676178143029265,0.00725));
#6485=MECHANICAL_DESIGN_GEOMETRIC_PRESENTATION_REPRESENTATION('',(#3164),
#6486);
#6486=(
GEOMETRIC_REPRESENTATION_CONTEXT(3)
GLOBAL_UNCERTAINTY_ASSIGNED_CONTEXT((#6487))
GLOBAL_UNIT_ASSIGNED_CONTEXT((#6490,#6489,#6488))
REPRESENTATION_CONTEXT('Main','TOP_LEVEL_ASSEMBLY_PART')
);
#6487=UNCERTAINTY_MEASURE_WITH_UNIT(LENGTH_MEASURE(2.E-5),#6490,
'DISTANCE_ACCURACY_VALUE','Maximum Tolerance applied to model');
#6488=(
NAMED_UNIT(*)
SI_UNIT($,.STERADIAN.)
SOLID_ANGLE_UNIT()
);
#6489=(
NAMED_UNIT(*)
PLANE_ANGLE_UNIT()
SI_UNIT($,.RADIAN.)
);
#6490=(
LENGTH_UNIT()
NAMED_UNIT(*)
SI_UNIT($,.METRE.)
);
#6491=PRODUCT_DEFINITION_SHAPE('','',#6492);
#6492=PRODUCT_DEFINITION('','',#6494,#6493);
#6493=PRODUCT_DEFINITION_CONTEXT('',#6500,'design');
#6494=PRODUCT_DEFINITION_FORMATION_WITH_SPECIFIED_SOURCE('','',#6496,
 .NOT_KNOWN.);
#6495=PRODUCT_RELATED_PRODUCT_CATEGORY('','',(#6496));
#6496=PRODUCT('Main','Main','Main',(#6498));
#6497=PRODUCT_CATEGORY('','');
#6498=PRODUCT_CONTEXT('',#6500,'mechanical');
#6499=APPLICATION_PROTOCOL_DEFINITION('international standard',
'ap242_managed_model_based_3d_engineering',2020,#6500);
#6500=APPLICATION_CONTEXT('managed model based 3d engineering');
ENDSEC;
END-ISO-10303-21;
