ISO-10303-21;
HEADER;
/* Generated by software containing ST-Developer
 * from STEP Tools, Inc. (www.steptools.com) 
 */
/* OPTION: using custom renumber hook */

FILE_DESCRIPTION(
/* description */ ('STEP AP242 Edition 2',
'CAx-IF Rec.Pracs.---Representation and Presentation of Product Manufa
cturing Information (PMI)---4.0---2014-10-13',
'CAx-IF Rec.Pracs.---3D Tessellated Geometry---0.4---2014-09-14','2;1',
'CAx-IF Rec.Pracs.---User Defined Attributes---1.5---2016-08-15'),
/* implementation_level */ '2;1');

FILE_NAME(
/* name */ 'Insole V2 - Cover',
/* time_stamp */ '2026-08-30T13:08:54Z',
/* author */ (''),
/* organization */ (''),
/* preprocessor_version */ 'ST-DEVELOPER v20',
/* originating_system */ 'ONSHAPE BY PTC INC, 1.220',
/* authorisation */ '  ');

FILE_SCHEMA (('AP242_MANAGED_MODEL_BASED_3D_ENGINEERING_MIM_LF { 1 0 10303 442 3 1 4 }'));
ENDSEC;

DATA;
#10=SHAPE_REPRESENTATION_RELATIONSHIP('','',#1260,#11);
#11=ADVANCED_BREP_SHAPE_REPRESENTATION('',(#1258),#2569);
#12=CONICAL_SURFACE('',#1383,0.0097414213562373,0.785398163397449);
#13=CONICAL_SURFACE('',#1384,0.0097414213562373,0.78539816339745);
#14=CONICAL_SURFACE('',#1385,0.00974142135623731,0.785398163397446);
#15=CONICAL_SURFACE('',#1386,0.0097414213562373,0.78539816339745);
#16=CONICAL_SURFACE('',#1387,0.0097414213562373,0.78539816339745);
#17=CONICAL_SURFACE('',#1388,0.0097414213562373,0.78539816339745);
#18=B_SPLINE_SURFACE_WITH_KNOTS('',3,1,((#2081,#2082),(#2083,#2084),(#2085,
#2086),(#2087,#2088),(#2089,#2090),(#2091,#2092),(#2093,#2094),(#2095,#2096),
(#2097,#2098),(#2099,#2100),(#2101,#2102),(#2103,#2104),(#2105,#2106),(#2107,
#2108),(#2109,#2110),(#2111,#2112),(#2113,#2114),(#2115,#2116),(#2117,#2118),
(#2119,#2120),(#2121,#2122),(#2123,#2124),(#2125,#2126),(#2127,#2128),(#2129,
#2130),(#2131,#2132)),.SURF_OF_LINEAR_EXTRUSION.,.F.,.F.,.F.,(4,1,1,1,1,
1,1,1,1,1,1,1,1,1,1,1,1,1,1,1,1,1,1,4),(2,2),(0.,0.0203106558333599,0.0406213116667197,
0.0609319675000796,0.0812426233334394,0.101553279166799,0.121863935000159,
0.142174590833519,0.162485246666879,0.182795902500239,0.203106558333599,
0.243727870000318,0.264038525833678,0.284349181667038,0.324970493333758,
0.365591805000477,0.385902460833837,0.406213116667197,0.446834428333917,
0.487455740000637,0.528077051667356,0.568698363334076,0.609319675000796,
0.649940986667515),(0.,1.),.UNSPECIFIED.);
#19=B_SPLINE_SURFACE_WITH_KNOTS('',3,1,((#2151,#2152),(#2153,#2154),(#2155,
#2156),(#2157,#2158),(#2159,#2160),(#2161,#2162),(#2163,#2164),(#2165,#2166),
(#2167,#2168),(#2169,#2170),(#2171,#2172),(#2173,#2174),(#2175,#2176),(#2177,
#2178),(#2179,#2180),(#2181,#2182),(#2183,#2184),(#2185,#2186),(#2187,#2188),
(#2189,#2190),(#2191,#2192),(#2193,#2194),(#2195,#2196),(#2197,#2198),(#2199,
#2200),(#2201,#2202),(#2203,#2204),(#2205,#2206),(#2207,#2208),(#2209,#2210),
(#2211,#2212),(#2213,#2214)),.SURF_OF_LINEAR_EXTRUSION.,.F.,.F.,.F.,(4,
1,1,1,1,1,1,1,1,1,1,1,1,1,1,1,1,1,1,1,1,1,1,1,1,1,1,1,1,4),(2,2),(0.,0.25,
0.375,0.5,0.5625,0.59375,0.625,0.65625,0.6875,0.71875,0.734375,0.75,0.765625,
0.78125,0.796875,0.8125,0.828125,0.84375,0.859375,0.875,0.8828125,0.890625,
0.90625,0.921875,0.9296875,0.9375,0.9453125,0.953125,0.96875,1.),(0.,1.),
 .UNSPECIFIED.);
#20=B_SPLINE_SURFACE_WITH_KNOTS('',3,1,((#2251,#2252),(#2253,#2254),(#2255,
#2256),(#2257,#2258)),.SURF_OF_LINEAR_EXTRUSION.,.F.,.F.,.F.,(4,4),(2,2),
(0.,1.),(0.,1.),.PIECEWISE_BEZIER_KNOTS.);
#21=B_SPLINE_SURFACE_WITH_KNOTS('',3,1,((#2267,#2268),(#2269,#2270),(#2271,
#2272),(#2273,#2274),(#2275,#2276),(#2277,#2278),(#2279,#2280),(#2281,#2282),
(#2283,#2284),(#2285,#2286),(#2287,#2288),(#2289,#2290),(#2291,#2292),(#2293,
#2294),(#2295,#2296),(#2297,#2298),(#2299,#2300),(#2301,#2302),(#2303,#2304),
(#2305,#2306),(#2307,#2308)),.SURF_OF_LINEAR_EXTRUSION.,.F.,.F.,.F.,(4,
1,1,1,1,1,1,1,1,1,1,1,1,1,1,1,1,1,4),(2,2),(0.,0.0625,0.09375,0.125,0.15625,
0.1875,0.25,0.3125,0.375,0.4375,0.5,0.5625,0.625,0.6875,0.75,0.8125,0.875,
0.9375,1.),(0.,1.),.UNSPECIFIED.);
#22=B_SPLINE_SURFACE_WITH_KNOTS('',3,1,((#2334,#2335),(#2336,#2337),(#2338,
#2339),(#2340,#2341)),.SURF_OF_LINEAR_EXTRUSION.,.F.,.F.,.F.,(4,4),(2,2),
(0.,1.),(0.,1.),.PIECEWISE_BEZIER_KNOTS.);
#23=B_SPLINE_SURFACE_WITH_KNOTS('',3,1,((#2350,#2351),(#2352,#2353),(#2354,
#2355),(#2356,#2357),(#2358,#2359),(#2360,#2361),(#2362,#2363),(#2364,#2365),
(#2366,#2367),(#2368,#2369),(#2370,#2371),(#2372,#2373),(#2374,#2375),(#2376,
#2377),(#2378,#2379),(#2380,#2381),(#2382,#2383),(#2384,#2385),(#2386,#2387),
(#2388,#2389),(#2390,#2391),(#2392,#2393)),.SURF_OF_LINEAR_EXTRUSION.,.F.,
 .F.,.F.,(4,1,1,1,1,1,1,1,1,1,1,1,1,1,1,1,1,1,1,4),(2,2),(0.291909919972231,
0.318104042303842,0.344298164635452,0.357395225801258,0.370492286967063,
0.396686409298674,0.422880531630284,0.449074653961895,0.475268776293506,
0.501462898625117,0.514559959790922,0.527657020956727,0.553851143288338,
0.580045265619949,0.606239387951559,0.63243351028317,0.658627632614781,
0.671724693780586,0.684821754946391,0.711015877278002),(0.,1.),
 .UNSPECIFIED.);
#24=B_SPLINE_SURFACE_WITH_KNOTS('',3,1,((#2418,#2419),(#2420,#2421),(#2422,
#2423),(#2424,#2425)),.SURF_OF_LINEAR_EXTRUSION.,.F.,.F.,.F.,(4,4),(2,2),
(0.,1.),(0.,1.),.PIECEWISE_BEZIER_KNOTS.);
#25=B_SPLINE_SURFACE_WITH_KNOTS('',3,1,((#2434,#2435),(#2436,#2437),(#2438,
#2439),(#2440,#2441)),.SURF_OF_LINEAR_EXTRUSION.,.F.,.F.,.F.,(4,4),(2,2),
(0.,1.),(0.,1.),.PIECEWISE_BEZIER_KNOTS.);
#26=B_SPLINE_SURFACE_WITH_KNOTS('',3,1,((#2480,#2481),(#2482,#2483),(#2484,
#2485),(#2486,#2487)),.SURF_OF_LINEAR_EXTRUSION.,.F.,.F.,.F.,(4,4),(2,2),
(0.871976761246442,0.892834183826285),(0.,1.),.PIECEWISE_BEZIER_KNOTS.);
#27=CYLINDRICAL_SURFACE('',#1328,0.0097);
#28=CYLINDRICAL_SURFACE('',#1330,0.0031);
#29=CYLINDRICAL_SURFACE('',#1336,0.00175);
#30=CYLINDRICAL_SURFACE('',#1338,0.00175);
#31=CYLINDRICAL_SURFACE('',#1341,0.00175);
#32=CYLINDRICAL_SURFACE('',#1343,0.0031);
#33=CYLINDRICAL_SURFACE('',#1345,0.00175);
#34=CYLINDRICAL_SURFACE('',#1347,0.00175);
#35=CYLINDRICAL_SURFACE('',#1349,0.00175);
#36=CYLINDRICAL_SURFACE('',#1351,0.00175);
#37=CYLINDRICAL_SURFACE('',#1353,0.00175);
#38=CYLINDRICAL_SURFACE('',#1355,0.00175);
#39=CYLINDRICAL_SURFACE('',#1357,0.0097);
#40=CYLINDRICAL_SURFACE('',#1359,0.00175);
#41=CYLINDRICAL_SURFACE('',#1361,0.0097);
#42=CYLINDRICAL_SURFACE('',#1363,0.00175);
#43=CYLINDRICAL_SURFACE('',#1366,0.0031);
#44=CYLINDRICAL_SURFACE('',#1367,0.0031);
#45=CYLINDRICAL_SURFACE('',#1368,0.0031);
#46=CYLINDRICAL_SURFACE('',#1369,0.0031);
#47=CYLINDRICAL_SURFACE('',#1370,0.0031);
#48=CYLINDRICAL_SURFACE('',#1371,0.0031);
#49=CYLINDRICAL_SURFACE('',#1372,0.0031);
#50=CYLINDRICAL_SURFACE('',#1373,0.0031);
#51=CYLINDRICAL_SURFACE('',#1374,0.0031);
#52=CYLINDRICAL_SURFACE('',#1375,0.0031);
#53=B_SPLINE_CURVE_WITH_KNOTS('',3,(#1726,#1727,#1728,#1729),
 .UNSPECIFIED.,.F.,.F.,(4,4),(0.,1.),.PIECEWISE_BEZIER_KNOTS.);
#54=B_SPLINE_CURVE_WITH_KNOTS('',3,(#1739,#1740,#1741,#1742,#1743,#1744,
#1745,#1746,#1747,#1748,#1749,#1750,#1751,#1752),.UNSPECIFIED.,.F.,.F.,
(4,1,1,1,1,1,1,1,1,1,1,4),(0.,0.0656414689255283,0.138983350619116,0.20159931437953,
0.277384483430916,0.386628732356448,0.483665260157996,0.580381166692075,
0.695159934208121,0.817408488379503,0.9243360578678,1.),.UNSPECIFIED.);
#55=B_SPLINE_CURVE_WITH_KNOTS('',3,(#1754,#1755,#1756,#1757,#1758,#1759,
#1760,#1761,#1762,#1763,#1764,#1765,#1766,#1767,#1768,#1769,#1770,#1771,
#1772,#1773,#1774,#1775,#1776,#1777,#1778,#1779,#1780,#1781,#1782,#1783,
#1784,#1785),.UNSPECIFIED.,.F.,.F.,(4,1,1,1,1,1,1,1,1,1,1,1,1,1,1,1,1,1,
1,1,1,1,1,1,1,1,1,1,1,4),(0.,0.25,0.375,0.5,0.5625,0.59375,0.625,0.65625,
0.6875,0.71875,0.734375,0.75,0.765625,0.78125,0.796875,0.8125,0.828125,
0.84375,0.859375,0.875,0.8828125,0.890625,0.90625,0.921875,0.9296875,0.9375,
0.9453125,0.953125,0.96875,1.),.UNSPECIFIED.);
#56=B_SPLINE_CURVE_WITH_KNOTS('',3,(#1787,#1788,#1789,#1790),
 .UNSPECIFIED.,.F.,.F.,(4,4),(0.,1.),.UNSPECIFIED.);
#57=B_SPLINE_CURVE_WITH_KNOTS('',3,(#1792,#1793,#1794,#1795,#1796,#1797,
#1798,#1799,#1800,#1801,#1802,#1803,#1804,#1805,#1806,#1807,#1808,#1809,
#1810,#1811,#1812),.UNSPECIFIED.,.F.,.F.,(4,1,1,1,1,1,1,1,1,1,1,1,1,1,1,
1,1,1,4),(0.,0.0625,0.09375,0.125,0.15625,0.1875,0.25,0.3125,0.375,0.4375,
0.5,0.5625,0.625,0.6875,0.75,0.8125,0.875,0.9375,1.),.UNSPECIFIED.);
#58=B_SPLINE_CURVE_WITH_KNOTS('',3,(#1814,#1815,#1816,#1817),
 .UNSPECIFIED.,.F.,.F.,(4,4),(3.09765350200408E-7,1.),.UNSPECIFIED.);
#59=B_SPLINE_CURVE_WITH_KNOTS('',3,(#1819,#1820,#1821,#1822,#1823,#1824,
#1825,#1826,#1827,#1828,#1829,#1830,#1831,#1832,#1833,#1834,#1835,#1836,
#1837,#1838),.UNSPECIFIED.,.F.,.F.,(4,1,1,1,1,1,1,1,1,1,1,1,1,1,1,1,1,4),
(0.,0.073028396506913,0.149378982252516,0.21502199031723,0.278724957430524,
0.350904307170108,0.423888791081577,0.516839348011447,0.587352800015951,
0.634461206215546,0.6785443324424,0.731272146031031,0.779021595367222,0.826508084385911,
0.872537476170328,0.916742025155981,0.960806449582306,1.),.UNSPECIFIED.);
#60=B_SPLINE_CURVE_WITH_KNOTS('',3,(#1850,#1851,#1852,#1853),
 .UNSPECIFIED.,.F.,.F.,(4,4),(0.,1.),.PIECEWISE_BEZIER_KNOTS.);
#61=B_SPLINE_CURVE_WITH_KNOTS('',3,(#1899,#1900,#1901,#1902),
 .UNSPECIFIED.,.F.,.F.,(4,4),(0.00422724945505926,0.00605595329194884),
 .UNSPECIFIED.);
#62=B_SPLINE_CURVE_WITH_KNOTS('',3,(#1908,#1909,#1910,#1911),
 .UNSPECIFIED.,.F.,.F.,(4,4),(0.0039564554671922,0.00578471137382415),
 .UNSPECIFIED.);
#63=B_SPLINE_CURVE_WITH_KNOTS('',3,(#1917,#1918,#1919,#1920),
 .UNSPECIFIED.,.F.,.F.,(4,4),(2.94512911906558E-7,0.00182904810909982),
 .UNSPECIFIED.);
#64=B_SPLINE_CURVE_WITH_KNOTS('',3,(#1926,#1927,#1928,#1929),
 .UNSPECIFIED.,.F.,.F.,(4,4),(2.91006076951751E-7,0.00182904460226485),
 .UNSPECIFIED.);
#65=B_SPLINE_CURVE_WITH_KNOTS('',3,(#1935,#1936,#1937,#1938),
 .UNSPECIFIED.,.F.,.F.,(4,4),(0.00395645546719223,0.00578471137382418),
 .UNSPECIFIED.);
#66=B_SPLINE_CURVE_WITH_KNOTS('',3,(#1944,#1945,#1946,#1947),
 .UNSPECIFIED.,.F.,.F.,(4,4),(0.00422724945505927,0.00605595329194889),
 .UNSPECIFIED.);
#67=B_SPLINE_CURVE_WITH_KNOTS('',3,(#1953,#1954,#1955,#1956),
 .UNSPECIFIED.,.F.,.F.,(4,4),(0.00480462870348217,0.00663329763368578),
 .UNSPECIFIED.);
#68=B_SPLINE_CURVE_WITH_KNOTS('',3,(#1962,#1963,#1964,#1965),
 .UNSPECIFIED.,.F.,.F.,(4,4),(0.00446857229208463,0.00629646634749983),
 .UNSPECIFIED.);
#69=B_SPLINE_CURVE_WITH_KNOTS('',3,(#1971,#1972,#1973,#1974),
 .UNSPECIFIED.,.F.,.F.,(4,4),(0.00449650160595027,0.00632933300918089),
 .UNSPECIFIED.);
#70=B_SPLINE_CURVE_WITH_KNOTS('',3,(#1980,#1981,#1982,#1983),
 .UNSPECIFIED.,.F.,.F.,(4,4),(0.00449650160595027,0.00632933300918089),
 .UNSPECIFIED.);
#71=B_SPLINE_CURVE_WITH_KNOTS('',3,(#1989,#1990,#1991,#1992),
 .UNSPECIFIED.,.F.,.F.,(4,4),(0.00480462870348233,0.00663329763368597),
 .UNSPECIFIED.);
#72=B_SPLINE_CURVE_WITH_KNOTS('',3,(#2001,#2002,#2003,#2004),
 .UNSPECIFIED.,.F.,.F.,(4,4),(0.004804628703482,0.0066332976336856),
 .UNSPECIFIED.);
#73=B_SPLINE_CURVE_WITH_KNOTS('',3,(#2133,#2134,#2135,#2136,#2137,#2138,
#2139,#2140,#2141,#2142,#2143,#2144,#2145,#2146),.UNSPECIFIED.,.F.,.F.,
(4,1,1,1,1,1,1,1,1,1,1,4),(0.,0.0656414689255283,0.138983350619116,0.20159931437953,
0.277384483430916,0.386628732356448,0.483665260157996,0.580381166692075,
0.695159934208121,0.817408488379503,0.9243360578678,1.),.UNSPECIFIED.);
#74=B_SPLINE_CURVE_WITH_KNOTS('',3,(#2215,#2216,#2217,#2218,#2219,#2220,
#2221,#2222,#2223,#2224,#2225,#2226,#2227,#2228,#2229,#2230,#2231,#2232,
#2233,#2234,#2235,#2236,#2237,#2238,#2239,#2240,#2241,#2242,#2243,#2244,
#2245,#2246),.UNSPECIFIED.,.F.,.F.,(4,1,1,1,1,1,1,1,1,1,1,1,1,1,1,1,1,1,
1,1,1,1,1,1,1,1,1,1,1,4),(0.,0.25,0.375,0.5,0.5625,0.59375,0.625,0.65625,
0.6875,0.71875,0.734375,0.75,0.765625,0.78125,0.796875,0.8125,0.828125,
0.84375,0.859375,0.875,0.8828125,0.890625,0.90625,0.921875,0.9296875,0.9375,
0.9453125,0.953125,0.96875,1.),.UNSPECIFIED.);
#75=B_SPLINE_CURVE_WITH_KNOTS('',3,(#2259,#2260,#2261,#2262),
 .UNSPECIFIED.,.F.,.F.,(4,4),(0.,1.),.UNSPECIFIED.);
#76=B_SPLINE_CURVE_WITH_KNOTS('',3,(#2309,#2310,#2311,#2312,#2313,#2314,
#2315,#2316,#2317,#2318,#2319,#2320,#2321,#2322,#2323,#2324,#2325,#2326,
#2327,#2328,#2329),.UNSPECIFIED.,.F.,.F.,(4,1,1,1,1,1,1,1,1,1,1,1,1,1,1,
1,1,1,4),(0.,0.0625,0.09375,0.125,0.15625,0.1875,0.25,0.3125,0.375,0.4375,
0.5,0.5625,0.625,0.6875,0.75,0.8125,0.875,0.9375,1.),.UNSPECIFIED.);
#77=B_SPLINE_CURVE_WITH_KNOTS('',3,(#2342,#2343,#2344,#2345),
 .UNSPECIFIED.,.F.,.F.,(4,4),(3.09765350200408E-7,1.),.UNSPECIFIED.);
#78=B_SPLINE_CURVE_WITH_KNOTS('',3,(#2394,#2395,#2396,#2397,#2398,#2399,
#2400,#2401,#2402,#2403,#2404,#2405,#2406,#2407,#2408,#2409,#2410,#2411,
#2412,#2413),.UNSPECIFIED.,.F.,.F.,(4,1,1,1,1,1,1,1,1,1,1,1,1,1,1,1,1,4),
(0.,0.073028396506913,0.149378982252516,0.21502199031723,0.278724957430524,
0.350904307170108,0.423888791081577,0.516839348011447,0.587352800015951,
0.634461206215546,0.6785443324424,0.731272146031031,0.779021595367222,0.826508084385911,
0.872537476170328,0.916742025155981,0.960806449582306,1.),.UNSPECIFIED.);
#79=B_SPLINE_CURVE_WITH_KNOTS('',3,(#2426,#2427,#2428,#2429),
 .UNSPECIFIED.,.F.,.F.,(4,4),(0.,1.),.PIECEWISE_BEZIER_KNOTS.);
#80=B_SPLINE_CURVE_WITH_KNOTS('',3,(#2442,#2443,#2444,#2445),
 .UNSPECIFIED.,.F.,.F.,(4,4),(0.,1.),.PIECEWISE_BEZIER_KNOTS.);
#81=B_SPLINE_CURVE_WITH_KNOTS('',3,(#2488,#2489,#2490,#2491,#2492,#2493,
#2494,#2495,#2496,#2497,#2498,#2499,#2500,#2501,#2502,#2503,#2504,#2505,
#2506,#2507,#2508,#2509,#2510,#2511),.UNSPECIFIED.,.F.,.F.,(4,3,1,1,1,1,
1,1,1,1,1,1,1,1,1,1,1,1,1,4),(0.683760600799616,0.686530230292087,0.6875,
0.703125,0.71875,0.734375,0.75,0.7578125,0.765625,0.7734375,0.78125,0.7890625,
0.796875,0.8125,0.828125,0.84375,0.875,0.90625,0.9375,0.96349317953922),
 .UNSPECIFIED.);
#82=B_SPLINE_CURVE_WITH_KNOTS('',3,(#2512,#2513,#2514,#2515,#2516,#2517,
#2518,#2519,#2520,#2521,#2522,#2523,#2524,#2525,#2526,#2527,#2528,#2529,
#2530,#2531,#2532,#2533,#2534,#2535),.UNSPECIFIED.,.F.,.F.,(4,3,1,1,1,1,
1,1,1,1,1,1,1,1,1,1,1,1,1,4),(0.683760600799616,0.686530230292087,0.6875,
0.703125,0.71875,0.734375,0.75,0.7578125,0.765625,0.7734375,0.78125,0.7890625,
0.796875,0.8125,0.828125,0.84375,0.875,0.90625,0.9375,0.96349317953922),
 .UNSPECIFIED.);
#83=LINE('',#1714,#147);
#84=LINE('',#1718,#148);
#85=LINE('',#1722,#149);
#86=LINE('',#1724,#150);
#87=LINE('',#1731,#151);
#88=LINE('',#1735,#152);
#89=LINE('',#1737,#153);
#90=LINE('',#1840,#154);
#91=LINE('',#1842,#155);
#92=LINE('',#1846,#156);
#93=LINE('',#1848,#157);
#94=LINE('',#1855,#158);
#95=LINE('',#1857,#159);
#96=LINE('',#1885,#160);
#97=LINE('',#1889,#161);
#98=LINE('',#1893,#162);
#99=LINE('',#1897,#163);
#100=LINE('',#1904,#164);
#101=LINE('',#1906,#165);
#102=LINE('',#1913,#166);
#103=LINE('',#1915,#167);
#104=LINE('',#1922,#168);
#105=LINE('',#1924,#169);
#106=LINE('',#1931,#170);
#107=LINE('',#1933,#171);
#108=LINE('',#1940,#172);
#109=LINE('',#1942,#173);
#110=LINE('',#1949,#174);
#111=LINE('',#1951,#175);
#112=LINE('',#1958,#176);
#113=LINE('',#1960,#177);
#114=LINE('',#1967,#178);
#115=LINE('',#1969,#179);
#116=LINE('',#1976,#180);
#117=LINE('',#1978,#181);
#118=LINE('',#1985,#182);
#119=LINE('',#1987,#183);
#120=LINE('',#1994,#184);
#121=LINE('',#1996,#185);
#122=LINE('',#1998,#186);
#123=LINE('',#2005,#187);
#124=LINE('',#2007,#188);
#125=LINE('',#2009,#189);
#126=LINE('',#2011,#190);
#127=LINE('',#2013,#191);
#128=LINE('',#2015,#192);
#129=LINE('',#2072,#193);
#130=LINE('',#2076,#194);
#131=LINE('',#2078,#195);
#132=LINE('',#2080,#196);
#133=LINE('',#2148,#197);
#134=LINE('',#2150,#198);
#135=LINE('',#2248,#199);
#136=LINE('',#2250,#200);
#137=LINE('',#2264,#201);
#138=LINE('',#2266,#202);
#139=LINE('',#2331,#203);
#140=LINE('',#2333,#204);
#141=LINE('',#2347,#205);
#142=LINE('',#2349,#206);
#143=LINE('',#2415,#207);
#144=LINE('',#2417,#208);
#145=LINE('',#2431,#209);
#146=LINE('',#2433,#210);
#147=VECTOR('',#1395,1.);
#148=VECTOR('',#1398,1.);
#149=VECTOR('',#1401,1.);
#150=VECTOR('',#1402,1.);
#151=VECTOR('',#1403,1.);
#152=VECTOR('',#1406,1.);
#153=VECTOR('',#1407,1.);
#154=VECTOR('',#1408,1.);
#155=VECTOR('',#1409,1.);
#156=VECTOR('',#1412,1.);
#157=VECTOR('',#1413,1.);
#158=VECTOR('',#1414,1.);
#159=VECTOR('',#1415,1.);
#160=VECTOR('',#1442,1.);
#161=VECTOR('',#1445,1.);
#162=VECTOR('',#1448,1.);
#163=VECTOR('',#1451,1.);
#164=VECTOR('',#1454,1.);
#165=VECTOR('',#1455,1.);
#166=VECTOR('',#1458,1.);
#167=VECTOR('',#1459,1.);
#168=VECTOR('',#1462,1.);
#169=VECTOR('',#1463,1.);
#170=VECTOR('',#1466,1.);
#171=VECTOR('',#1467,1.);
#172=VECTOR('',#1470,1.);
#173=VECTOR('',#1471,1.);
#174=VECTOR('',#1474,1.);
#175=VECTOR('',#1475,1.);
#176=VECTOR('',#1478,1.);
#177=VECTOR('',#1479,1.);
#178=VECTOR('',#1482,1.);
#179=VECTOR('',#1483,1.);
#180=VECTOR('',#1486,1.);
#181=VECTOR('',#1487,1.);
#182=VECTOR('',#1490,1.);
#183=VECTOR('',#1491,1.);
#184=VECTOR('',#1494,1.);
#185=VECTOR('',#1495,1.);
#186=VECTOR('',#1498,1.);
#187=VECTOR('',#1499,1.);
#188=VECTOR('',#1502,1.);
#189=VECTOR('',#1503,1.);
#190=VECTOR('',#1504,1.);
#191=VECTOR('',#1507,1.);
#192=VECTOR('',#1508,1.);
#193=VECTOR('',#1577,1.);
#194=VECTOR('',#1580,1.);
#195=VECTOR('',#1583,1.);
#196=VECTOR('',#1584,1.);
#197=VECTOR('',#1585,1.);
#198=VECTOR('',#1586,1.);
#199=VECTOR('',#1587,1.);
#200=VECTOR('',#1588,1.);
#201=VECTOR('',#1589,1.);
#202=VECTOR('',#1590,1.);
#203=VECTOR('',#1591,1.);
#204=VECTOR('',#1592,1.);
#205=VECTOR('',#1593,1.);
#206=VECTOR('',#1594,1.);
#207=VECTOR('',#1597,1.);
#208=VECTOR('',#1598,1.);
#209=VECTOR('',#1601,1.);
#210=VECTOR('',#1602,1.);
#211=ORIENTED_EDGE('',*,*,#529,.F.);
#212=ORIENTED_EDGE('',*,*,#530,.F.);
#213=ORIENTED_EDGE('',*,*,#531,.F.);
#214=ORIENTED_EDGE('',*,*,#532,.F.);
#215=ORIENTED_EDGE('',*,*,#533,.F.);
#216=ORIENTED_EDGE('',*,*,#534,.F.);
#217=ORIENTED_EDGE('',*,*,#535,.F.);
#218=ORIENTED_EDGE('',*,*,#536,.F.);
#219=ORIENTED_EDGE('',*,*,#537,.T.);
#220=ORIENTED_EDGE('',*,*,#538,.F.);
#221=ORIENTED_EDGE('',*,*,#539,.F.);
#222=ORIENTED_EDGE('',*,*,#540,.T.);
#223=ORIENTED_EDGE('',*,*,#541,.F.);
#224=ORIENTED_EDGE('',*,*,#542,.F.);
#225=ORIENTED_EDGE('',*,*,#543,.F.);
#226=ORIENTED_EDGE('',*,*,#544,.F.);
#227=ORIENTED_EDGE('',*,*,#545,.F.);
#228=ORIENTED_EDGE('',*,*,#546,.F.);
#229=ORIENTED_EDGE('',*,*,#547,.F.);
#230=ORIENTED_EDGE('',*,*,#548,.T.);
#231=ORIENTED_EDGE('',*,*,#549,.F.);
#232=ORIENTED_EDGE('',*,*,#550,.F.);
#233=ORIENTED_EDGE('',*,*,#551,.F.);
#234=ORIENTED_EDGE('',*,*,#552,.F.);
#235=ORIENTED_EDGE('',*,*,#553,.F.);
#236=ORIENTED_EDGE('',*,*,#554,.F.);
#237=ORIENTED_EDGE('',*,*,#555,.F.);
#238=ORIENTED_EDGE('',*,*,#556,.F.);
#239=ORIENTED_EDGE('',*,*,#557,.F.);
#240=ORIENTED_EDGE('',*,*,#558,.F.);
#241=ORIENTED_EDGE('',*,*,#559,.F.);
#242=ORIENTED_EDGE('',*,*,#560,.F.);
#243=ORIENTED_EDGE('',*,*,#561,.F.);
#244=ORIENTED_EDGE('',*,*,#562,.F.);
#245=ORIENTED_EDGE('',*,*,#563,.F.);
#246=ORIENTED_EDGE('',*,*,#564,.F.);
#247=ORIENTED_EDGE('',*,*,#565,.F.);
#248=ORIENTED_EDGE('',*,*,#566,.F.);
#249=ORIENTED_EDGE('',*,*,#567,.F.);
#250=ORIENTED_EDGE('',*,*,#568,.F.);
#251=ORIENTED_EDGE('',*,*,#569,.F.);
#252=ORIENTED_EDGE('',*,*,#570,.F.);
#253=ORIENTED_EDGE('',*,*,#571,.F.);
#254=ORIENTED_EDGE('',*,*,#572,.F.);
#255=ORIENTED_EDGE('',*,*,#573,.F.);
#256=ORIENTED_EDGE('',*,*,#574,.F.);
#257=ORIENTED_EDGE('',*,*,#575,.F.);
#258=ORIENTED_EDGE('',*,*,#576,.T.);
#259=ORIENTED_EDGE('',*,*,#577,.T.);
#260=ORIENTED_EDGE('',*,*,#572,.T.);
#261=ORIENTED_EDGE('',*,*,#578,.F.);
#262=ORIENTED_EDGE('',*,*,#574,.T.);
#263=ORIENTED_EDGE('',*,*,#579,.F.);
#264=ORIENTED_EDGE('',*,*,#580,.T.);
#265=ORIENTED_EDGE('',*,*,#581,.F.);
#266=ORIENTED_EDGE('',*,*,#532,.T.);
#267=ORIENTED_EDGE('',*,*,#582,.F.);
#268=ORIENTED_EDGE('',*,*,#583,.T.);
#269=ORIENTED_EDGE('',*,*,#584,.F.);
#270=ORIENTED_EDGE('',*,*,#585,.T.);
#271=ORIENTED_EDGE('',*,*,#586,.T.);
#272=ORIENTED_EDGE('',*,*,#530,.T.);
#273=ORIENTED_EDGE('',*,*,#587,.F.);
#274=ORIENTED_EDGE('',*,*,#570,.T.);
#275=ORIENTED_EDGE('',*,*,#588,.F.);
#276=ORIENTED_EDGE('',*,*,#589,.T.);
#277=ORIENTED_EDGE('',*,*,#590,.F.);
#278=ORIENTED_EDGE('',*,*,#591,.T.);
#279=ORIENTED_EDGE('',*,*,#592,.T.);
#280=ORIENTED_EDGE('',*,*,#568,.T.);
#281=ORIENTED_EDGE('',*,*,#593,.F.);
#282=ORIENTED_EDGE('',*,*,#594,.T.);
#283=ORIENTED_EDGE('',*,*,#595,.T.);
#284=ORIENTED_EDGE('',*,*,#534,.T.);
#285=ORIENTED_EDGE('',*,*,#596,.F.);
#286=ORIENTED_EDGE('',*,*,#554,.T.);
#287=ORIENTED_EDGE('',*,*,#597,.F.);
#288=ORIENTED_EDGE('',*,*,#598,.T.);
#289=ORIENTED_EDGE('',*,*,#539,.T.);
#290=ORIENTED_EDGE('',*,*,#599,.T.);
#291=ORIENTED_EDGE('',*,*,#600,.F.);
#292=ORIENTED_EDGE('',*,*,#601,.F.);
#293=ORIENTED_EDGE('',*,*,#602,.F.);
#294=ORIENTED_EDGE('',*,*,#537,.F.);
#295=ORIENTED_EDGE('',*,*,#603,.T.);
#296=ORIENTED_EDGE('',*,*,#604,.T.);
#297=ORIENTED_EDGE('',*,*,#605,.F.);
#298=ORIENTED_EDGE('',*,*,#606,.T.);
#299=ORIENTED_EDGE('',*,*,#607,.T.);
#300=ORIENTED_EDGE('',*,*,#550,.T.);
#301=ORIENTED_EDGE('',*,*,#608,.F.);
#302=ORIENTED_EDGE('',*,*,#609,.T.);
#303=ORIENTED_EDGE('',*,*,#548,.F.);
#304=ORIENTED_EDGE('',*,*,#610,.F.);
#305=ORIENTED_EDGE('',*,*,#611,.F.);
#306=ORIENTED_EDGE('',*,*,#610,.T.);
#307=ORIENTED_EDGE('',*,*,#547,.T.);
#308=ORIENTED_EDGE('',*,*,#612,.T.);
#309=ORIENTED_EDGE('',*,*,#613,.T.);
#310=ORIENTED_EDGE('',*,*,#614,.F.);
#311=ORIENTED_EDGE('',*,*,#597,.T.);
#312=ORIENTED_EDGE('',*,*,#553,.T.);
#313=ORIENTED_EDGE('',*,*,#615,.T.);
#314=ORIENTED_EDGE('',*,*,#616,.F.);
#315=ORIENTED_EDGE('',*,*,#617,.F.);
#316=ORIENTED_EDGE('',*,*,#618,.F.);
#317=ORIENTED_EDGE('',*,*,#619,.F.);
#318=ORIENTED_EDGE('',*,*,#620,.F.);
#319=ORIENTED_EDGE('',*,*,#621,.F.);
#320=ORIENTED_EDGE('',*,*,#622,.F.);
#321=ORIENTED_EDGE('',*,*,#623,.F.);
#322=ORIENTED_EDGE('',*,*,#624,.F.);
#323=ORIENTED_EDGE('',*,*,#625,.F.);
#324=ORIENTED_EDGE('',*,*,#626,.F.);
#325=ORIENTED_EDGE('',*,*,#627,.F.);
#326=ORIENTED_EDGE('',*,*,#628,.F.);
#327=ORIENTED_EDGE('',*,*,#629,.F.);
#328=ORIENTED_EDGE('',*,*,#630,.F.);
#329=ORIENTED_EDGE('',*,*,#631,.F.);
#330=ORIENTED_EDGE('',*,*,#632,.F.);
#331=ORIENTED_EDGE('',*,*,#633,.F.);
#332=ORIENTED_EDGE('',*,*,#634,.F.);
#333=ORIENTED_EDGE('',*,*,#635,.F.);
#334=ORIENTED_EDGE('',*,*,#636,.F.);
#335=ORIENTED_EDGE('',*,*,#582,.T.);
#336=ORIENTED_EDGE('',*,*,#531,.T.);
#337=ORIENTED_EDGE('',*,*,#586,.F.);
#338=ORIENTED_EDGE('',*,*,#637,.F.);
#339=ORIENTED_EDGE('',*,*,#638,.F.);
#340=ORIENTED_EDGE('',*,*,#639,.F.);
#341=ORIENTED_EDGE('',*,*,#640,.T.);
#342=ORIENTED_EDGE('',*,*,#557,.T.);
#343=ORIENTED_EDGE('',*,*,#601,.T.);
#344=ORIENTED_EDGE('',*,*,#641,.T.);
#345=ORIENTED_EDGE('',*,*,#642,.F.);
#346=ORIENTED_EDGE('',*,*,#540,.F.);
#347=ORIENTED_EDGE('',*,*,#643,.F.);
#348=ORIENTED_EDGE('',*,*,#644,.F.);
#349=ORIENTED_EDGE('',*,*,#645,.F.);
#350=ORIENTED_EDGE('',*,*,#541,.T.);
#351=ORIENTED_EDGE('',*,*,#642,.T.);
#352=ORIENTED_EDGE('',*,*,#646,.F.);
#353=ORIENTED_EDGE('',*,*,#647,.F.);
#354=ORIENTED_EDGE('',*,*,#648,.F.);
#355=ORIENTED_EDGE('',*,*,#542,.T.);
#356=ORIENTED_EDGE('',*,*,#645,.T.);
#357=ORIENTED_EDGE('',*,*,#644,.T.);
#358=ORIENTED_EDGE('',*,*,#649,.F.);
#359=ORIENTED_EDGE('',*,*,#650,.F.);
#360=ORIENTED_EDGE('',*,*,#651,.F.);
#361=ORIENTED_EDGE('',*,*,#543,.T.);
#362=ORIENTED_EDGE('',*,*,#648,.T.);
#363=ORIENTED_EDGE('',*,*,#647,.T.);
#364=ORIENTED_EDGE('',*,*,#652,.F.);
#365=ORIENTED_EDGE('',*,*,#653,.F.);
#366=ORIENTED_EDGE('',*,*,#654,.F.);
#367=ORIENTED_EDGE('',*,*,#544,.T.);
#368=ORIENTED_EDGE('',*,*,#651,.T.);
#369=ORIENTED_EDGE('',*,*,#650,.T.);
#370=ORIENTED_EDGE('',*,*,#655,.F.);
#371=ORIENTED_EDGE('',*,*,#656,.F.);
#372=ORIENTED_EDGE('',*,*,#657,.F.);
#373=ORIENTED_EDGE('',*,*,#545,.T.);
#374=ORIENTED_EDGE('',*,*,#654,.T.);
#375=ORIENTED_EDGE('',*,*,#653,.T.);
#376=ORIENTED_EDGE('',*,*,#658,.F.);
#377=ORIENTED_EDGE('',*,*,#613,.F.);
#378=ORIENTED_EDGE('',*,*,#612,.F.);
#379=ORIENTED_EDGE('',*,*,#546,.T.);
#380=ORIENTED_EDGE('',*,*,#657,.T.);
#381=ORIENTED_EDGE('',*,*,#656,.T.);
#382=ORIENTED_EDGE('',*,*,#659,.F.);
#383=ORIENTED_EDGE('',*,*,#660,.F.);
#384=ORIENTED_EDGE('',*,*,#551,.T.);
#385=ORIENTED_EDGE('',*,*,#607,.F.);
#386=ORIENTED_EDGE('',*,*,#661,.F.);
#387=ORIENTED_EDGE('',*,*,#615,.F.);
#388=ORIENTED_EDGE('',*,*,#552,.T.);
#389=ORIENTED_EDGE('',*,*,#660,.T.);
#390=ORIENTED_EDGE('',*,*,#662,.F.);
#391=ORIENTED_EDGE('',*,*,#663,.F.);
#392=ORIENTED_EDGE('',*,*,#535,.T.);
#393=ORIENTED_EDGE('',*,*,#595,.F.);
#394=ORIENTED_EDGE('',*,*,#664,.F.);
#395=ORIENTED_EDGE('',*,*,#603,.F.);
#396=ORIENTED_EDGE('',*,*,#536,.T.);
#397=ORIENTED_EDGE('',*,*,#663,.T.);
#398=ORIENTED_EDGE('',*,*,#665,.F.);
#399=ORIENTED_EDGE('',*,*,#630,.T.);
#400=ORIENTED_EDGE('',*,*,#666,.F.);
#401=ORIENTED_EDGE('',*,*,#667,.T.);
#402=ORIENTED_EDGE('',*,*,#668,.F.);
#403=ORIENTED_EDGE('',*,*,#622,.T.);
#404=ORIENTED_EDGE('',*,*,#669,.F.);
#405=ORIENTED_EDGE('',*,*,#561,.T.);
#406=ORIENTED_EDGE('',*,*,#670,.F.);
#407=ORIENTED_EDGE('',*,*,#620,.T.);
#408=ORIENTED_EDGE('',*,*,#671,.F.);
#409=ORIENTED_EDGE('',*,*,#618,.T.);
#410=ORIENTED_EDGE('',*,*,#672,.F.);
#411=ORIENTED_EDGE('',*,*,#616,.T.);
#412=ORIENTED_EDGE('',*,*,#673,.F.);
#413=ORIENTED_EDGE('',*,*,#634,.T.);
#414=ORIENTED_EDGE('',*,*,#674,.F.);
#415=ORIENTED_EDGE('',*,*,#624,.T.);
#416=ORIENTED_EDGE('',*,*,#675,.F.);
#417=ORIENTED_EDGE('',*,*,#626,.T.);
#418=ORIENTED_EDGE('',*,*,#676,.F.);
#419=ORIENTED_EDGE('',*,*,#579,.T.);
#420=ORIENTED_EDGE('',*,*,#573,.T.);
#421=ORIENTED_EDGE('',*,*,#577,.F.);
#422=ORIENTED_EDGE('',*,*,#638,.T.);
#423=ORIENTED_EDGE('',*,*,#677,.T.);
#424=ORIENTED_EDGE('',*,*,#640,.F.);
#425=ORIENTED_EDGE('',*,*,#678,.F.);
#426=ORIENTED_EDGE('',*,*,#679,.F.);
#427=ORIENTED_EDGE('',*,*,#628,.T.);
#428=ORIENTED_EDGE('',*,*,#680,.F.);
#429=ORIENTED_EDGE('',*,*,#588,.T.);
#430=ORIENTED_EDGE('',*,*,#569,.T.);
#431=ORIENTED_EDGE('',*,*,#592,.F.);
#432=ORIENTED_EDGE('',*,*,#681,.F.);
#433=ORIENTED_EDGE('',*,*,#632,.T.);
#434=ORIENTED_EDGE('',*,*,#678,.T.);
#435=ORIENTED_EDGE('',*,*,#639,.T.);
#436=ORIENTED_EDGE('',*,*,#667,.F.);
#437=ORIENTED_EDGE('',*,*,#565,.T.);
#438=ORIENTED_EDGE('',*,*,#617,.T.);
#439=ORIENTED_EDGE('',*,*,#564,.T.);
#440=ORIENTED_EDGE('',*,*,#619,.T.);
#441=ORIENTED_EDGE('',*,*,#563,.T.);
#442=ORIENTED_EDGE('',*,*,#621,.T.);
#443=ORIENTED_EDGE('',*,*,#562,.T.);
#444=ORIENTED_EDGE('',*,*,#623,.T.);
#445=ORIENTED_EDGE('',*,*,#560,.T.);
#446=ORIENTED_EDGE('',*,*,#625,.T.);
#447=ORIENTED_EDGE('',*,*,#559,.T.);
#448=ORIENTED_EDGE('',*,*,#627,.T.);
#449=ORIENTED_EDGE('',*,*,#558,.T.);
#450=ORIENTED_EDGE('',*,*,#629,.T.);
#451=ORIENTED_EDGE('',*,*,#556,.T.);
#452=ORIENTED_EDGE('',*,*,#631,.T.);
#453=ORIENTED_EDGE('',*,*,#555,.T.);
#454=ORIENTED_EDGE('',*,*,#633,.T.);
#455=ORIENTED_EDGE('',*,*,#566,.T.);
#456=ORIENTED_EDGE('',*,*,#635,.T.);
#457=ORIENTED_EDGE('',*,*,#682,.F.);
#458=ORIENTED_EDGE('',*,*,#580,.F.);
#459=ORIENTED_EDGE('',*,*,#676,.T.);
#460=ORIENTED_EDGE('',*,*,#576,.F.);
#461=ORIENTED_EDGE('',*,*,#683,.F.);
#462=ORIENTED_EDGE('',*,*,#583,.F.);
#463=ORIENTED_EDGE('',*,*,#636,.T.);
#464=ORIENTED_EDGE('',*,*,#585,.F.);
#465=ORIENTED_EDGE('',*,*,#684,.F.);
#466=ORIENTED_EDGE('',*,*,#589,.F.);
#467=ORIENTED_EDGE('',*,*,#680,.T.);
#468=ORIENTED_EDGE('',*,*,#591,.F.);
#469=ORIENTED_EDGE('',*,*,#685,.F.);
#470=ORIENTED_EDGE('',*,*,#598,.F.);
#471=ORIENTED_EDGE('',*,*,#614,.T.);
#472=ORIENTED_EDGE('',*,*,#661,.T.);
#473=ORIENTED_EDGE('',*,*,#659,.T.);
#474=ORIENTED_EDGE('',*,*,#606,.F.);
#475=ORIENTED_EDGE('',*,*,#686,.F.);
#476=ORIENTED_EDGE('',*,*,#608,.T.);
#477=ORIENTED_EDGE('',*,*,#611,.T.);
#478=ORIENTED_EDGE('',*,*,#658,.T.);
#479=ORIENTED_EDGE('',*,*,#655,.T.);
#480=ORIENTED_EDGE('',*,*,#652,.T.);
#481=ORIENTED_EDGE('',*,*,#649,.T.);
#482=ORIENTED_EDGE('',*,*,#646,.T.);
#483=ORIENTED_EDGE('',*,*,#643,.T.);
#484=ORIENTED_EDGE('',*,*,#641,.F.);
#485=ORIENTED_EDGE('',*,*,#600,.T.);
#486=ORIENTED_EDGE('',*,*,#687,.F.);
#487=ORIENTED_EDGE('',*,*,#604,.F.);
#488=ORIENTED_EDGE('',*,*,#664,.T.);
#489=ORIENTED_EDGE('',*,*,#662,.T.);
#490=ORIENTED_EDGE('',*,*,#594,.F.);
#491=ORIENTED_EDGE('',*,*,#679,.T.);
#492=ORIENTED_EDGE('',*,*,#637,.T.);
#493=ORIENTED_EDGE('',*,*,#677,.F.);
#494=ORIENTED_EDGE('',*,*,#675,.T.);
#495=ORIENTED_EDGE('',*,*,#674,.T.);
#496=ORIENTED_EDGE('',*,*,#673,.T.);
#497=ORIENTED_EDGE('',*,*,#672,.T.);
#498=ORIENTED_EDGE('',*,*,#671,.T.);
#499=ORIENTED_EDGE('',*,*,#670,.T.);
#500=ORIENTED_EDGE('',*,*,#669,.T.);
#501=ORIENTED_EDGE('',*,*,#668,.T.);
#502=ORIENTED_EDGE('',*,*,#666,.T.);
#503=ORIENTED_EDGE('',*,*,#665,.T.);
#504=ORIENTED_EDGE('',*,*,#681,.T.);
#505=ORIENTED_EDGE('',*,*,#605,.T.);
#506=ORIENTED_EDGE('',*,*,#549,.T.);
#507=ORIENTED_EDGE('',*,*,#609,.F.);
#508=ORIENTED_EDGE('',*,*,#686,.T.);
#509=ORIENTED_EDGE('',*,*,#538,.T.);
#510=ORIENTED_EDGE('',*,*,#602,.T.);
#511=ORIENTED_EDGE('',*,*,#687,.T.);
#512=ORIENTED_EDGE('',*,*,#599,.F.);
#513=ORIENTED_EDGE('',*,*,#593,.T.);
#514=ORIENTED_EDGE('',*,*,#533,.T.);
#515=ORIENTED_EDGE('',*,*,#596,.T.);
#516=ORIENTED_EDGE('',*,*,#685,.T.);
#517=ORIENTED_EDGE('',*,*,#587,.T.);
#518=ORIENTED_EDGE('',*,*,#684,.T.);
#519=ORIENTED_EDGE('',*,*,#590,.T.);
#520=ORIENTED_EDGE('',*,*,#567,.T.);
#521=ORIENTED_EDGE('',*,*,#581,.T.);
#522=ORIENTED_EDGE('',*,*,#683,.T.);
#523=ORIENTED_EDGE('',*,*,#584,.T.);
#524=ORIENTED_EDGE('',*,*,#529,.T.);
#525=ORIENTED_EDGE('',*,*,#575,.T.);
#526=ORIENTED_EDGE('',*,*,#571,.T.);
#527=ORIENTED_EDGE('',*,*,#578,.T.);
#528=ORIENTED_EDGE('',*,*,#682,.T.);
#529=EDGE_CURVE('',#688,#689,#811,.T.);
#530=EDGE_CURVE('',#690,#688,#83,.T.);
#531=EDGE_CURVE('',#691,#690,#812,.T.);
#532=EDGE_CURVE('',#689,#691,#84,.T.);
#533=EDGE_CURVE('',#692,#693,#813,.T.);
#534=EDGE_CURVE('',#694,#692,#85,.T.);
#535=EDGE_CURVE('',#695,#694,#86,.T.);
#536=EDGE_CURVE('',#696,#695,#53,.T.);
#537=EDGE_CURVE('',#696,#697,#87,.T.);
#538=EDGE_CURVE('',#698,#697,#814,.T.);
#539=EDGE_CURVE('',#699,#698,#88,.T.);
#540=EDGE_CURVE('',#699,#700,#89,.T.);
#541=EDGE_CURVE('',#701,#700,#54,.T.);
#542=EDGE_CURVE('',#702,#701,#55,.T.);
#543=EDGE_CURVE('',#703,#702,#56,.T.);
#544=EDGE_CURVE('',#704,#703,#57,.T.);
#545=EDGE_CURVE('',#705,#704,#58,.T.);
#546=EDGE_CURVE('',#706,#705,#59,.T.);
#547=EDGE_CURVE('',#707,#706,#90,.T.);
#548=EDGE_CURVE('',#707,#708,#91,.T.);
#549=EDGE_CURVE('',#709,#708,#815,.T.);
#550=EDGE_CURVE('',#710,#709,#92,.T.);
#551=EDGE_CURVE('',#711,#710,#93,.T.);
#552=EDGE_CURVE('',#712,#711,#60,.T.);
#553=EDGE_CURVE('',#713,#712,#94,.T.);
#554=EDGE_CURVE('',#693,#713,#95,.T.);
#555=EDGE_CURVE('',#714,#714,#816,.T.);
#556=EDGE_CURVE('',#715,#715,#817,.T.);
#557=EDGE_CURVE('',#716,#716,#818,.T.);
#558=EDGE_CURVE('',#717,#717,#819,.T.);
#559=EDGE_CURVE('',#718,#718,#820,.T.);
#560=EDGE_CURVE('',#719,#719,#821,.T.);
#561=EDGE_CURVE('',#720,#720,#822,.T.);
#562=EDGE_CURVE('',#721,#721,#823,.T.);
#563=EDGE_CURVE('',#722,#722,#824,.T.);
#564=EDGE_CURVE('',#723,#723,#825,.T.);
#565=EDGE_CURVE('',#724,#724,#826,.T.);
#566=EDGE_CURVE('',#725,#725,#827,.T.);
#567=EDGE_CURVE('',#726,#727,#828,.T.);
#568=EDGE_CURVE('',#728,#726,#96,.T.);
#569=EDGE_CURVE('',#729,#728,#829,.T.);
#570=EDGE_CURVE('',#727,#729,#97,.T.);
#571=EDGE_CURVE('',#730,#731,#830,.T.);
#572=EDGE_CURVE('',#732,#730,#98,.T.);
#573=EDGE_CURVE('',#733,#732,#831,.T.);
#574=EDGE_CURVE('',#731,#733,#99,.T.);
#575=EDGE_CURVE('',#734,#730,#61,.T.);
#576=EDGE_CURVE('',#734,#735,#100,.T.);
#577=EDGE_CURVE('',#735,#732,#101,.T.);
#578=EDGE_CURVE('',#731,#736,#62,.T.);
#579=EDGE_CURVE('',#737,#733,#102,.T.);
#580=EDGE_CURVE('',#737,#736,#103,.T.);
#581=EDGE_CURVE('',#689,#738,#63,.T.);
#582=EDGE_CURVE('',#739,#691,#104,.T.);
#583=EDGE_CURVE('',#739,#738,#105,.T.);
#584=EDGE_CURVE('',#740,#688,#64,.T.);
#585=EDGE_CURVE('',#740,#741,#106,.T.);
#586=EDGE_CURVE('',#741,#690,#107,.T.);
#587=EDGE_CURVE('',#727,#742,#65,.T.);
#588=EDGE_CURVE('',#743,#729,#108,.T.);
#589=EDGE_CURVE('',#743,#742,#109,.T.);
#590=EDGE_CURVE('',#744,#726,#66,.T.);
#591=EDGE_CURVE('',#744,#745,#110,.T.);
#592=EDGE_CURVE('',#745,#728,#111,.T.);
#593=EDGE_CURVE('',#746,#692,#67,.T.);
#594=EDGE_CURVE('',#746,#747,#112,.T.);
#595=EDGE_CURVE('',#747,#694,#113,.T.);
#596=EDGE_CURVE('',#693,#748,#68,.T.);
#597=EDGE_CURVE('',#749,#713,#114,.T.);
#598=EDGE_CURVE('',#749,#748,#115,.T.);
#599=EDGE_CURVE('',#698,#750,#69,.T.);
#600=EDGE_CURVE('',#751,#750,#116,.T.);
#601=EDGE_CURVE('',#699,#751,#117,.T.);
#602=EDGE_CURVE('',#697,#752,#70,.T.);
#603=EDGE_CURVE('',#696,#753,#118,.T.);
#604=EDGE_CURVE('',#753,#752,#119,.T.);
#605=EDGE_CURVE('',#754,#709,#71,.T.);
#606=EDGE_CURVE('',#754,#755,#120,.T.);
#607=EDGE_CURVE('',#755,#710,#121,.T.);
#608=EDGE_CURVE('',#756,#757,#122,.T.);
#609=EDGE_CURVE('',#756,#708,#72,.T.);
#610=EDGE_CURVE('',#757,#707,#123,.T.);
#611=EDGE_CURVE('',#757,#758,#124,.T.);
#612=EDGE_CURVE('',#706,#759,#125,.T.);
#613=EDGE_CURVE('',#759,#758,#126,.T.);
#614=EDGE_CURVE('',#749,#760,#127,.T.);
#615=EDGE_CURVE('',#712,#760,#128,.T.);
#616=EDGE_CURVE('',#761,#761,#832,.T.);
#617=EDGE_CURVE('',#762,#762,#833,.F.);
#618=EDGE_CURVE('',#763,#763,#834,.T.);
#619=EDGE_CURVE('',#764,#764,#835,.F.);
#620=EDGE_CURVE('',#765,#765,#836,.T.);
#621=EDGE_CURVE('',#766,#766,#837,.F.);
#622=EDGE_CURVE('',#767,#767,#838,.T.);
#623=EDGE_CURVE('',#768,#768,#839,.F.);
#624=EDGE_CURVE('',#769,#769,#840,.T.);
#625=EDGE_CURVE('',#770,#770,#841,.F.);
#626=EDGE_CURVE('',#771,#771,#842,.T.);
#627=EDGE_CURVE('',#772,#772,#843,.F.);
#628=EDGE_CURVE('',#773,#773,#844,.T.);
#629=EDGE_CURVE('',#774,#774,#845,.F.);
#630=EDGE_CURVE('',#775,#775,#846,.T.);
#631=EDGE_CURVE('',#776,#776,#847,.F.);
#632=EDGE_CURVE('',#777,#777,#848,.T.);
#633=EDGE_CURVE('',#778,#778,#849,.F.);
#634=EDGE_CURVE('',#779,#779,#850,.T.);
#635=EDGE_CURVE('',#780,#780,#851,.F.);
#636=EDGE_CURVE('',#739,#741,#852,.T.);
#637=EDGE_CURVE('',#781,#782,#853,.T.);
#638=EDGE_CURVE('',#783,#781,#129,.T.);
#639=EDGE_CURVE('',#784,#783,#854,.T.);
#640=EDGE_CURVE('',#784,#782,#130,.T.);
#641=EDGE_CURVE('',#751,#785,#131,.T.);
#642=EDGE_CURVE('',#700,#785,#132,.T.);
#643=EDGE_CURVE('',#786,#785,#73,.T.);
#644=EDGE_CURVE('',#787,#786,#133,.T.);
#645=EDGE_CURVE('',#701,#787,#134,.T.);
#646=EDGE_CURVE('',#788,#786,#74,.T.);
#647=EDGE_CURVE('',#789,#788,#135,.T.);
#648=EDGE_CURVE('',#702,#789,#136,.T.);
#649=EDGE_CURVE('',#790,#788,#75,.T.);
#650=EDGE_CURVE('',#791,#790,#137,.T.);
#651=EDGE_CURVE('',#703,#791,#138,.T.);
#652=EDGE_CURVE('',#792,#790,#76,.T.);
#653=EDGE_CURVE('',#793,#792,#139,.T.);
#654=EDGE_CURVE('',#704,#793,#140,.T.);
#655=EDGE_CURVE('',#794,#792,#77,.T.);
#656=EDGE_CURVE('',#795,#794,#141,.T.);
#657=EDGE_CURVE('',#705,#795,#142,.T.);
#658=EDGE_CURVE('',#758,#794,#78,.T.);
#659=EDGE_CURVE('',#796,#755,#143,.T.);
#660=EDGE_CURVE('',#711,#796,#144,.T.);
#661=EDGE_CURVE('',#760,#796,#79,.T.);
#662=EDGE_CURVE('',#797,#747,#145,.T.);
#663=EDGE_CURVE('',#695,#797,#146,.T.);
#664=EDGE_CURVE('',#753,#797,#80,.T.);
#665=EDGE_CURVE('',#798,#798,#855,.T.);
#666=EDGE_CURVE('',#799,#799,#856,.T.);
#667=EDGE_CURVE('',#800,#800,#857,.T.);
#668=EDGE_CURVE('',#801,#801,#858,.T.);
#669=EDGE_CURVE('',#802,#802,#859,.T.);
#670=EDGE_CURVE('',#803,#803,#860,.T.);
#671=EDGE_CURVE('',#804,#804,#861,.T.);
#672=EDGE_CURVE('',#805,#805,#862,.T.);
#673=EDGE_CURVE('',#806,#806,#863,.T.);
#674=EDGE_CURVE('',#807,#807,#864,.T.);
#675=EDGE_CURVE('',#808,#808,#865,.T.);
#676=EDGE_CURVE('',#737,#735,#866,.T.);
#677=EDGE_CURVE('',#781,#782,#81,.T.);
#678=EDGE_CURVE('',#783,#784,#82,.T.);
#679=EDGE_CURVE('',#809,#809,#867,.T.);
#680=EDGE_CURVE('',#743,#745,#868,.T.);
#681=EDGE_CURVE('',#810,#810,#869,.T.);
#682=EDGE_CURVE('',#736,#734,#870,.F.);
#683=EDGE_CURVE('',#738,#740,#871,.F.);
#684=EDGE_CURVE('',#742,#744,#872,.F.);
#685=EDGE_CURVE('',#748,#746,#873,.F.);
#686=EDGE_CURVE('',#756,#754,#874,.F.);
#687=EDGE_CURVE('',#752,#750,#875,.F.);
#688=VERTEX_POINT('',#1712);
#689=VERTEX_POINT('',#1713);
#690=VERTEX_POINT('',#1715);
#691=VERTEX_POINT('',#1717);
#692=VERTEX_POINT('',#1720);
#693=VERTEX_POINT('',#1721);
#694=VERTEX_POINT('',#1723);
#695=VERTEX_POINT('',#1725);
#696=VERTEX_POINT('',#1730);
#697=VERTEX_POINT('',#1732);
#698=VERTEX_POINT('',#1734);
#699=VERTEX_POINT('',#1736);
#700=VERTEX_POINT('',#1738);
#701=VERTEX_POINT('',#1753);
#702=VERTEX_POINT('',#1786);
#703=VERTEX_POINT('',#1791);
#704=VERTEX_POINT('',#1813);
#705=VERTEX_POINT('',#1818);
#706=VERTEX_POINT('',#1839);
#707=VERTEX_POINT('',#1841);
#708=VERTEX_POINT('',#1843);
#709=VERTEX_POINT('',#1845);
#710=VERTEX_POINT('',#1847);
#711=VERTEX_POINT('',#1849);
#712=VERTEX_POINT('',#1854);
#713=VERTEX_POINT('',#1856);
#714=VERTEX_POINT('',#1859);
#715=VERTEX_POINT('',#1861);
#716=VERTEX_POINT('',#1863);
#717=VERTEX_POINT('',#1865);
#718=VERTEX_POINT('',#1867);
#719=VERTEX_POINT('',#1869);
#720=VERTEX_POINT('',#1871);
#721=VERTEX_POINT('',#1873);
#722=VERTEX_POINT('',#1875);
#723=VERTEX_POINT('',#1877);
#724=VERTEX_POINT('',#1879);
#725=VERTEX_POINT('',#1881);
#726=VERTEX_POINT('',#1883);
#727=VERTEX_POINT('',#1884);
#728=VERTEX_POINT('',#1886);
#729=VERTEX_POINT('',#1888);
#730=VERTEX_POINT('',#1891);
#731=VERTEX_POINT('',#1892);
#732=VERTEX_POINT('',#1894);
#733=VERTEX_POINT('',#1896);
#734=VERTEX_POINT('',#1903);
#735=VERTEX_POINT('',#1905);
#736=VERTEX_POINT('',#1912);
#737=VERTEX_POINT('',#1914);
#738=VERTEX_POINT('',#1921);
#739=VERTEX_POINT('',#1923);
#740=VERTEX_POINT('',#1930);
#741=VERTEX_POINT('',#1932);
#742=VERTEX_POINT('',#1939);
#743=VERTEX_POINT('',#1941);
#744=VERTEX_POINT('',#1948);
#745=VERTEX_POINT('',#1950);
#746=VERTEX_POINT('',#1957);
#747=VERTEX_POINT('',#1959);
#748=VERTEX_POINT('',#1966);
#749=VERTEX_POINT('',#1968);
#750=VERTEX_POINT('',#1975);
#751=VERTEX_POINT('',#1977);
#752=VERTEX_POINT('',#1984);
#753=VERTEX_POINT('',#1986);
#754=VERTEX_POINT('',#1993);
#755=VERTEX_POINT('',#1995);
#756=VERTEX_POINT('',#1999);
#757=VERTEX_POINT('',#2000);
#758=VERTEX_POINT('',#2008);
#759=VERTEX_POINT('',#2010);
#760=VERTEX_POINT('',#2014);
#761=VERTEX_POINT('',#2018);
#762=VERTEX_POINT('',#2020);
#763=VERTEX_POINT('',#2023);
#764=VERTEX_POINT('',#2025);
#765=VERTEX_POINT('',#2028);
#766=VERTEX_POINT('',#2030);
#767=VERTEX_POINT('',#2033);
#768=VERTEX_POINT('',#2035);
#769=VERTEX_POINT('',#2038);
#770=VERTEX_POINT('',#2040);
#771=VERTEX_POINT('',#2043);
#772=VERTEX_POINT('',#2045);
#773=VERTEX_POINT('',#2048);
#774=VERTEX_POINT('',#2050);
#775=VERTEX_POINT('',#2053);
#776=VERTEX_POINT('',#2055);
#777=VERTEX_POINT('',#2058);
#778=VERTEX_POINT('',#2060);
#779=VERTEX_POINT('',#2063);
#780=VERTEX_POINT('',#2065);
#781=VERTEX_POINT('',#2070);
#782=VERTEX_POINT('',#2071);
#783=VERTEX_POINT('',#2073);
#784=VERTEX_POINT('',#2075);
#785=VERTEX_POINT('',#2079);
#786=VERTEX_POINT('',#2147);
#787=VERTEX_POINT('',#2149);
#788=VERTEX_POINT('',#2247);
#789=VERTEX_POINT('',#2249);
#790=VERTEX_POINT('',#2263);
#791=VERTEX_POINT('',#2265);
#792=VERTEX_POINT('',#2330);
#793=VERTEX_POINT('',#2332);
#794=VERTEX_POINT('',#2346);
#795=VERTEX_POINT('',#2348);
#796=VERTEX_POINT('',#2416);
#797=VERTEX_POINT('',#2432);
#798=VERTEX_POINT('',#2448);
#799=VERTEX_POINT('',#2451);
#800=VERTEX_POINT('',#2453);
#801=VERTEX_POINT('',#2456);
#802=VERTEX_POINT('',#2459);
#803=VERTEX_POINT('',#2462);
#804=VERTEX_POINT('',#2465);
#805=VERTEX_POINT('',#2468);
#806=VERTEX_POINT('',#2471);
#807=VERTEX_POINT('',#2474);
#808=VERTEX_POINT('',#2477);
#809=VERTEX_POINT('',#2538);
#810=VERTEX_POINT('',#2543);
#811=CIRCLE('',#1263,0.0072414213562373);
#812=CIRCLE('',#1264,0.0097);
#813=CIRCLE('',#1265,0.00724142135623734);
#814=CIRCLE('',#1266,0.0072414213562373);
#815=CIRCLE('',#1267,0.00724142135623731);
#816=CIRCLE('',#1268,0.0031);
#817=CIRCLE('',#1269,0.0031);
#818=CIRCLE('',#1270,0.0031);
#819=CIRCLE('',#1271,0.0031);
#820=CIRCLE('',#1272,0.0031);
#821=CIRCLE('',#1273,0.0031);
#822=CIRCLE('',#1274,0.0031);
#823=CIRCLE('',#1275,0.0031);
#824=CIRCLE('',#1276,0.0031);
#825=CIRCLE('',#1277,0.0031);
#826=CIRCLE('',#1278,0.0031);
#827=CIRCLE('',#1279,0.0031);
#828=CIRCLE('',#1280,0.0072414213562373);
#829=CIRCLE('',#1281,0.0097);
#830=CIRCLE('',#1282,0.0072414213562373);
#831=CIRCLE('',#1283,0.0097);
#832=CIRCLE('',#1299,0.00175);
#833=CIRCLE('',#1300,0.0031);
#834=CIRCLE('',#1302,0.00175);
#835=CIRCLE('',#1303,0.0031);
#836=CIRCLE('',#1305,0.00175);
#837=CIRCLE('',#1306,0.0031);
#838=CIRCLE('',#1308,0.00175);
#839=CIRCLE('',#1309,0.0031);
#840=CIRCLE('',#1311,0.00175);
#841=CIRCLE('',#1312,0.0031);
#842=CIRCLE('',#1314,0.00175);
#843=CIRCLE('',#1315,0.0031);
#844=CIRCLE('',#1317,0.00175);
#845=CIRCLE('',#1318,0.0031);
#846=CIRCLE('',#1320,0.00175);
#847=CIRCLE('',#1321,0.0031);
#848=CIRCLE('',#1323,0.00175);
#849=CIRCLE('',#1324,0.0031);
#850=CIRCLE('',#1326,0.00175);
#851=CIRCLE('',#1327,0.0031);
#852=CIRCLE('',#1329,0.0097);
#853=CIRCLE('',#1331,0.0031);
#854=CIRCLE('',#1332,0.0031);
#855=CIRCLE('',#1337,0.00175);
#856=CIRCLE('',#1339,0.00175);
#857=CIRCLE('',#1340,0.00175);
#858=CIRCLE('',#1342,0.00175);
#859=CIRCLE('',#1344,0.0031);
#860=CIRCLE('',#1346,0.00175);
#861=CIRCLE('',#1348,0.00175);
#862=CIRCLE('',#1350,0.00175);
#863=CIRCLE('',#1352,0.00175);
#864=CIRCLE('',#1354,0.00175);
#865=CIRCLE('',#1356,0.00175);
#866=CIRCLE('',#1358,0.0097);
#867=CIRCLE('',#1360,0.00175);
#868=CIRCLE('',#1362,0.0097);
#869=CIRCLE('',#1364,0.00175);
#870=CIRCLE('',#1377,0.0084914213562373);
#871=CIRCLE('',#1378,0.0084914213562373);
#872=CIRCLE('',#1379,0.0084914213562373);
#873=CIRCLE('',#1380,0.00849142135623732);
#874=CIRCLE('',#1381,0.00849142135623731);
#875=CIRCLE('',#1382,0.0084914213562373);
#876=EDGE_LOOP('',(#211,#212,#213,#214));
#877=EDGE_LOOP('',(#215,#216,#217,#218,#219,#220,#221,#222,#223,#224,#225,
#226,#227,#228,#229,#230,#231,#232,#233,#234,#235,#236));
#878=EDGE_LOOP('',(#237));
#879=EDGE_LOOP('',(#238));
#880=EDGE_LOOP('',(#239));
#881=EDGE_LOOP('',(#240));
#882=EDGE_LOOP('',(#241));
#883=EDGE_LOOP('',(#242));
#884=EDGE_LOOP('',(#243));
#885=EDGE_LOOP('',(#244));
#886=EDGE_LOOP('',(#245));
#887=EDGE_LOOP('',(#246));
#888=EDGE_LOOP('',(#247));
#889=EDGE_LOOP('',(#248));
#890=EDGE_LOOP('',(#249,#250,#251,#252));
#891=EDGE_LOOP('',(#253,#254,#255,#256));
#892=EDGE_LOOP('',(#257,#258,#259,#260));
#893=EDGE_LOOP('',(#261,#262,#263,#264));
#894=EDGE_LOOP('',(#265,#266,#267,#268));
#895=EDGE_LOOP('',(#269,#270,#271,#272));
#896=EDGE_LOOP('',(#273,#274,#275,#276));
#897=EDGE_LOOP('',(#277,#278,#279,#280));
#898=EDGE_LOOP('',(#281,#282,#283,#284));
#899=EDGE_LOOP('',(#285,#286,#287,#288));
#900=EDGE_LOOP('',(#289,#290,#291,#292));
#901=EDGE_LOOP('',(#293,#294,#295,#296));
#902=EDGE_LOOP('',(#297,#298,#299,#300));
#903=EDGE_LOOP('',(#301,#302,#303,#304));
#904=EDGE_LOOP('',(#305,#306,#307,#308,#309));
#905=EDGE_LOOP('',(#310,#311,#312,#313));
#906=EDGE_LOOP('',(#314));
#907=EDGE_LOOP('',(#315));
#908=EDGE_LOOP('',(#316));
#909=EDGE_LOOP('',(#317));
#910=EDGE_LOOP('',(#318));
#911=EDGE_LOOP('',(#319));
#912=EDGE_LOOP('',(#320));
#913=EDGE_LOOP('',(#321));
#914=EDGE_LOOP('',(#322));
#915=EDGE_LOOP('',(#323));
#916=EDGE_LOOP('',(#324));
#917=EDGE_LOOP('',(#325));
#918=EDGE_LOOP('',(#326));
#919=EDGE_LOOP('',(#327));
#920=EDGE_LOOP('',(#328));
#921=EDGE_LOOP('',(#329));
#922=EDGE_LOOP('',(#330));
#923=EDGE_LOOP('',(#331));
#924=EDGE_LOOP('',(#332));
#925=EDGE_LOOP('',(#333));
#926=EDGE_LOOP('',(#334,#335,#336,#337));
#927=EDGE_LOOP('',(#338,#339,#340,#341));
#928=EDGE_LOOP('',(#342));
#929=EDGE_LOOP('',(#343,#344,#345,#346));
#930=EDGE_LOOP('',(#347,#348,#349,#350,#351));
#931=EDGE_LOOP('',(#352,#353,#354,#355,#356,#357));
#932=EDGE_LOOP('',(#358,#359,#360,#361,#362,#363));
#933=EDGE_LOOP('',(#364,#365,#366,#367,#368,#369));
#934=EDGE_LOOP('',(#370,#371,#372,#373,#374,#375));
#935=EDGE_LOOP('',(#376,#377,#378,#379,#380,#381));
#936=EDGE_LOOP('',(#382,#383,#384,#385));
#937=EDGE_LOOP('',(#386,#387,#388,#389));
#938=EDGE_LOOP('',(#390,#391,#392,#393));
#939=EDGE_LOOP('',(#394,#395,#396,#397));
#940=EDGE_LOOP('',(#398));
#941=EDGE_LOOP('',(#399));
#942=EDGE_LOOP('',(#400));
#943=EDGE_LOOP('',(#401));
#944=EDGE_LOOP('',(#402));
#945=EDGE_LOOP('',(#403));
#946=EDGE_LOOP('',(#404));
#947=EDGE_LOOP('',(#405));
#948=EDGE_LOOP('',(#406));
#949=EDGE_LOOP('',(#407));
#950=EDGE_LOOP('',(#408));
#951=EDGE_LOOP('',(#409));
#952=EDGE_LOOP('',(#410));
#953=EDGE_LOOP('',(#411));
#954=EDGE_LOOP('',(#412));
#955=EDGE_LOOP('',(#413));
#956=EDGE_LOOP('',(#414));
#957=EDGE_LOOP('',(#415));
#958=EDGE_LOOP('',(#416));
#959=EDGE_LOOP('',(#417));
#960=EDGE_LOOP('',(#418,#419,#420,#421));
#961=EDGE_LOOP('',(#422,#423,#424,#425));
#962=EDGE_LOOP('',(#426));
#963=EDGE_LOOP('',(#427));
#964=EDGE_LOOP('',(#428,#429,#430,#431));
#965=EDGE_LOOP('',(#432));
#966=EDGE_LOOP('',(#433));
#967=EDGE_LOOP('',(#434,#435));
#968=EDGE_LOOP('',(#436));
#969=EDGE_LOOP('',(#437));
#970=EDGE_LOOP('',(#438));
#971=EDGE_LOOP('',(#439));
#972=EDGE_LOOP('',(#440));
#973=EDGE_LOOP('',(#441));
#974=EDGE_LOOP('',(#442));
#975=EDGE_LOOP('',(#443));
#976=EDGE_LOOP('',(#444));
#977=EDGE_LOOP('',(#445));
#978=EDGE_LOOP('',(#446));
#979=EDGE_LOOP('',(#447));
#980=EDGE_LOOP('',(#448));
#981=EDGE_LOOP('',(#449));
#982=EDGE_LOOP('',(#450));
#983=EDGE_LOOP('',(#451));
#984=EDGE_LOOP('',(#452));
#985=EDGE_LOOP('',(#453));
#986=EDGE_LOOP('',(#454));
#987=EDGE_LOOP('',(#455));
#988=EDGE_LOOP('',(#456));
#989=EDGE_LOOP('',(#457,#458,#459,#460));
#990=EDGE_LOOP('',(#461,#462,#463,#464));
#991=EDGE_LOOP('',(#465,#466,#467,#468));
#992=EDGE_LOOP('',(#469,#470,#471,#472,#473,#474,#475,#476,#477,#478,#479,
#480,#481,#482,#483,#484,#485,#486,#487,#488,#489,#490));
#993=EDGE_LOOP('',(#491));
#994=EDGE_LOOP('',(#492,#493));
#995=EDGE_LOOP('',(#494));
#996=EDGE_LOOP('',(#495));
#997=EDGE_LOOP('',(#496));
#998=EDGE_LOOP('',(#497));
#999=EDGE_LOOP('',(#498));
#1000=EDGE_LOOP('',(#499));
#1001=EDGE_LOOP('',(#500));
#1002=EDGE_LOOP('',(#501));
#1003=EDGE_LOOP('',(#502));
#1004=EDGE_LOOP('',(#503));
#1005=EDGE_LOOP('',(#504));
#1006=EDGE_LOOP('',(#505,#506,#507,#508));
#1007=EDGE_LOOP('',(#509,#510,#511,#512));
#1008=EDGE_LOOP('',(#513,#514,#515,#516));
#1009=EDGE_LOOP('',(#517,#518,#519,#520));
#1010=EDGE_LOOP('',(#521,#522,#523,#524));
#1011=EDGE_LOOP('',(#525,#526,#527,#528));
#1012=FACE_BOUND('',#876,.T.);
#1013=FACE_BOUND('',#877,.T.);
#1014=FACE_BOUND('',#878,.T.);
#1015=FACE_BOUND('',#879,.T.);
#1016=FACE_BOUND('',#880,.T.);
#1017=FACE_BOUND('',#881,.T.);
#1018=FACE_BOUND('',#882,.T.);
#1019=FACE_BOUND('',#883,.T.);
#1020=FACE_BOUND('',#884,.T.);
#1021=FACE_BOUND('',#885,.T.);
#1022=FACE_BOUND('',#886,.T.);
#1023=FACE_BOUND('',#887,.T.);
#1024=FACE_BOUND('',#888,.T.);
#1025=FACE_BOUND('',#889,.T.);
#1026=FACE_BOUND('',#890,.T.);
#1027=FACE_BOUND('',#891,.T.);
#1028=FACE_BOUND('',#892,.T.);
#1029=FACE_BOUND('',#893,.T.);
#1030=FACE_BOUND('',#894,.T.);
#1031=FACE_BOUND('',#895,.T.);
#1032=FACE_BOUND('',#896,.T.);
#1033=FACE_BOUND('',#897,.T.);
#1034=FACE_BOUND('',#898,.T.);
#1035=FACE_BOUND('',#899,.T.);
#1036=FACE_BOUND('',#900,.T.);
#1037=FACE_BOUND('',#901,.T.);
#1038=FACE_BOUND('',#902,.T.);
#1039=FACE_BOUND('',#903,.T.);
#1040=FACE_BOUND('',#904,.T.);
#1041=FACE_BOUND('',#905,.T.);
#1042=FACE_BOUND('',#906,.T.);
#1043=FACE_BOUND('',#907,.T.);
#1044=FACE_BOUND('',#908,.T.);
#1045=FACE_BOUND('',#909,.T.);
#1046=FACE_BOUND('',#910,.T.);
#1047=FACE_BOUND('',#911,.T.);
#1048=FACE_BOUND('',#912,.T.);
#1049=FACE_BOUND('',#913,.T.);
#1050=FACE_BOUND('',#914,.T.);
#1051=FACE_BOUND('',#915,.T.);
#1052=FACE_BOUND('',#916,.T.);
#1053=FACE_BOUND('',#917,.T.);
#1054=FACE_BOUND('',#918,.T.);
#1055=FACE_BOUND('',#919,.T.);
#1056=FACE_BOUND('',#920,.T.);
#1057=FACE_BOUND('',#921,.T.);
#1058=FACE_BOUND('',#922,.T.);
#1059=FACE_BOUND('',#923,.T.);
#1060=FACE_BOUND('',#924,.T.);
#1061=FACE_BOUND('',#925,.T.);
#1062=FACE_BOUND('',#926,.T.);
#1063=FACE_BOUND('',#927,.T.);
#1064=FACE_BOUND('',#928,.T.);
#1065=FACE_BOUND('',#929,.T.);
#1066=FACE_BOUND('',#930,.T.);
#1067=FACE_BOUND('',#931,.T.);
#1068=FACE_BOUND('',#932,.T.);
#1069=FACE_BOUND('',#933,.T.);
#1070=FACE_BOUND('',#934,.T.);
#1071=FACE_BOUND('',#935,.T.);
#1072=FACE_BOUND('',#936,.T.);
#1073=FACE_BOUND('',#937,.T.);
#1074=FACE_BOUND('',#938,.T.);
#1075=FACE_BOUND('',#939,.T.);
#1076=FACE_BOUND('',#940,.T.);
#1077=FACE_BOUND('',#941,.T.);
#1078=FACE_BOUND('',#942,.T.);
#1079=FACE_BOUND('',#943,.T.);
#1080=FACE_BOUND('',#944,.T.);
#1081=FACE_BOUND('',#945,.T.);
#1082=FACE_BOUND('',#946,.T.);
#1083=FACE_BOUND('',#947,.T.);
#1084=FACE_BOUND('',#948,.T.);
#1085=FACE_BOUND('',#949,.T.);
#1086=FACE_BOUND('',#950,.T.);
#1087=FACE_BOUND('',#951,.T.);
#1088=FACE_BOUND('',#952,.T.);
#1089=FACE_BOUND('',#953,.T.);
#1090=FACE_BOUND('',#954,.T.);
#1091=FACE_BOUND('',#955,.T.);
#1092=FACE_BOUND('',#956,.T.);
#1093=FACE_BOUND('',#957,.T.);
#1094=FACE_BOUND('',#958,.T.);
#1095=FACE_BOUND('',#959,.T.);
#1096=FACE_BOUND('',#960,.T.);
#1097=FACE_BOUND('',#961,.T.);
#1098=FACE_BOUND('',#962,.T.);
#1099=FACE_BOUND('',#963,.T.);
#1100=FACE_BOUND('',#964,.T.);
#1101=FACE_BOUND('',#965,.T.);
#1102=FACE_BOUND('',#966,.T.);
#1103=FACE_BOUND('',#967,.T.);
#1104=FACE_BOUND('',#968,.T.);
#1105=FACE_BOUND('',#969,.T.);
#1106=FACE_BOUND('',#970,.T.);
#1107=FACE_BOUND('',#971,.T.);
#1108=FACE_BOUND('',#972,.T.);
#1109=FACE_BOUND('',#973,.T.);
#1110=FACE_BOUND('',#974,.T.);
#1111=FACE_BOUND('',#975,.T.);
#1112=FACE_BOUND('',#976,.T.);
#1113=FACE_BOUND('',#977,.T.);
#1114=FACE_BOUND('',#978,.T.);
#1115=FACE_BOUND('',#979,.T.);
#1116=FACE_BOUND('',#980,.T.);
#1117=FACE_BOUND('',#981,.T.);
#1118=FACE_BOUND('',#982,.T.);
#1119=FACE_BOUND('',#983,.T.);
#1120=FACE_BOUND('',#984,.T.);
#1121=FACE_BOUND('',#985,.T.);
#1122=FACE_BOUND('',#986,.T.);
#1123=FACE_BOUND('',#987,.T.);
#1124=FACE_BOUND('',#988,.T.);
#1125=FACE_BOUND('',#989,.T.);
#1126=FACE_BOUND('',#990,.T.);
#1127=FACE_BOUND('',#991,.T.);
#1128=FACE_BOUND('',#992,.T.);
#1129=FACE_BOUND('',#993,.T.);
#1130=FACE_BOUND('',#994,.T.);
#1131=FACE_BOUND('',#995,.T.);
#1132=FACE_BOUND('',#996,.T.);
#1133=FACE_BOUND('',#997,.T.);
#1134=FACE_BOUND('',#998,.T.);
#1135=FACE_BOUND('',#999,.T.);
#1136=FACE_BOUND('',#1000,.T.);
#1137=FACE_BOUND('',#1001,.T.);
#1138=FACE_BOUND('',#1002,.T.);
#1139=FACE_BOUND('',#1003,.T.);
#1140=FACE_BOUND('',#1004,.T.);
#1141=FACE_BOUND('',#1005,.T.);
#1142=FACE_BOUND('',#1006,.T.);
#1143=FACE_BOUND('',#1007,.T.);
#1144=FACE_BOUND('',#1008,.T.);
#1145=FACE_BOUND('',#1009,.T.);
#1146=FACE_BOUND('',#1010,.T.);
#1147=FACE_BOUND('',#1011,.T.);
#1148=PLANE('',#1262);
#1149=PLANE('',#1284);
#1150=PLANE('',#1285);
#1151=PLANE('',#1286);
#1152=PLANE('',#1287);
#1153=PLANE('',#1288);
#1154=PLANE('',#1289);
#1155=PLANE('',#1290);
#1156=PLANE('',#1291);
#1157=PLANE('',#1292);
#1158=PLANE('',#1293);
#1159=PLANE('',#1294);
#1160=PLANE('',#1295);
#1161=PLANE('',#1296);
#1162=PLANE('',#1297);
#1163=PLANE('',#1298);
#1164=PLANE('',#1301);
#1165=PLANE('',#1304);
#1166=PLANE('',#1307);
#1167=PLANE('',#1310);
#1168=PLANE('',#1313);
#1169=PLANE('',#1316);
#1170=PLANE('',#1319);
#1171=PLANE('',#1322);
#1172=PLANE('',#1325);
#1173=PLANE('',#1333);
#1174=PLANE('',#1334);
#1175=PLANE('',#1335);
#1176=PLANE('',#1365);
#1177=PLANE('',#1376);
#1178=ADVANCED_FACE('',(#1012,#1013,#1014,#1015,#1016,#1017,#1018,#1019,
#1020,#1021,#1022,#1023,#1024,#1025,#1026,#1027),#1148,.T.);
#1179=ADVANCED_FACE('',(#1028),#1149,.F.);
#1180=ADVANCED_FACE('',(#1029),#1150,.F.);
#1181=ADVANCED_FACE('',(#1030),#1151,.F.);
#1182=ADVANCED_FACE('',(#1031),#1152,.F.);
#1183=ADVANCED_FACE('',(#1032),#1153,.F.);
#1184=ADVANCED_FACE('',(#1033),#1154,.F.);
#1185=ADVANCED_FACE('',(#1034),#1155,.F.);
#1186=ADVANCED_FACE('',(#1035),#1156,.F.);
#1187=ADVANCED_FACE('',(#1036),#1157,.T.);
#1188=ADVANCED_FACE('',(#1037),#1158,.F.);
#1189=ADVANCED_FACE('',(#1038),#1159,.F.);
#1190=ADVANCED_FACE('',(#1039),#1160,.T.);
#1191=ADVANCED_FACE('',(#1040),#1161,.T.);
#1192=ADVANCED_FACE('',(#1041),#1162,.T.);
#1193=ADVANCED_FACE('',(#1042,#1043),#1163,.T.);
#1194=ADVANCED_FACE('',(#1044,#1045),#1164,.T.);
#1195=ADVANCED_FACE('',(#1046,#1047),#1165,.T.);
#1196=ADVANCED_FACE('',(#1048,#1049),#1166,.T.);
#1197=ADVANCED_FACE('',(#1050,#1051),#1167,.T.);
#1198=ADVANCED_FACE('',(#1052,#1053),#1168,.T.);
#1199=ADVANCED_FACE('',(#1054,#1055),#1169,.T.);
#1200=ADVANCED_FACE('',(#1056,#1057),#1170,.T.);
#1201=ADVANCED_FACE('',(#1058,#1059),#1171,.T.);
#1202=ADVANCED_FACE('',(#1060,#1061),#1172,.T.);
#1203=ADVANCED_FACE('',(#1062),#27,.F.);
#1204=ADVANCED_FACE('',(#1063,#1064),#28,.F.);
#1205=ADVANCED_FACE('',(#1065),#1173,.F.);
#1206=ADVANCED_FACE('',(#1066),#18,.T.);
#1207=ADVANCED_FACE('',(#1067),#19,.T.);
#1208=ADVANCED_FACE('',(#1068),#20,.T.);
#1209=ADVANCED_FACE('',(#1069),#21,.T.);
#1210=ADVANCED_FACE('',(#1070),#22,.T.);
#1211=ADVANCED_FACE('',(#1071),#23,.T.);
#1212=ADVANCED_FACE('',(#1072),#1174,.T.);
#1213=ADVANCED_FACE('',(#1073),#24,.T.);
#1214=ADVANCED_FACE('',(#1074),#1175,.T.);
#1215=ADVANCED_FACE('',(#1075),#25,.T.);
#1216=ADVANCED_FACE('',(#1076,#1077),#29,.F.);
#1217=ADVANCED_FACE('',(#1078,#1079),#30,.F.);
#1218=ADVANCED_FACE('',(#1080,#1081),#31,.F.);
#1219=ADVANCED_FACE('',(#1082,#1083),#32,.F.);
#1220=ADVANCED_FACE('',(#1084,#1085),#33,.F.);
#1221=ADVANCED_FACE('',(#1086,#1087),#34,.F.);
#1222=ADVANCED_FACE('',(#1088,#1089),#35,.F.);
#1223=ADVANCED_FACE('',(#1090,#1091),#36,.F.);
#1224=ADVANCED_FACE('',(#1092,#1093),#37,.F.);
#1225=ADVANCED_FACE('',(#1094,#1095),#38,.F.);
#1226=ADVANCED_FACE('',(#1096),#39,.F.);
#1227=ADVANCED_FACE('',(#1097),#26,.F.);
#1228=ADVANCED_FACE('',(#1098,#1099),#40,.F.);
#1229=ADVANCED_FACE('',(#1100),#41,.F.);
#1230=ADVANCED_FACE('',(#1101,#1102),#42,.F.);
#1231=ADVANCED_FACE('',(#1103,#1104),#1176,.T.);
#1232=ADVANCED_FACE('',(#1105,#1106),#43,.F.);
#1233=ADVANCED_FACE('',(#1107,#1108),#44,.F.);
#1234=ADVANCED_FACE('',(#1109,#1110),#45,.F.);
#1235=ADVANCED_FACE('',(#1111,#1112),#46,.F.);
#1236=ADVANCED_FACE('',(#1113,#1114),#47,.F.);
#1237=ADVANCED_FACE('',(#1115,#1116),#48,.F.);
#1238=ADVANCED_FACE('',(#1117,#1118),#49,.F.);
#1239=ADVANCED_FACE('',(#1119,#1120),#50,.F.);
#1240=ADVANCED_FACE('',(#1121,#1122),#51,.F.);
#1241=ADVANCED_FACE('',(#1123,#1124),#52,.F.);
#1242=ADVANCED_FACE('',(#1125,#1126,#1127,#1128,#1129,#1130,#1131,#1132,
#1133,#1134,#1135,#1136,#1137,#1138,#1139,#1140,#1141),#1177,.F.);
#1243=ADVANCED_FACE('',(#1142),#12,.F.);
#1244=ADVANCED_FACE('',(#1143),#13,.F.);
#1245=ADVANCED_FACE('',(#1144),#14,.F.);
#1246=ADVANCED_FACE('',(#1145),#15,.F.);
#1247=ADVANCED_FACE('',(#1146),#16,.F.);
#1248=ADVANCED_FACE('',(#1147),#17,.F.);
#1249=CLOSED_SHELL('',(#1178,#1179,#1180,#1181,#1182,#1183,#1184,#1185,
#1186,#1187,#1188,#1189,#1190,#1191,#1192,#1193,#1194,#1195,#1196,#1197,
#1198,#1199,#1200,#1201,#1202,#1203,#1204,#1205,#1206,#1207,#1208,#1209,
#1210,#1211,#1212,#1213,#1214,#1215,#1216,#1217,#1218,#1219,#1220,#1221,
#1222,#1223,#1224,#1225,#1226,#1227,#1228,#1229,#1230,#1231,#1232,#1233,
#1234,#1235,#1236,#1237,#1238,#1239,#1240,#1241,#1242,#1243,#1244,#1245,
#1246,#1247,#1248));
#1250=STYLED_ITEM('',(#1251),#1258);
#1251=PRESENTATION_STYLE_ASSIGNMENT((#1252));
#1252=SURFACE_STYLE_USAGE(.BOTH.,#1253);
#1253=SURFACE_SIDE_STYLE('',(#1254));
#1254=SURFACE_STYLE_FILL_AREA(#1255);
#1255=FILL_AREA_STYLE('',(#1256));
#1256=FILL_AREA_STYLE_COLOUR('',#1257);
#1257=COLOUR_RGB('',0.596078431372549,0.12156862745098,0.674509803921569);
#1258=MANIFOLD_SOLID_BREP('Cover',#1249);
#1259=SHAPE_DEFINITION_REPRESENTATION(#2574,#1260);
#1260=SHAPE_REPRESENTATION('Cover',(#1261),#2569);
#1261=AXIS2_PLACEMENT_3D('',#1709,#1389,#1390);
#1262=AXIS2_PLACEMENT_3D('',#1710,#1391,#1392);
#1263=AXIS2_PLACEMENT_3D('',#1711,#1393,#1394);
#1264=AXIS2_PLACEMENT_3D('',#1716,#1396,#1397);
#1265=AXIS2_PLACEMENT_3D('',#1719,#1399,#1400);
#1266=AXIS2_PLACEMENT_3D('',#1733,#1404,#1405);
#1267=AXIS2_PLACEMENT_3D('',#1844,#1410,#1411);
#1268=AXIS2_PLACEMENT_3D('',#1858,#1416,#1417);
#1269=AXIS2_PLACEMENT_3D('',#1860,#1418,#1419);
#1270=AXIS2_PLACEMENT_3D('',#1862,#1420,#1421);
#1271=AXIS2_PLACEMENT_3D('',#1864,#1422,#1423);
#1272=AXIS2_PLACEMENT_3D('',#1866,#1424,#1425);
#1273=AXIS2_PLACEMENT_3D('',#1868,#1426,#1427);
#1274=AXIS2_PLACEMENT_3D('',#1870,#1428,#1429);
#1275=AXIS2_PLACEMENT_3D('',#1872,#1430,#1431);
#1276=AXIS2_PLACEMENT_3D('',#1874,#1432,#1433);
#1277=AXIS2_PLACEMENT_3D('',#1876,#1434,#1435);
#1278=AXIS2_PLACEMENT_3D('',#1878,#1436,#1437);
#1279=AXIS2_PLACEMENT_3D('',#1880,#1438,#1439);
#1280=AXIS2_PLACEMENT_3D('',#1882,#1440,#1441);
#1281=AXIS2_PLACEMENT_3D('',#1887,#1443,#1444);
#1282=AXIS2_PLACEMENT_3D('',#1890,#1446,#1447);
#1283=AXIS2_PLACEMENT_3D('',#1895,#1449,#1450);
#1284=AXIS2_PLACEMENT_3D('',#1898,#1452,#1453);
#1285=AXIS2_PLACEMENT_3D('',#1907,#1456,#1457);
#1286=AXIS2_PLACEMENT_3D('',#1916,#1460,#1461);
#1287=AXIS2_PLACEMENT_3D('',#1925,#1464,#1465);
#1288=AXIS2_PLACEMENT_3D('',#1934,#1468,#1469);
#1289=AXIS2_PLACEMENT_3D('',#1943,#1472,#1473);
#1290=AXIS2_PLACEMENT_3D('',#1952,#1476,#1477);
#1291=AXIS2_PLACEMENT_3D('',#1961,#1480,#1481);
#1292=AXIS2_PLACEMENT_3D('',#1970,#1484,#1485);
#1293=AXIS2_PLACEMENT_3D('',#1979,#1488,#1489);
#1294=AXIS2_PLACEMENT_3D('',#1988,#1492,#1493);
#1295=AXIS2_PLACEMENT_3D('',#1997,#1496,#1497);
#1296=AXIS2_PLACEMENT_3D('',#2006,#1500,#1501);
#1297=AXIS2_PLACEMENT_3D('',#2012,#1505,#1506);
#1298=AXIS2_PLACEMENT_3D('',#2016,#1509,#1510);
#1299=AXIS2_PLACEMENT_3D('',#2017,#1511,#1512);
#1300=AXIS2_PLACEMENT_3D('',#2019,#1513,#1514);
#1301=AXIS2_PLACEMENT_3D('',#2021,#1515,#1516);
#1302=AXIS2_PLACEMENT_3D('',#2022,#1517,#1518);
#1303=AXIS2_PLACEMENT_3D('',#2024,#1519,#1520);
#1304=AXIS2_PLACEMENT_3D('',#2026,#1521,#1522);
#1305=AXIS2_PLACEMENT_3D('',#2027,#1523,#1524);
#1306=AXIS2_PLACEMENT_3D('',#2029,#1525,#1526);
#1307=AXIS2_PLACEMENT_3D('',#2031,#1527,#1528);
#1308=AXIS2_PLACEMENT_3D('',#2032,#1529,#1530);
#1309=AXIS2_PLACEMENT_3D('',#2034,#1531,#1532);
#1310=AXIS2_PLACEMENT_3D('',#2036,#1533,#1534);
#1311=AXIS2_PLACEMENT_3D('',#2037,#1535,#1536);
#1312=AXIS2_PLACEMENT_3D('',#2039,#1537,#1538);
#1313=AXIS2_PLACEMENT_3D('',#2041,#1539,#1540);
#1314=AXIS2_PLACEMENT_3D('',#2042,#1541,#1542);
#1315=AXIS2_PLACEMENT_3D('',#2044,#1543,#1544);
#1316=AXIS2_PLACEMENT_3D('',#2046,#1545,#1546);
#1317=AXIS2_PLACEMENT_3D('',#2047,#1547,#1548);
#1318=AXIS2_PLACEMENT_3D('',#2049,#1549,#1550);
#1319=AXIS2_PLACEMENT_3D('',#2051,#1551,#1552);
#1320=AXIS2_PLACEMENT_3D('',#2052,#1553,#1554);
#1321=AXIS2_PLACEMENT_3D('',#2054,#1555,#1556);
#1322=AXIS2_PLACEMENT_3D('',#2056,#1557,#1558);
#1323=AXIS2_PLACEMENT_3D('',#2057,#1559,#1560);
#1324=AXIS2_PLACEMENT_3D('',#2059,#1561,#1562);
#1325=AXIS2_PLACEMENT_3D('',#2061,#1563,#1564);
#1326=AXIS2_PLACEMENT_3D('',#2062,#1565,#1566);
#1327=AXIS2_PLACEMENT_3D('',#2064,#1567,#1568);
#1328=AXIS2_PLACEMENT_3D('',#2066,#1569,#1570);
#1329=AXIS2_PLACEMENT_3D('',#2067,#1571,#1572);
#1330=AXIS2_PLACEMENT_3D('',#2068,#1573,#1574);
#1331=AXIS2_PLACEMENT_3D('',#2069,#1575,#1576);
#1332=AXIS2_PLACEMENT_3D('',#2074,#1578,#1579);
#1333=AXIS2_PLACEMENT_3D('',#2077,#1581,#1582);
#1334=AXIS2_PLACEMENT_3D('',#2414,#1595,#1596);
#1335=AXIS2_PLACEMENT_3D('',#2430,#1599,#1600);
#1336=AXIS2_PLACEMENT_3D('',#2446,#1603,#1604);
#1337=AXIS2_PLACEMENT_3D('',#2447,#1605,#1606);
#1338=AXIS2_PLACEMENT_3D('',#2449,#1607,#1608);
#1339=AXIS2_PLACEMENT_3D('',#2450,#1609,#1610);
#1340=AXIS2_PLACEMENT_3D('',#2452,#1611,#1612);
#1341=AXIS2_PLACEMENT_3D('',#2454,#1613,#1614);
#1342=AXIS2_PLACEMENT_3D('',#2455,#1615,#1616);
#1343=AXIS2_PLACEMENT_3D('',#2457,#1617,#1618);
#1344=AXIS2_PLACEMENT_3D('',#2458,#1619,#1620);
#1345=AXIS2_PLACEMENT_3D('',#2460,#1621,#1622);
#1346=AXIS2_PLACEMENT_3D('',#2461,#1623,#1624);
#1347=AXIS2_PLACEMENT_3D('',#2463,#1625,#1626);
#1348=AXIS2_PLACEMENT_3D('',#2464,#1627,#1628);
#1349=AXIS2_PLACEMENT_3D('',#2466,#1629,#1630);
#1350=AXIS2_PLACEMENT_3D('',#2467,#1631,#1632);
#1351=AXIS2_PLACEMENT_3D('',#2469,#1633,#1634);
#1352=AXIS2_PLACEMENT_3D('',#2470,#1635,#1636);
#1353=AXIS2_PLACEMENT_3D('',#2472,#1637,#1638);
#1354=AXIS2_PLACEMENT_3D('',#2473,#1639,#1640);
#1355=AXIS2_PLACEMENT_3D('',#2475,#1641,#1642);
#1356=AXIS2_PLACEMENT_3D('',#2476,#1643,#1644);
#1357=AXIS2_PLACEMENT_3D('',#2478,#1645,#1646);
#1358=AXIS2_PLACEMENT_3D('',#2479,#1647,#1648);
#1359=AXIS2_PLACEMENT_3D('',#2536,#1649,#1650);
#1360=AXIS2_PLACEMENT_3D('',#2537,#1651,#1652);
#1361=AXIS2_PLACEMENT_3D('',#2539,#1653,#1654);
#1362=AXIS2_PLACEMENT_3D('',#2540,#1655,#1656);
#1363=AXIS2_PLACEMENT_3D('',#2541,#1657,#1658);
#1364=AXIS2_PLACEMENT_3D('',#2542,#1659,#1660);
#1365=AXIS2_PLACEMENT_3D('',#2544,#1661,#1662);
#1366=AXIS2_PLACEMENT_3D('',#2545,#1663,#1664);
#1367=AXIS2_PLACEMENT_3D('',#2546,#1665,#1666);
#1368=AXIS2_PLACEMENT_3D('',#2547,#1667,#1668);
#1369=AXIS2_PLACEMENT_3D('',#2548,#1669,#1670);
#1370=AXIS2_PLACEMENT_3D('',#2549,#1671,#1672);
#1371=AXIS2_PLACEMENT_3D('',#2550,#1673,#1674);
#1372=AXIS2_PLACEMENT_3D('',#2551,#1675,#1676);
#1373=AXIS2_PLACEMENT_3D('',#2552,#1677,#1678);
#1374=AXIS2_PLACEMENT_3D('',#2553,#1679,#1680);
#1375=AXIS2_PLACEMENT_3D('',#2554,#1681,#1682);
#1376=AXIS2_PLACEMENT_3D('',#2555,#1683,#1684);
#1377=AXIS2_PLACEMENT_3D('',#2556,#1685,#1686);
#1378=AXIS2_PLACEMENT_3D('',#2557,#1687,#1688);
#1379=AXIS2_PLACEMENT_3D('',#2558,#1689,#1690);
#1380=AXIS2_PLACEMENT_3D('',#2559,#1691,#1692);
#1381=AXIS2_PLACEMENT_3D('',#2560,#1693,#1694);
#1382=AXIS2_PLACEMENT_3D('',#2561,#1695,#1696);
#1383=AXIS2_PLACEMENT_3D('',#2562,#1697,#1698);
#1384=AXIS2_PLACEMENT_3D('',#2563,#1699,#1700);
#1385=AXIS2_PLACEMENT_3D('',#2564,#1701,#1702);
#1386=AXIS2_PLACEMENT_3D('',#2565,#1703,#1704);
#1387=AXIS2_PLACEMENT_3D('',#2566,#1705,#1706);
#1388=AXIS2_PLACEMENT_3D('',#2567,#1707,#1708);
#1389=DIRECTION('',(0.,0.,1.));
#1390=DIRECTION('',(1.,0.,0.));
#1391=DIRECTION('',(0.,0.,1.));
#1392=DIRECTION('',(1.,0.,0.));
#1393=DIRECTION('',(0.,0.,1.));
#1394=DIRECTION('',(1.,0.,0.));
#1395=DIRECTION('',(0.64278760968654,0.766044443118977,0.));
#1396=DIRECTION('',(0.,0.,1.));
#1397=DIRECTION('',(1.,0.,0.));
#1398=DIRECTION('',(-0.642787609686542,-0.766044443118976,0.));
#1399=DIRECTION('',(0.,0.,1.));
#1400=DIRECTION('',(1.,0.,0.));
#1401=DIRECTION('',(0.,1.,0.));
#1402=DIRECTION('',(1.,0.,0.));
#1403=DIRECTION('',(0.,1.,0.));
#1404=DIRECTION('',(0.,0.,1.));
#1405=DIRECTION('',(1.,0.,0.));
#1406=DIRECTION('',(0.,1.,0.));
#1407=DIRECTION('',(-1.,-1.06938599818339E-14,0.));
#1408=DIRECTION('',(1.,0.,0.));
#1409=DIRECTION('',(0.,1.,0.));
#1410=DIRECTION('',(0.,0.,1.));
#1411=DIRECTION('',(1.,0.,0.));
#1412=DIRECTION('',(0.,1.,0.));
#1413=DIRECTION('',(1.,0.,0.));
#1414=DIRECTION('',(1.,0.,0.));
#1415=DIRECTION('',(0.,-1.,0.));
#1416=DIRECTION('',(0.,0.,1.));
#1417=DIRECTION('',(1.,0.,0.));
#1418=DIRECTION('',(0.,0.,1.));
#1419=DIRECTION('',(1.,0.,0.));
#1420=DIRECTION('',(0.,0.,1.));
#1421=DIRECTION('',(1.,0.,0.));
#1422=DIRECTION('',(0.,0.,1.));
#1423=DIRECTION('',(1.,0.,0.));
#1424=DIRECTION('',(0.,0.,1.));
#1425=DIRECTION('',(1.,0.,0.));
#1426=DIRECTION('',(0.,0.,1.));
#1427=DIRECTION('',(1.,0.,0.));
#1428=DIRECTION('',(0.,0.,1.));
#1429=DIRECTION('',(1.,0.,0.));
#1430=DIRECTION('',(0.,0.,1.));
#1431=DIRECTION('',(1.,0.,0.));
#1432=DIRECTION('',(0.,0.,1.));
#1433=DIRECTION('',(1.,0.,0.));
#1434=DIRECTION('',(0.,0.,1.));
#1435=DIRECTION('',(1.,0.,0.));
#1436=DIRECTION('',(0.,0.,1.));
#1437=DIRECTION('',(1.,0.,0.));
#1438=DIRECTION('',(0.,0.,1.));
#1439=DIRECTION('',(1.,0.,0.));
#1440=DIRECTION('',(0.,0.,1.));
#1441=DIRECTION('',(1.,0.,0.));
#1442=DIRECTION('',(-3.9308176939993E-15,1.,0.));
#1443=DIRECTION('',(0.,0.,1.));
#1444=DIRECTION('',(1.,0.,0.));
#1445=DIRECTION('',(2.62054512933287E-15,-1.,0.));
#1446=DIRECTION('',(0.,0.,1.));
#1447=DIRECTION('',(1.,0.,0.));
#1448=DIRECTION('',(-3.93081769399929E-15,1.,0.));
#1449=DIRECTION('',(0.,0.,1.));
#1450=DIRECTION('',(1.,0.,0.));
#1451=DIRECTION('',(3.93081769399929E-15,-1.,0.));
#1452=DIRECTION('',(1.,3.93081769399929E-15,0.));
#1453=DIRECTION('',(-3.93081769399929E-15,1.,0.));
#1454=DIRECTION('',(3.93081769399929E-15,-1.,0.));
#1455=DIRECTION('',(0.,0.,1.));
#1456=DIRECTION('',(-1.,-3.93081769399929E-15,0.));
#1457=DIRECTION('',(3.93081769399929E-15,-1.,0.));
#1458=DIRECTION('',(0.,0.,1.));
#1459=DIRECTION('',(-3.93081769399929E-15,1.,0.));
#1460=DIRECTION('',(-0.766044443118976,0.642787609686542,0.));
#1461=DIRECTION('',(-0.642787609686542,-0.766044443118976,0.));
#1462=DIRECTION('',(0.,0.,1.));
#1463=DIRECTION('',(0.642787609686542,0.766044443118976,0.));
#1464=DIRECTION('',(0.766044443118978,-0.64278760968654,0.));
#1465=DIRECTION('',(0.64278760968654,0.766044443118978,0.));
#1466=DIRECTION('',(-0.64278760968654,-0.766044443118978,0.));
#1467=DIRECTION('',(0.,0.,1.));
#1468=DIRECTION('',(-1.,-2.62054512933287E-15,0.));
#1469=DIRECTION('',(2.62054512933287E-15,-1.,0.));
#1470=DIRECTION('',(0.,0.,1.));
#1471=DIRECTION('',(-2.62054512933287E-15,1.,0.));
#1472=DIRECTION('',(1.,3.9308176939993E-15,0.));
#1473=DIRECTION('',(-3.9308176939993E-15,1.,0.));
#1474=DIRECTION('',(3.9308176939993E-15,-1.,0.));
#1475=DIRECTION('',(0.,0.,1.));
#1476=DIRECTION('',(1.,0.,0.));
#1477=DIRECTION('',(0.,0.,-1.));
#1478=DIRECTION('',(0.,-1.,0.));
#1479=DIRECTION('',(0.,0.,1.));
#1480=DIRECTION('',(-1.,0.,0.));
#1481=DIRECTION('',(0.,0.,1.));
#1482=DIRECTION('',(0.,0.,1.));
#1483=DIRECTION('',(0.,1.,0.));
#1484=DIRECTION('',(-1.,0.,0.));
#1485=DIRECTION('',(0.,0.,1.));
#1486=DIRECTION('',(0.,1.,0.));
#1487=DIRECTION('',(0.,0.,-1.));
#1488=DIRECTION('',(-1.,0.,0.));
#1489=DIRECTION('',(0.,0.,1.));
#1490=DIRECTION('',(0.,0.,-1.));
#1491=DIRECTION('',(0.,1.,0.));
#1492=DIRECTION('',(1.,0.,0.));
#1493=DIRECTION('',(0.,0.,-1.));
#1494=DIRECTION('',(0.,-1.,0.));
#1495=DIRECTION('',(0.,0.,1.));
#1496=DIRECTION('',(1.,0.,0.));
#1497=DIRECTION('',(0.,0.,-1.));
#1498=DIRECTION('',(0.,-1.,0.));
#1499=DIRECTION('',(0.,0.,1.));
#1500=DIRECTION('',(0.,1.,0.));
#1501=DIRECTION('',(0.,0.,1.));
#1502=DIRECTION('',(1.,0.,0.));
#1503=DIRECTION('',(0.,0.,-1.));
#1504=DIRECTION('',(0.,0.,-1.));
#1505=DIRECTION('',(0.,1.,0.));
#1506=DIRECTION('',(0.,0.,1.));
#1507=DIRECTION('',(1.,0.,0.));
#1508=DIRECTION('',(0.,0.,-1.));
#1509=DIRECTION('',(0.,0.,1.));
#1510=DIRECTION('',(1.,0.,0.));
#1511=DIRECTION('',(0.,0.,1.));
#1512=DIRECTION('',(1.,0.,0.));
#1513=DIRECTION('',(0.,0.,1.));
#1514=DIRECTION('',(1.,0.,0.));
#1515=DIRECTION('',(0.,0.,1.));
#1516=DIRECTION('',(1.,0.,0.));
#1517=DIRECTION('',(0.,0.,1.));
#1518=DIRECTION('',(1.,0.,0.));
#1519=DIRECTION('',(0.,0.,1.));
#1520=DIRECTION('',(1.,0.,0.));
#1521=DIRECTION('',(0.,0.,1.));
#1522=DIRECTION('',(1.,0.,0.));
#1523=DIRECTION('',(0.,0.,1.));
#1524=DIRECTION('',(1.,0.,0.));
#1525=DIRECTION('',(0.,0.,1.));
#1526=DIRECTION('',(1.,0.,0.));
#1527=DIRECTION('',(0.,0.,1.));
#1528=DIRECTION('',(1.,0.,0.));
#1529=DIRECTION('',(0.,0.,1.));
#1530=DIRECTION('',(1.,0.,0.));
#1531=DIRECTION('',(0.,0.,1.));
#1532=DIRECTION('',(1.,0.,0.));
#1533=DIRECTION('',(0.,0.,1.));
#1534=DIRECTION('',(1.,0.,0.));
#1535=DIRECTION('',(0.,0.,1.));
#1536=DIRECTION('',(1.,0.,0.));
#1537=DIRECTION('',(0.,0.,1.));
#1538=DIRECTION('',(1.,0.,0.));
#1539=DIRECTION('',(0.,0.,1.));
#1540=DIRECTION('',(1.,0.,0.));
#1541=DIRECTION('',(0.,0.,1.));
#1542=DIRECTION('',(1.,0.,0.));
#1543=DIRECTION('',(0.,0.,1.));
#1544=DIRECTION('',(1.,0.,0.));
#1545=DIRECTION('',(0.,0.,1.));
#1546=DIRECTION('',(1.,0.,0.));
#1547=DIRECTION('',(0.,0.,1.));
#1548=DIRECTION('',(1.,0.,0.));
#1549=DIRECTION('',(0.,0.,1.));
#1550=DIRECTION('',(1.,0.,0.));
#1551=DIRECTION('',(0.,0.,1.));
#1552=DIRECTION('',(1.,0.,0.));
#1553=DIRECTION('',(0.,0.,1.));
#1554=DIRECTION('',(1.,0.,0.));
#1555=DIRECTION('',(0.,0.,1.));
#1556=DIRECTION('',(1.,0.,0.));
#1557=DIRECTION('',(0.,0.,1.));
#1558=DIRECTION('',(1.,0.,0.));
#1559=DIRECTION('',(0.,0.,1.));
#1560=DIRECTION('',(1.,0.,0.));
#1561=DIRECTION('',(0.,0.,1.));
#1562=DIRECTION('',(1.,0.,0.));
#1563=DIRECTION('',(0.,0.,1.));
#1564=DIRECTION('',(1.,0.,0.));
#1565=DIRECTION('',(0.,0.,1.));
#1566=DIRECTION('',(1.,0.,0.));
#1567=DIRECTION('',(0.,0.,1.));
#1568=DIRECTION('',(1.,0.,0.));
#1569=DIRECTION('',(0.,0.,-1.));
#1570=DIRECTION('',(-1.,0.,0.));
#1571=DIRECTION('',(0.,0.,1.));
#1572=DIRECTION('',(1.,0.,0.));
#1573=DIRECTION('',(0.,0.,-1.));
#1574=DIRECTION('',(-1.,0.,0.));
#1575=DIRECTION('',(0.,0.,1.));
#1576=DIRECTION('',(1.,0.,0.));
#1577=DIRECTION('',(0.,0.,-1.));
#1578=DIRECTION('',(0.,0.,1.));
#1579=DIRECTION('',(1.,0.,0.));
#1580=DIRECTION('',(0.,0.,-1.));
#1581=DIRECTION('',(1.06938599818339E-14,-1.,0.));
#1582=DIRECTION('',(1.,1.06938599818339E-14,0.));
#1583=DIRECTION('',(-1.,-1.06938599818339E-14,0.));
#1584=DIRECTION('',(0.,0.,-1.));
#1585=DIRECTION('',(0.,0.,-1.));
#1586=DIRECTION('',(0.,0.,-1.));
#1587=DIRECTION('',(0.,0.,-1.));
#1588=DIRECTION('',(0.,0.,-1.));
#1589=DIRECTION('',(0.,0.,-1.));
#1590=DIRECTION('',(0.,0.,-1.));
#1591=DIRECTION('',(0.,0.,-1.));
#1592=DIRECTION('',(0.,0.,-1.));
#1593=DIRECTION('',(0.,0.,-1.));
#1594=DIRECTION('',(0.,0.,-1.));
#1595=DIRECTION('',(0.,1.,0.));
#1596=DIRECTION('',(0.,0.,1.));
#1597=DIRECTION('',(1.,0.,0.));
#1598=DIRECTION('',(0.,0.,-1.));
#1599=DIRECTION('',(0.,1.,0.));
#1600=DIRECTION('',(0.,0.,1.));
#1601=DIRECTION('',(1.,0.,0.));
#1602=DIRECTION('',(0.,0.,-1.));
#1603=DIRECTION('',(0.,0.,-1.));
#1604=DIRECTION('',(-1.,0.,0.));
#1605=DIRECTION('',(0.,0.,1.));
#1606=DIRECTION('',(1.,0.,0.));
#1607=DIRECTION('',(0.,0.,-1.));
#1608=DIRECTION('',(-1.,0.,0.));
#1609=DIRECTION('',(0.,0.,1.));
#1610=DIRECTION('',(1.,0.,0.));
#1611=DIRECTION('',(0.,0.,1.));
#1612=DIRECTION('',(1.,0.,0.));
#1613=DIRECTION('',(0.,0.,-1.));
#1614=DIRECTION('',(-1.,0.,0.));
#1615=DIRECTION('',(0.,0.,1.));
#1616=DIRECTION('',(1.,0.,0.));
#1617=DIRECTION('',(0.,0.,-1.));
#1618=DIRECTION('',(-1.,0.,0.));
#1619=DIRECTION('',(0.,0.,1.));
#1620=DIRECTION('',(1.,0.,0.));
#1621=DIRECTION('',(0.,0.,-1.));
#1622=DIRECTION('',(-1.,0.,0.));
#1623=DIRECTION('',(0.,0.,1.));
#1624=DIRECTION('',(1.,0.,0.));
#1625=DIRECTION('',(0.,0.,-1.));
#1626=DIRECTION('',(-1.,0.,0.));
#1627=DIRECTION('',(0.,0.,1.));
#1628=DIRECTION('',(1.,0.,0.));
#1629=DIRECTION('',(0.,0.,-1.));
#1630=DIRECTION('',(-1.,0.,0.));
#1631=DIRECTION('',(0.,0.,1.));
#1632=DIRECTION('',(1.,0.,0.));
#1633=DIRECTION('',(0.,0.,-1.));
#1634=DIRECTION('',(-1.,0.,0.));
#1635=DIRECTION('',(0.,0.,1.));
#1636=DIRECTION('',(1.,0.,0.));
#1637=DIRECTION('',(0.,0.,-1.));
#1638=DIRECTION('',(-1.,0.,0.));
#1639=DIRECTION('',(0.,0.,1.));
#1640=DIRECTION('',(1.,0.,0.));
#1641=DIRECTION('',(0.,0.,-1.));
#1642=DIRECTION('',(-1.,0.,0.));
#1643=DIRECTION('',(0.,0.,1.));
#1644=DIRECTION('',(1.,0.,0.));
#1645=DIRECTION('',(0.,0.,-1.));
#1646=DIRECTION('',(-1.,0.,0.));
#1647=DIRECTION('',(0.,0.,1.));
#1648=DIRECTION('',(1.,0.,0.));
#1649=DIRECTION('',(0.,0.,-1.));
#1650=DIRECTION('',(-1.,0.,0.));
#1651=DIRECTION('',(0.,0.,1.));
#1652=DIRECTION('',(1.,0.,0.));
#1653=DIRECTION('',(0.,0.,-1.));
#1654=DIRECTION('',(-1.,0.,0.));
#1655=DIRECTION('',(0.,0.,1.));
#1656=DIRECTION('',(1.,0.,0.));
#1657=DIRECTION('',(0.,0.,-1.));
#1658=DIRECTION('',(-1.,0.,0.));
#1659=DIRECTION('',(0.,0.,1.));
#1660=DIRECTION('',(1.,0.,0.));
#1661=DIRECTION('',(0.,0.,1.));
#1662=DIRECTION('',(1.,0.,0.));
#1663=DIRECTION('',(0.,0.,-1.));
#1664=DIRECTION('',(-1.,0.,0.));
#1665=DIRECTION('',(0.,0.,-1.));
#1666=DIRECTION('',(-1.,0.,0.));
#1667=DIRECTION('',(0.,0.,-1.));
#1668=DIRECTION('',(-1.,0.,0.));
#1669=DIRECTION('',(0.,0.,-1.));
#1670=DIRECTION('',(-1.,0.,0.));
#1671=DIRECTION('',(0.,0.,-1.));
#1672=DIRECTION('',(-1.,0.,0.));
#1673=DIRECTION('',(0.,0.,-1.));
#1674=DIRECTION('',(-1.,0.,0.));
#1675=DIRECTION('',(0.,0.,-1.));
#1676=DIRECTION('',(-1.,0.,0.));
#1677=DIRECTION('',(0.,0.,-1.));
#1678=DIRECTION('',(-1.,0.,0.));
#1679=DIRECTION('',(0.,0.,-1.));
#1680=DIRECTION('',(-1.,0.,0.));
#1681=DIRECTION('',(0.,0.,-1.));
#1682=DIRECTION('',(-1.,0.,0.));
#1683=DIRECTION('',(0.,0.,1.));
#1684=DIRECTION('',(1.,0.,0.));
#1685=DIRECTION('',(0.,0.,1.));
#1686=DIRECTION('',(1.,0.,0.));
#1687=DIRECTION('',(0.,0.,1.));
#1688=DIRECTION('',(1.,0.,0.));
#1689=DIRECTION('',(0.,0.,1.));
#1690=DIRECTION('',(1.,0.,0.));
#1691=DIRECTION('',(0.,0.,1.));
#1692=DIRECTION('',(1.,0.,0.));
#1693=DIRECTION('',(0.,0.,1.));
#1694=DIRECTION('',(1.,0.,0.));
#1695=DIRECTION('',(0.,0.,1.));
#1696=DIRECTION('',(1.,0.,0.));
#1697=DIRECTION('',(0.,0.,-1.));
#1698=DIRECTION('',(-1.,0.,0.));
#1699=DIRECTION('',(0.,0.,-1.));
#1700=DIRECTION('',(-1.,0.,0.));
#1701=DIRECTION('',(0.,0.,-1.));
#1702=DIRECTION('',(-1.,0.,0.));
#1703=DIRECTION('',(0.,0.,-1.));
#1704=DIRECTION('',(-1.,0.,0.));
#1705=DIRECTION('',(0.,0.,-1.));
#1706=DIRECTION('',(-1.,0.,0.));
#1707=DIRECTION('',(0.,0.,-1.));
#1708=DIRECTION('',(-1.,0.,0.));
#1709=CARTESIAN_POINT('',(0.,0.,0.));
#1710=CARTESIAN_POINT('',(0.00344219664064485,-0.00176572507614403,0.0096));
#1711=CARTESIAN_POINT('',(0.00768239504657685,-0.0986000349521636,0.0096));
#1712=CARTESIAN_POINT('',(0.00126978266085107,-0.1019640482769,0.0096));
#1713=CARTESIAN_POINT('',(0.00548302709800551,-0.105499380130176,0.0096));
#1714=CARTESIAN_POINT('',(0.000447565080453012,-0.102943929032234,0.0096));
#1715=CARTESIAN_POINT('',(-0.000403447744404641,-0.103958126623602,0.0096));
#1716=CARTESIAN_POINT('',(0.00768239504657683,-0.0986000349521637,0.0096));
#1717=CARTESIAN_POINT('',(0.00380979669274976,-0.107493458476878,0.0096));
#1718=CARTESIAN_POINT('',(0.00466080951760743,-0.10647926088551,0.0096));
#1719=CARTESIAN_POINT('',(0.015,0.047,0.0096));
#1720=CARTESIAN_POINT('',(0.01225,0.0403010684987403,0.0096));
#1721=CARTESIAN_POINT('',(0.01775,0.0403010684987403,0.0096));
#1722=CARTESIAN_POINT('',(0.01225,0.0372479318083821,0.0096));
#1723=CARTESIAN_POINT('',(0.01225,0.0340499976701177,0.0096));
#1724=CARTESIAN_POINT('',(0.017775,0.0340499976701177,0.0096));
#1725=CARTESIAN_POINT('',(0.01215,0.0340499976701177,0.0096));
#1726=CARTESIAN_POINT('',(-0.0216975880801678,0.0284856826788819,0.0096));
#1727=CARTESIAN_POINT('',(-0.00477379404008385,0.0284856826788819,0.0096));
#1728=CARTESIAN_POINT('',(-0.00477379404008385,0.0340499976701177,0.0096));
#1729=CARTESIAN_POINT('',(0.01215,0.0340499976701177,0.0096));
#1730=CARTESIAN_POINT('',(-0.0216975880801678,0.0284856826788819,0.0096));
#1731=CARTESIAN_POINT('',(-0.0216975880801678,0.031654723317743,0.0096));
#1732=CARTESIAN_POINT('',(-0.0216975880801678,0.034778682435641,0.0096));
#1733=CARTESIAN_POINT('',(-0.0245475880801677,0.0414356850087643,0.0096));
#1734=CARTESIAN_POINT('',(-0.0273975880801678,0.034778682435641,0.0096));
#1735=CARTESIAN_POINT('',(-0.0273975880801678,0.031654723317743,0.0096));
#1736=CARTESIAN_POINT('',(-0.0273975880801678,0.0284856826788819,0.0096));
#1737=CARTESIAN_POINT('',(-0.0346973429443201,0.0284856826788819,0.0096));
#1738=CARTESIAN_POINT('',(-0.0419970978082009,0.0284856826716058,0.0096));
#1739=CARTESIAN_POINT('',(-0.0271436339466868,-0.106115072119663,0.0096));
#1740=CARTESIAN_POINT('',(-0.0271311949426246,-0.100567389572755,0.0096));
#1741=CARTESIAN_POINT('',(-0.0269101947351676,-0.0972111914691733,0.0096));
#1742=CARTESIAN_POINT('',(-0.0255424793206168,-0.0829728242197542,0.0096));
#1743=CARTESIAN_POINT('',(-0.0249837505433547,-0.0739049792343054,0.0096));
#1744=CARTESIAN_POINT('',(-0.0256702150470574,-0.0598668828348255,0.0096));
#1745=CARTESIAN_POINT('',(-0.034519299521254,-0.0331892895975171,0.0096));
#1746=CARTESIAN_POINT('',(-0.0389748451335848,-0.0118897484721011,0.0096));
#1747=CARTESIAN_POINT('',(-0.0416448968809279,0.0106273273306511,0.0096));
#1748=CARTESIAN_POINT('',(-0.0421463497351772,0.0416486725728824,0.0096));
#1749=CARTESIAN_POINT('',(-0.0452498214530965,0.0754134494867357,0.0096));
#1750=CARTESIAN_POINT('',(-0.0387621518164245,0.103358813333355,0.0096));
#1751=CARTESIAN_POINT('',(-0.0365468792428931,0.110839103671764,0.0096));
#1752=CARTESIAN_POINT('',(-0.0336985878564824,0.115609233862692,0.0096));
#1753=CARTESIAN_POINT('',(-0.0271436339466868,-0.106115072119663,0.0096));
#1754=CARTESIAN_POINT('',(-0.0231999999999999,-0.125197989563417,0.0096));
#1755=CARTESIAN_POINT('',(-0.0240651901723893,-0.123679459430185,0.0096));
#1756=CARTESIAN_POINT('',(-0.0252061723296079,-0.121200388170944,0.0096));
#1757=CARTESIAN_POINT('',(-0.0262808803908725,-0.11784034403281,0.0096));
#1758=CARTESIAN_POINT('',(-0.0267525149991522,-0.115781758762613,0.0096));
#1759=CARTESIAN_POINT('',(-0.0269699997892518,-0.114358873932823,0.0096));
#1760=CARTESIAN_POINT('',(-0.0270561920755078,-0.113607709017468,0.0096));
#1761=CARTESIAN_POINT('',(-0.0271118062968361,-0.112985956825401,0.0096));
#1762=CARTESIAN_POINT('',(-0.0271452307368666,-0.112485113561185,0.0096));
#1763=CARTESIAN_POINT('',(-0.0271732354778326,-0.111920174032084,0.0096));
#1764=CARTESIAN_POINT('',(-0.0271883057349918,-0.111432791455748,0.0096));
#1765=CARTESIAN_POINT('',(-0.0271960181500361,-0.111037074805028,0.0096));
#1766=CARTESIAN_POINT('',(-0.0271996231708317,-0.11070940548187,0.0096));
#1767=CARTESIAN_POINT('',(-0.0272006699964366,-0.110469319870461,0.0096));
#1768=CARTESIAN_POINT('',(-0.0272005953616909,-0.110185311472075,0.0096));
#1769=CARTESIAN_POINT('',(-0.027199187093512,-0.109905640196888,0.0096));
#1770=CARTESIAN_POINT('',(-0.0271958571493893,-0.109568772902924,0.0096));
#1771=CARTESIAN_POINT('',(-0.0271931698724481,-0.10937258224791,0.0096));
#1772=CARTESIAN_POINT('',(-0.0271889688686829,-0.109097885435392,0.0096));
#1773=CARTESIAN_POINT('',(-0.0271835579783611,-0.10878860871991,0.0096));
#1774=CARTESIAN_POINT('',(-0.027178824858409,-0.108538293019781,0.0096));
#1775=CARTESIAN_POINT('',(-0.0271728699496316,-0.10823357071349,0.0096));
#1776=CARTESIAN_POINT('',(-0.027167990972693,-0.1079804999694,0.0096));
#1777=CARTESIAN_POINT('',(-0.0271627095580423,-0.107702695294388,0.0096));
#1778=CARTESIAN_POINT('',(-0.027158990281797,-0.107501524435091,0.0096));
#1779=CARTESIAN_POINT('',(-0.0271565529068451,-0.107362106216952,0.0096));
#1780=CARTESIAN_POINT('',(-0.0271558792220314,-0.107324206829345,0.0096));
#1781=CARTESIAN_POINT('',(-0.0271527896403127,-0.107127024418646,0.0096));
#1782=CARTESIAN_POINT('',(-0.0271500124295474,-0.106926883064882,0.0096));
#1783=CARTESIAN_POINT('',(-0.0271457474692166,-0.106564851132701,0.0096));
#1784=CARTESIAN_POINT('',(-0.0271440247461417,-0.10628936511807,0.0096));
#1785=CARTESIAN_POINT('',(-0.0271436339466868,-0.106115072119663,0.0096));
#1786=CARTESIAN_POINT('',(-0.0232,-0.125197989563417,0.0096));
#1787=CARTESIAN_POINT('',(-0.0160000000000002,-0.133273488065854,0.0096));
#1788=CARTESIAN_POINT('',(-0.0189030030529992,-0.131219318176178,0.0096));
#1789=CARTESIAN_POINT('',(-0.0213030030529991,-0.128527485342033,0.0096));
#1790=CARTESIAN_POINT('',(-0.0231999999999999,-0.125197989563417,0.0096));
#1791=CARTESIAN_POINT('',(-0.016,-0.133273488065854,0.0096));
#1792=CARTESIAN_POINT('',(0.0132000000009835,-0.13758038013204,0.0096));
#1793=CARTESIAN_POINT('',(0.012602895875318,-0.137775698436678,0.0096));
#1794=CARTESIAN_POINT('',(0.0116849585103205,-0.13803753776065,0.0096));
#1795=CARTESIAN_POINT('',(0.0104366006146746,-0.138321306414746,0.0096));
#1796=CARTESIAN_POINT('',(0.00944786960041605,-0.138507606040174,0.0096));
#1797=CARTESIAN_POINT('',(0.00856764354576498,-0.138642785371969,0.0096));
#1798=CARTESIAN_POINT('',(0.00732017953539038,-0.138797828137351,0.0096));
#1799=CARTESIAN_POINT('',(0.00567144603865377,-0.138925301639906,0.0096));
#1800=CARTESIAN_POINT('',(0.0037866137316595,-0.138974724219505,0.0096));
#1801=CARTESIAN_POINT('',(0.00186129564861799,-0.138936353005623,0.0096));
#1802=CARTESIAN_POINT('',(-7.39268684108055E-5,-0.138803756557069,0.0096));
#1803=CARTESIAN_POINT('',(-0.00196829090491015,-0.13858169235139,0.0096));
#1804=CARTESIAN_POINT('',(-0.00389338545829011,-0.138257787726024,0.0096));
#1805=CARTESIAN_POINT('',(-0.00574418378263197,-0.137847763726356,0.0096));
#1806=CARTESIAN_POINT('',(-0.00761867871038268,-0.137326422106399,0.0096));
#1807=CARTESIAN_POINT('',(-0.00939788686484873,-0.136723534069737,0.0096));
#1808=CARTESIAN_POINT('',(-0.0111853096535876,-0.136000265271266,0.0096));
#1809=CARTESIAN_POINT('',(-0.0128486898154839,-0.135205675195855,0.0096));
#1810=CARTESIAN_POINT('',(-0.0144998896651402,-0.134282652850706,0.0096));
#1811=CARTESIAN_POINT('',(-0.0155104418664413,-0.133619900232443,0.0096));
#1812=CARTESIAN_POINT('',(-0.0160000000000002,-0.133273488065854,0.0096));
#1813=CARTESIAN_POINT('',(0.0132000000027687,-0.137580380131456,0.0096));
#1814=CARTESIAN_POINT('',(0.0216276130870488,-0.132965596493731,0.0096));
#1815=CARTESIAN_POINT('',(0.0188575379674697,-0.135113092367346,0.0096));
#1816=CARTESIAN_POINT('',(0.0161395106124943,-0.136618838911759,0.0096));
#1817=CARTESIAN_POINT('',(0.0132000000073227,-0.137580380129966,0.0096));
#1818=CARTESIAN_POINT('',(0.0216276114907889,-0.1329655944347,0.0096));
#1819=CARTESIAN_POINT('',(0.0215026705193376,0.119620787451409,0.0096));
#1820=CARTESIAN_POINT('',(0.0272129236474225,0.113990505710187,0.0096));
#1821=CARTESIAN_POINT('',(0.039902773447728,0.0967940103362035,0.0096));
#1822=CARTESIAN_POINT('',(0.0492206986474082,0.0675236589533636,0.0096));
#1823=CARTESIAN_POINT('',(0.0521341897343862,0.04418742637804,0.0096));
#1824=CARTESIAN_POINT('',(0.0507563081581103,0.022304651014531,0.0096));
#1825=CARTESIAN_POINT('',(0.0444366238282232,-0.0057698390315077,0.0096));
#1826=CARTESIAN_POINT('',(0.0381499493929193,-0.0325682970419284,0.0096));
#1827=CARTESIAN_POINT('',(0.0384718371075877,-0.0784407309750935,0.0096));
#1828=CARTESIAN_POINT('',(0.0359156055666579,-0.104734555593496,0.0096));
#1829=CARTESIAN_POINT('',(0.0332965860559749,-0.117235710484526,0.0096));
#1830=CARTESIAN_POINT('',(0.0288741408299105,-0.127019227602136,0.0096));
#1831=CARTESIAN_POINT('',(0.0172252724681904,-0.137281382288518,0.0096));
#1832=CARTESIAN_POINT('',(0.00502383569431771,-0.139538222684894,0.0096));
#1833=CARTESIAN_POINT('',(-0.00718591563257419,-0.138140580996733,0.0096));
#1834=CARTESIAN_POINT('',(-0.0177141023146513,-0.133042141406943,0.0096));
#1835=CARTESIAN_POINT('',(-0.0242231931773568,-0.124609077193529,0.0096));
#1836=CARTESIAN_POINT('',(-0.0275696821378419,-0.114362164814031,0.0096));
#1837=CARTESIAN_POINT('',(-0.0271500276859532,-0.10896662161347,0.0096));
#1838=CARTESIAN_POINT('',(-0.0271436339466868,-0.106115072119663,0.0096));
#1839=CARTESIAN_POINT('',(0.0493265355278883,0.0175913878487775,0.0096));
#1840=CARTESIAN_POINT('',(0.0451355708893754,0.0175913878507055,0.0096));
#1841=CARTESIAN_POINT('',(0.0408446062505243,0.0175913878507055,0.0096));
#1842=CARTESIAN_POINT('',(0.0408446062505243,0.0207393219889699,0.0096));
#1843=CARTESIAN_POINT('',(0.0408446062505243,0.023842458679328,0.0096));
#1844=CARTESIAN_POINT('',(0.0380946062505245,0.0305413901805877,0.0096));
#1845=CARTESIAN_POINT('',(0.0353446062505243,0.0238424586793282,0.0096));
#1846=CARTESIAN_POINT('',(0.0353446062505243,0.0207393219889699,0.0096));
#1847=CARTESIAN_POINT('',(0.0353446062505243,0.0175913878507055,0.0096));
#1848=CARTESIAN_POINT('',(0.0451355708893754,0.0175913878507055,0.0096));
#1849=CARTESIAN_POINT('',(0.0352446062505246,0.0175913878507055,0.0096));
#1850=CARTESIAN_POINT('',(0.01785,0.0340499976701177,0.0096));
#1851=CARTESIAN_POINT('',(0.0265473031252624,0.0340499976701177,0.0096));
#1852=CARTESIAN_POINT('',(0.0265473031252624,0.0175913878507055,0.0096));
#1853=CARTESIAN_POINT('',(0.0352446062505246,0.0175913878507055,0.0096));
#1854=CARTESIAN_POINT('',(0.01785,0.0340499976701177,0.0096));
#1855=CARTESIAN_POINT('',(0.017775,0.0340499976701177,0.0096));
#1856=CARTESIAN_POINT('',(0.01775,0.0340499976701177,0.0096));
#1857=CARTESIAN_POINT('',(0.01775,0.0340999976701177,0.0096));
#1858=CARTESIAN_POINT('',(-0.03155,-0.0279893161561769,0.0096));
#1859=CARTESIAN_POINT('',(-0.02845,-0.0279893161561769,0.0096));
#1860=CARTESIAN_POINT('',(-0.0372475880801677,0.0239856826788819,0.0096));
#1861=CARTESIAN_POINT('',(-0.0341475880801677,0.0239856826788819,0.0096));
#1862=CARTESIAN_POINT('',(0.0275,-0.118,0.0096));
#1863=CARTESIAN_POINT('',(0.0306,-0.118,0.0096));
#1864=CARTESIAN_POINT('',(0.0445946062505247,0.0135913878507055,0.0096));
#1865=CARTESIAN_POINT('',(0.0476946062505247,0.0135913878507055,0.0096));
#1866=CARTESIAN_POINT('',(0.03185,-0.0694500023298823,0.0096));
#1867=CARTESIAN_POINT('',(0.03495,-0.0694500023298823,0.0096));
#1868=CARTESIAN_POINT('',(0.0223946062505247,-0.00478361098435337,0.0096));
#1869=CARTESIAN_POINT('',(0.0254946062505247,-0.00478361098435337,0.0096));
#1870=CARTESIAN_POINT('',(0.00535000000000008,-0.0794500023298823,0.0096));
#1871=CARTESIAN_POINT('',(0.00845000000000008,-0.0794500023298823,0.0096));
#1872=CARTESIAN_POINT('',(-0.00334758808016775,0.0273999976701177,0.0096));
#1873=CARTESIAN_POINT('',(-0.000247588080167745,0.0273999976701177,0.0096));
#1874=CARTESIAN_POINT('',(-0.0115,-0.1295,0.0096));
#1875=CARTESIAN_POINT('',(-0.0084,-0.1295,0.0096));
#1876=CARTESIAN_POINT('',(-0.0065,-0.1,0.0096));
#1877=CARTESIAN_POINT('',(-0.0034,-0.1,0.0096));
#1878=CARTESIAN_POINT('',(0.0085,-0.128,0.0096));
#1879=CARTESIAN_POINT('',(0.0116,-0.128,0.0096));
#1880=CARTESIAN_POINT('',(0.,-0.03,0.0096));
#1881=CARTESIAN_POINT('',(0.0031,-0.03,0.0096));
#1882=CARTESIAN_POINT('',(-0.025,-0.015,0.0096));
#1883=CARTESIAN_POINT('',(-0.02775,-0.0216989315012596,0.0096));
#1884=CARTESIAN_POINT('',(-0.02225,-0.0216989315012596,0.0096));
#1885=CARTESIAN_POINT('',(-0.02775,-0.0229780749819484,0.0096));
#1886=CARTESIAN_POINT('',(-0.02775,-0.0243020159105433,0.0096));
#1887=CARTESIAN_POINT('',(-0.025,-0.015,0.0096));
#1888=CARTESIAN_POINT('',(-0.02225,-0.0243020159105433,0.0096));
#1889=CARTESIAN_POINT('',(-0.02225,-0.0229780749819485,0.0096));
#1890=CARTESIAN_POINT('',(0.025,-0.0365,0.0096));
#1891=CARTESIAN_POINT('',(0.02225,-0.0431989315012597,0.0096));
#1892=CARTESIAN_POINT('',(0.02775,-0.0431989315012596,0.0096));
#1893=CARTESIAN_POINT('',(0.02225,-0.0444780749819484,0.0096));
#1894=CARTESIAN_POINT('',(0.02225,-0.0458020159105433,0.0096));
#1895=CARTESIAN_POINT('',(0.025,-0.0365,0.0096));
#1896=CARTESIAN_POINT('',(0.02775,-0.0458020159105433,0.0096));
#1897=CARTESIAN_POINT('',(0.02775,-0.0444780749819484,0.0096));
#1898=CARTESIAN_POINT('',(0.02225,-0.0444780749819484,0.008198));
#1899=CARTESIAN_POINT('',(0.02225,-0.0445337871921754,0.00835000000000004));
#1900=CARTESIAN_POINT('',(0.02225,-0.0440909561440825,0.00876896524188543));
#1901=CARTESIAN_POINT('',(0.02225,-0.0436463963674892,0.00918605688847121));
#1902=CARTESIAN_POINT('',(0.02225,-0.0431989315012597,0.00960000000000001));
#1903=CARTESIAN_POINT('',(0.02225,-0.0445337871921754,0.00835));
#1904=CARTESIAN_POINT('',(0.02225,-0.0444780749819484,0.00835));
#1905=CARTESIAN_POINT('',(0.02225,-0.0458020159105433,0.00835));
#1906=CARTESIAN_POINT('',(0.02225,-0.0458020159105433,0.008198));
#1907=CARTESIAN_POINT('',(0.02775,-0.0444780749819484,0.008198));
#1908=CARTESIAN_POINT('',(0.02775,-0.0431989315012596,0.00960000000000005));
#1909=CARTESIAN_POINT('',(0.02775,-0.043646354970719,0.00918609518400935));
#1910=CARTESIAN_POINT('',(0.02775,-0.0440909440347257,0.00876897669862415));
#1911=CARTESIAN_POINT('',(0.02775,-0.0445337871921754,0.00835000000000006));
#1912=CARTESIAN_POINT('',(0.02775,-0.0445337871921754,0.00835));
#1913=CARTESIAN_POINT('',(0.02775,-0.0458020159105433,0.008198));
#1914=CARTESIAN_POINT('',(0.02775,-0.0458020159105433,0.00835));
#1915=CARTESIAN_POINT('',(0.02775,-0.0444780749819484,0.00835));
#1916=CARTESIAN_POINT('',(0.00466080951760743,-0.10647926088551,0.008198));
#1917=CARTESIAN_POINT('',(0.00548302709800565,-0.105499380130176,0.0096));
#1918=CARTESIAN_POINT('',(0.00519538932731377,-0.105842173476764,0.00918603832465683));
#1919=CARTESIAN_POINT('',(0.00490963393750826,-0.106182723489168,0.00876894938597483));
#1920=CARTESIAN_POINT('',(0.00462499839916541,-0.106521938914568,0.00834999999999999));
#1921=CARTESIAN_POINT('',(0.00462499839916528,-0.106521938914568,0.00835));
#1922=CARTESIAN_POINT('',(0.00380979669274976,-0.107493458476878,0.008198));
#1923=CARTESIAN_POINT('',(0.00380979669274976,-0.107493458476878,0.00835));
#1924=CARTESIAN_POINT('',(0.00466080951760743,-0.10647926088551,0.00835));
#1925=CARTESIAN_POINT('',(0.000447565080453012,-0.102943929032234,0.008198));
#1926=CARTESIAN_POINT('',(0.00041175396201095,-0.102986607061292,0.00835000000000005));
#1927=CARTESIAN_POINT('',(0.000696389500353799,-0.102647391635892,0.00876894938597488));
#1928=CARTESIAN_POINT('',(0.000982144890159307,-0.102306841623488,0.00918603832465688));
#1929=CARTESIAN_POINT('',(0.00126978266085118,-0.1019640482769,0.00960000000000005));
#1930=CARTESIAN_POINT('',(0.000411753962010845,-0.102986607061292,0.00835));
#1931=CARTESIAN_POINT('',(0.000447565080453012,-0.102943929032234,0.00835));
#1932=CARTESIAN_POINT('',(-0.000403447744404641,-0.103958126623602,0.00835));
#1933=CARTESIAN_POINT('',(-0.000403447744404641,-0.103958126623602,0.008198));
#1934=CARTESIAN_POINT('',(-0.02225,-0.0229780749819485,0.008198));
#1935=CARTESIAN_POINT('',(-0.02225,-0.0216989315012597,0.00960000000000002));
#1936=CARTESIAN_POINT('',(-0.02225,-0.0221463549707191,0.00918609518400933));
#1937=CARTESIAN_POINT('',(-0.02225,-0.0225909440347257,0.00876897669862412));
#1938=CARTESIAN_POINT('',(-0.02225,-0.0230337871921754,0.00835000000000004));
#1939=CARTESIAN_POINT('',(-0.02225,-0.0230337871921754,0.00835));
#1940=CARTESIAN_POINT('',(-0.02225,-0.0243020159105433,0.008198));
#1941=CARTESIAN_POINT('',(-0.02225,-0.0243020159105433,0.00835));
#1942=CARTESIAN_POINT('',(-0.02225,-0.0229780749819485,0.00835));
#1943=CARTESIAN_POINT('',(-0.02775,-0.0229780749819484,0.008198));
#1944=CARTESIAN_POINT('',(-0.02775,-0.0230337871921754,0.00835000000000005));
#1945=CARTESIAN_POINT('',(-0.02775,-0.0225909561440825,0.00876896524188544));
#1946=CARTESIAN_POINT('',(-0.02775,-0.0221463963674892,0.00918605688847124));
#1947=CARTESIAN_POINT('',(-0.02775,-0.0216989315012596,0.00960000000000005));
#1948=CARTESIAN_POINT('',(-0.02775,-0.0230337871921754,0.00835));
#1949=CARTESIAN_POINT('',(-0.02775,-0.0229780749819484,0.00835));
#1950=CARTESIAN_POINT('',(-0.02775,-0.0243020159105433,0.00835));
#1951=CARTESIAN_POINT('',(-0.02775,-0.0243020159105433,0.008198));
#1952=CARTESIAN_POINT('',(0.01225,0.0372479318083821,0.008198));
#1953=CARTESIAN_POINT('',(0.01225,0.0389662128078245,0.00835));
#1954=CARTESIAN_POINT('',(0.01225,0.039409048958402,0.0087689700693782));
#1955=CARTESIAN_POINT('',(0.01225,0.0398536097414963,0.00918606253980315));
#1956=CARTESIAN_POINT('',(0.01225,0.0403010684987403,0.00959999999999999));
#1957=CARTESIAN_POINT('',(0.01225,0.0389662128078245,0.00835));
#1958=CARTESIAN_POINT('',(0.01225,0.0372479318083821,0.00835));
#1959=CARTESIAN_POINT('',(0.01225,0.0340499976701177,0.00835));
#1960=CARTESIAN_POINT('',(0.01225,0.0340499976701177,0.008198));
#1961=CARTESIAN_POINT('',(0.01775,0.0340999976701177,0.008198));
#1962=CARTESIAN_POINT('',(0.01775,0.0403010684987403,0.00959999999999999));
#1963=CARTESIAN_POINT('',(0.01775,0.0398536267586159,0.00918607828208813));
#1964=CARTESIAN_POINT('',(0.01775,0.0394090158886233,0.00876893878185236));
#1965=CARTESIAN_POINT('',(0.01775,0.0389662128078245,0.00835));
#1966=CARTESIAN_POINT('',(0.01775,0.0389662128078245,0.00835));
#1967=CARTESIAN_POINT('',(0.01775,0.0340499976701177,0.008198));
#1968=CARTESIAN_POINT('',(0.01775,0.0340499976701177,0.00835));
#1969=CARTESIAN_POINT('',(0.01775,0.0340999976701177,0.00835));
#1970=CARTESIAN_POINT('',(-0.0273975880801678,0.031654723317743,0.0087));
#1971=CARTESIAN_POINT('',(-0.0273975880801678,0.034778682435641,0.00959999999999999));
#1972=CARTESIAN_POINT('',(-0.0273975880801678,0.0343286969980713,0.0091863306292501));
#1973=CARTESIAN_POINT('',(-0.0273975880801678,0.0338817790763419,0.00876914211211936));
#1974=CARTESIAN_POINT('',(-0.0273975880801678,0.0334368265496363,0.00834999999999998));
#1975=CARTESIAN_POINT('',(-0.0273975880801678,0.0334368265496363,0.00835));
#1976=CARTESIAN_POINT('',(-0.0273975880801678,0.031654723317743,0.00835));
#1977=CARTESIAN_POINT('',(-0.0273975880801678,0.0284856826788819,0.00835));
#1978=CARTESIAN_POINT('',(-0.0273975880801678,0.0284856826788819,0.0087));
#1979=CARTESIAN_POINT('',(-0.0216975880801678,0.031654723317743,0.0087));
#1980=CARTESIAN_POINT('',(-0.0216975880801678,0.034778682435641,0.00959999999999999));
#1981=CARTESIAN_POINT('',(-0.0216975880801678,0.0343286969980713,0.0091863306292501));
#1982=CARTESIAN_POINT('',(-0.0216975880801678,0.0338817790763419,0.00876914211211936));
#1983=CARTESIAN_POINT('',(-0.0216975880801678,0.0334368265496363,0.00834999999999998));
#1984=CARTESIAN_POINT('',(-0.0216975880801678,0.0334368265496363,0.00835));
#1985=CARTESIAN_POINT('',(-0.0216975880801678,0.0284856826788819,0.0087));
#1986=CARTESIAN_POINT('',(-0.0216975880801678,0.0284856826788819,0.00835));
#1987=CARTESIAN_POINT('',(-0.0216975880801678,0.031654723317743,0.00835));
#1988=CARTESIAN_POINT('',(0.0353446062505243,0.0207393219889699,0.008198));
#1989=CARTESIAN_POINT('',(0.0353446062505243,0.0225076029884123,0.00835000000000001));
#1990=CARTESIAN_POINT('',(0.0353446062505243,0.0229504391389899,0.00876897006937821));
#1991=CARTESIAN_POINT('',(0.0353446062505243,0.0233949999220842,0.00918606253980316));
#1992=CARTESIAN_POINT('',(0.0353446062505243,0.0238424586793281,0.0096));
#1993=CARTESIAN_POINT('',(0.0353446062505243,0.0225076029884124,0.00835));
#1994=CARTESIAN_POINT('',(0.0353446062505243,0.0207393219889699,0.00835));
#1995=CARTESIAN_POINT('',(0.0353446062505243,0.0175913878507055,0.00835));
#1996=CARTESIAN_POINT('',(0.0353446062505243,0.0175913878507055,0.008198));
#1997=CARTESIAN_POINT('',(0.0408446062505243,0.0207393219889699,0.008198));
#1998=CARTESIAN_POINT('',(0.0408446062505243,0.0207393219889699,0.00835));
#1999=CARTESIAN_POINT('',(0.0408446062505243,0.0225076029884122,0.00835));
#2000=CARTESIAN_POINT('',(0.0408446062505243,0.0175913878507055,0.00835));
#2001=CARTESIAN_POINT('',(0.0408446062505243,0.0225076029884122,0.00835000000000002));
#2002=CARTESIAN_POINT('',(0.0408446062505243,0.0229504391389897,0.00876897006937822));
#2003=CARTESIAN_POINT('',(0.0408446062505243,0.023394999922084,0.00918606253980317));
#2004=CARTESIAN_POINT('',(0.0408446062505243,0.0238424586793279,0.00960000000000001));
#2005=CARTESIAN_POINT('',(0.0408446062505243,0.0175913878507055,0.008198));
#2006=CARTESIAN_POINT('',(0.0451355708893754,0.0175913878507055,0.0087));
#2007=CARTESIAN_POINT('',(0.0451355708893754,0.0175913878507055,0.00835));
#2008=CARTESIAN_POINT('',(0.0493265355275505,0.0175913878487775,0.00835));
#2009=CARTESIAN_POINT('',(0.0493265355278883,0.0175913878487775,0.0096));
#2010=CARTESIAN_POINT('',(0.0493265355278883,0.0175913878487775,0.0087));
#2011=CARTESIAN_POINT('',(0.0493265355278883,0.0175913878487775,0.0087));
#2012=CARTESIAN_POINT('',(0.017775,0.0340499976701177,0.0087));
#2013=CARTESIAN_POINT('',(0.017775,0.0340499976701177,0.00835));
#2014=CARTESIAN_POINT('',(0.01785,0.0340499976701177,0.00835));
#2015=CARTESIAN_POINT('',(0.01785,0.0340499976701177,0.0087));
#2016=CARTESIAN_POINT('',(0.00344219664064485,-0.00176572507614403,0.0087));
#2017=CARTESIAN_POINT('',(0.0085,-0.128,0.0087));
#2018=CARTESIAN_POINT('',(0.01025,-0.128,0.0087));
#2019=CARTESIAN_POINT('',(0.0085,-0.128,0.0087));
#2020=CARTESIAN_POINT('',(0.0116,-0.128,0.0087));
#2021=CARTESIAN_POINT('',(0.00344219664064485,-0.00176572507614403,0.0087));
#2022=CARTESIAN_POINT('',(-0.0065,-0.1,0.0087));
#2023=CARTESIAN_POINT('',(-0.00475,-0.1,0.0087));
#2024=CARTESIAN_POINT('',(-0.0065,-0.1,0.0087));
#2025=CARTESIAN_POINT('',(-0.0034,-0.1,0.0087));
#2026=CARTESIAN_POINT('',(0.00344219664064485,-0.00176572507614403,0.0087));
#2027=CARTESIAN_POINT('',(-0.0115,-0.1295,0.0087));
#2028=CARTESIAN_POINT('',(-0.00975,-0.1295,0.0087));
#2029=CARTESIAN_POINT('',(-0.0115,-0.1295,0.0087));
#2030=CARTESIAN_POINT('',(-0.0084,-0.1295,0.0087));
#2031=CARTESIAN_POINT('',(0.00344219664064485,-0.00176572507614403,0.0087));
#2032=CARTESIAN_POINT('',(-0.00334758808016775,0.0273999976701177,0.0087));
#2033=CARTESIAN_POINT('',(-0.00159758808016775,0.0273999976701177,0.0087));
#2034=CARTESIAN_POINT('',(-0.00334758808016775,0.0273999976701177,0.0087));
#2035=CARTESIAN_POINT('',(-0.000247588080167745,0.0273999976701177,0.0087));
#2036=CARTESIAN_POINT('',(0.00344219664064485,-0.00176572507614403,0.0087));
#2037=CARTESIAN_POINT('',(0.0223946062505247,-0.00478361098435337,0.0087));
#2038=CARTESIAN_POINT('',(0.0241446062505247,-0.00478361098435337,0.0087));
#2039=CARTESIAN_POINT('',(0.0223946062505247,-0.00478361098435337,0.0087));
#2040=CARTESIAN_POINT('',(0.0254946062505247,-0.00478361098435337,0.0087));
#2041=CARTESIAN_POINT('',(0.00344219664064485,-0.00176572507614403,0.0087));
#2042=CARTESIAN_POINT('',(0.03185,-0.0694500023298823,0.0087));
#2043=CARTESIAN_POINT('',(0.0336,-0.0694500023298823,0.0087));
#2044=CARTESIAN_POINT('',(0.03185,-0.0694500023298823,0.0087));
#2045=CARTESIAN_POINT('',(0.03495,-0.0694500023298823,0.0087));
#2046=CARTESIAN_POINT('',(0.00344219664064485,-0.00176572507614403,0.0087));
#2047=CARTESIAN_POINT('',(0.0445946062505247,0.0135913878507055,0.0087));
#2048=CARTESIAN_POINT('',(0.0463446062505247,0.0135913878507055,0.0087));
#2049=CARTESIAN_POINT('',(0.0445946062505247,0.0135913878507055,0.0087));
#2050=CARTESIAN_POINT('',(0.0476946062505247,0.0135913878507055,0.0087));
#2051=CARTESIAN_POINT('',(0.00344219664064485,-0.00176572507614403,0.0087));
#2052=CARTESIAN_POINT('',(-0.0372475880801677,0.0239856826788819,0.0087));
#2053=CARTESIAN_POINT('',(-0.0354975880801677,0.0239856826788819,0.0087));
#2054=CARTESIAN_POINT('',(-0.0372475880801677,0.0239856826788819,0.0087));
#2055=CARTESIAN_POINT('',(-0.0341475880801677,0.0239856826788819,0.0087));
#2056=CARTESIAN_POINT('',(0.00344219664064485,-0.00176572507614403,0.0087));
#2057=CARTESIAN_POINT('',(-0.03155,-0.0279893161561769,0.0087));
#2058=CARTESIAN_POINT('',(-0.0298,-0.0279893161561769,0.0087));
#2059=CARTESIAN_POINT('',(-0.03155,-0.0279893161561769,0.0087));
#2060=CARTESIAN_POINT('',(-0.02845,-0.0279893161561769,0.0087));
#2061=CARTESIAN_POINT('',(0.00344219664064485,-0.00176572507614403,0.0087));
#2062=CARTESIAN_POINT('',(0.,-0.03,0.0087));
#2063=CARTESIAN_POINT('',(0.00175,-0.03,0.0087));
#2064=CARTESIAN_POINT('',(0.,-0.03,0.0087));
#2065=CARTESIAN_POINT('',(0.0031,-0.03,0.0087));
#2066=CARTESIAN_POINT('',(0.00768239504657683,-0.0986000349521637,0.0087));
#2067=CARTESIAN_POINT('',(0.00768239504657683,-0.0986000349521637,0.00835));
#2068=CARTESIAN_POINT('',(0.0275,-0.118,0.0087));
#2069=CARTESIAN_POINT('',(0.0275,-0.118,0.00835));
#2070=CARTESIAN_POINT('',(0.0257080722225014,-0.115470376541809,0.00835));
#2071=CARTESIAN_POINT('',(0.0248414426313746,-0.11959438788183,0.00835));
#2072=CARTESIAN_POINT('',(0.0257080722225014,-0.115470376541809,0.0087));
#2073=CARTESIAN_POINT('',(0.0257080722225014,-0.115470376541809,0.0087));
#2074=CARTESIAN_POINT('',(0.0275,-0.118,0.0087));
#2075=CARTESIAN_POINT('',(0.0248414426313745,-0.11959438788183,0.0087));
#2076=CARTESIAN_POINT('',(0.0248414426313746,-0.11959438788183,0.0087));
#2077=CARTESIAN_POINT('',(-0.0346973429443201,0.0284856826788819,0.0087));
#2078=CARTESIAN_POINT('',(-0.0346973429443201,0.0284856826788819,0.00835));
#2079=CARTESIAN_POINT('',(-0.0419970978082009,0.0284856826716058,0.00835));
#2080=CARTESIAN_POINT('',(-0.0419970978082009,0.0284856826716058,0.0087));
#2081=CARTESIAN_POINT('',(-0.0271436339466868,-0.106115072119663,0.0096));
#2082=CARTESIAN_POINT('',(-0.0271436339466868,-0.106115072119663,0.00835));
#2083=CARTESIAN_POINT('',(-0.0271397850942076,-0.104398518960092,0.0096));
#2084=CARTESIAN_POINT('',(-0.0271397850942076,-0.104398518960092,0.00835));
#2085=CARTESIAN_POINT('',(-0.0271145390415948,-0.10172542464255,0.0096));
#2086=CARTESIAN_POINT('',(-0.0271145390415948,-0.10172542464255,0.00835));
#2087=CARTESIAN_POINT('',(-0.0270112400697545,-0.0990240085989129,0.00960000000000001));
#2088=CARTESIAN_POINT('',(-0.0270112400697545,-0.0990240085989129,0.00835));
#2089=CARTESIAN_POINT('',(-0.026831742714778,-0.096704543156278,0.0096));
#2090=CARTESIAN_POINT('',(-0.026831742714778,-0.096704543156278,0.00835));
#2091=CARTESIAN_POINT('',(-0.0265582212273494,-0.0936813783913993,0.0096));
#2092=CARTESIAN_POINT('',(-0.0265582212273494,-0.0936813783913993,0.00835));
#2093=CARTESIAN_POINT('',(-0.0262257103798376,-0.0900635152175795,0.0096));
#2094=CARTESIAN_POINT('',(-0.0262257103798376,-0.0900635152175795,0.00835));
#2095=CARTESIAN_POINT('',(-0.0258832840184934,-0.086280753279201,0.0096));
#2096=CARTESIAN_POINT('',(-0.0258832840184934,-0.086280753279201,0.00835));
#2097=CARTESIAN_POINT('',(-0.0255779833594005,-0.0827046752978684,0.0096));
#2098=CARTESIAN_POINT('',(-0.0255779833594005,-0.0827046752978684,0.00835));
#2099=CARTESIAN_POINT('',(-0.0253515204404042,-0.0796331299180422,0.0096));
#2100=CARTESIAN_POINT('',(-0.0253515204404042,-0.0796331299180422,0.00835));
#2101=CARTESIAN_POINT('',(-0.0252082016936325,-0.0767754014261054,0.0096));
#2102=CARTESIAN_POINT('',(-0.0252082016936325,-0.0767754014261054,0.00835));
#2103=CARTESIAN_POINT('',(-0.0251362627072944,-0.072937054571575,0.00960000000000001));
#2104=CARTESIAN_POINT('',(-0.0251362627072944,-0.072937054571575,0.00835));
#2105=CARTESIAN_POINT('',(-0.0252676107698927,-0.0685819557743818,0.00959999999999999));
#2106=CARTESIAN_POINT('',(-0.0252676107698927,-0.0685819557743818,0.00834999999999999));
#2107=CARTESIAN_POINT('',(-0.025906872490942,-0.0634514794608838,0.00960000000000001));
#2108=CARTESIAN_POINT('',(-0.025906872490942,-0.0634514794608838,0.00835));
#2109=CARTESIAN_POINT('',(-0.0270048412365875,-0.0576867025210238,0.0096));
#2110=CARTESIAN_POINT('',(-0.0270048412365875,-0.0576867025210238,0.00835));
#2111=CARTESIAN_POINT('',(-0.0292672664592307,-0.0493099053939521,0.00960000000000001));
#2112=CARTESIAN_POINT('',(-0.0292672664592307,-0.0493099053939521,0.00835));
#2113=CARTESIAN_POINT('',(-0.031949143113194,-0.0404143185347695,0.0096));
#2114=CARTESIAN_POINT('',(-0.031949143113194,-0.0404143185347695,0.00835));
#2115=CARTESIAN_POINT('',(-0.0339218376632326,-0.0335694850707323,0.0096));
#2116=CARTESIAN_POINT('',(-0.0339218376632326,-0.0335694850707323,0.00835));
#2117=CARTESIAN_POINT('',(-0.0356297905341745,-0.0271112738919928,0.0096));
#2118=CARTESIAN_POINT('',(-0.0356297905341745,-0.0271112738919928,0.00835));
#2119=CARTESIAN_POINT('',(-0.0373248556465302,-0.0196048047586512,0.0096));
#2120=CARTESIAN_POINT('',(-0.0373248556465302,-0.0196048047586512,0.00835));
#2121=CARTESIAN_POINT('',(-0.0388674376713103,-0.0109513939187757,0.0096));
#2122=CARTESIAN_POINT('',(-0.0388674376713103,-0.0109513939187757,0.00835));
#2123=CARTESIAN_POINT('',(-0.0401068246501489,-0.00211805585960255,0.00960000000000001));
#2124=CARTESIAN_POINT('',(-0.0401068246501489,-0.00211805585960255,0.00835));
#2125=CARTESIAN_POINT('',(-0.0410281716677401,0.00720395255451185,0.0096));
#2126=CARTESIAN_POINT('',(-0.0410281716677401,0.00720395255451185,0.00835));
#2127=CARTESIAN_POINT('',(-0.0415992177027732,0.0174120165266333,0.0096));
#2128=CARTESIAN_POINT('',(-0.0415992177027732,0.0174120165266333,0.00835));
#2129=CARTESIAN_POINT('',(-0.04185726233801,0.0247405791901594,0.0096));
#2130=CARTESIAN_POINT('',(-0.04185726233801,0.0247405791901594,0.00835));
#2131=CARTESIAN_POINT('',(-0.0419970978101579,0.0284856827240214,0.0096));
#2132=CARTESIAN_POINT('',(-0.0419970978101579,0.0284856827240214,0.00835));
#2133=CARTESIAN_POINT('',(-0.0271436339466868,-0.106115072119663,0.00835));
#2134=CARTESIAN_POINT('',(-0.0271311949426246,-0.100567389572755,0.00835));
#2135=CARTESIAN_POINT('',(-0.0269101947351676,-0.0972111914691733,0.00835));
#2136=CARTESIAN_POINT('',(-0.0255424793206168,-0.0829728242197542,0.00835));
#2137=CARTESIAN_POINT('',(-0.0249837505433547,-0.0739049792343054,0.00835));
#2138=CARTESIAN_POINT('',(-0.0256702150470574,-0.0598668828348255,0.00835));
#2139=CARTESIAN_POINT('',(-0.034519299521254,-0.0331892895975171,0.00835));
#2140=CARTESIAN_POINT('',(-0.0389748451335848,-0.0118897484721011,0.00835));
#2141=CARTESIAN_POINT('',(-0.0416448968809279,0.0106273273306511,0.00835));
#2142=CARTESIAN_POINT('',(-0.0421463497351772,0.0416486725728824,0.00835));
#2143=CARTESIAN_POINT('',(-0.0452498214530965,0.0754134494867357,0.00835));
#2144=CARTESIAN_POINT('',(-0.0387621518164245,0.103358813333355,0.00835));
#2145=CARTESIAN_POINT('',(-0.0365468792428931,0.110839103671764,0.00835));
#2146=CARTESIAN_POINT('',(-0.0336985878564824,0.115609233862692,0.00835));
#2147=CARTESIAN_POINT('',(-0.0271436339466868,-0.106115072119663,0.00835));
#2148=CARTESIAN_POINT('',(-0.0271436339466868,-0.106115072119663,0.0087));
#2149=CARTESIAN_POINT('',(-0.0271436339466868,-0.106115072119663,0.0087));
#2150=CARTESIAN_POINT('',(-0.0271436339466868,-0.106115072119663,0.0096));
#2151=CARTESIAN_POINT('',(-0.0232,-0.125197989563417,0.0096));
#2152=CARTESIAN_POINT('',(-0.0232,-0.125197989563417,0.00835));
#2153=CARTESIAN_POINT('',(-0.0240651901723893,-0.123679459430185,0.0096));
#2154=CARTESIAN_POINT('',(-0.0240651901723893,-0.123679459430185,0.00835));
#2155=CARTESIAN_POINT('',(-0.0252061723296079,-0.121200388170944,0.0096));
#2156=CARTESIAN_POINT('',(-0.0252061723296079,-0.121200388170944,0.00835));
#2157=CARTESIAN_POINT('',(-0.0262808803908725,-0.11784034403281,0.0096));
#2158=CARTESIAN_POINT('',(-0.0262808803908725,-0.11784034403281,0.00835));
#2159=CARTESIAN_POINT('',(-0.0267525149991522,-0.115781758762613,0.0096));
#2160=CARTESIAN_POINT('',(-0.0267525149991522,-0.115781758762613,0.00835));
#2161=CARTESIAN_POINT('',(-0.0269699997892519,-0.114358873932823,0.0096));
#2162=CARTESIAN_POINT('',(-0.0269699997892519,-0.114358873932823,0.00835));
#2163=CARTESIAN_POINT('',(-0.0270561920755078,-0.113607709017468,0.0096));
#2164=CARTESIAN_POINT('',(-0.0270561920755078,-0.113607709017468,0.00835));
#2165=CARTESIAN_POINT('',(-0.0271118062968361,-0.112985956825401,0.0096));
#2166=CARTESIAN_POINT('',(-0.0271118062968361,-0.112985956825401,0.00835));
#2167=CARTESIAN_POINT('',(-0.0271452307368666,-0.112485113561185,0.0096));
#2168=CARTESIAN_POINT('',(-0.0271452307368666,-0.112485113561185,0.00835));
#2169=CARTESIAN_POINT('',(-0.0271732354778326,-0.111920174032084,0.0096));
#2170=CARTESIAN_POINT('',(-0.0271732354778326,-0.111920174032084,0.00835));
#2171=CARTESIAN_POINT('',(-0.0271883057349918,-0.111432791455748,0.0096));
#2172=CARTESIAN_POINT('',(-0.0271883057349918,-0.111432791455748,0.00835));
#2173=CARTESIAN_POINT('',(-0.0271960181500361,-0.111037074805028,0.0096));
#2174=CARTESIAN_POINT('',(-0.0271960181500361,-0.111037074805028,0.00835));
#2175=CARTESIAN_POINT('',(-0.0271996231708317,-0.11070940548187,0.0096));
#2176=CARTESIAN_POINT('',(-0.0271996231708317,-0.11070940548187,0.00835));
#2177=CARTESIAN_POINT('',(-0.0272006699964367,-0.110469319870461,0.0096));
#2178=CARTESIAN_POINT('',(-0.0272006699964367,-0.110469319870461,0.00835));
#2179=CARTESIAN_POINT('',(-0.0272005953616909,-0.110185311472075,0.0096));
#2180=CARTESIAN_POINT('',(-0.0272005953616909,-0.110185311472075,0.00835));
#2181=CARTESIAN_POINT('',(-0.027199187093512,-0.109905640196888,0.0096));
#2182=CARTESIAN_POINT('',(-0.027199187093512,-0.109905640196888,0.00835));
#2183=CARTESIAN_POINT('',(-0.0271958571493894,-0.109568772902924,0.0096));
#2184=CARTESIAN_POINT('',(-0.0271958571493894,-0.109568772902924,0.00835));
#2185=CARTESIAN_POINT('',(-0.0271931698724481,-0.10937258224791,0.0096));
#2186=CARTESIAN_POINT('',(-0.0271931698724481,-0.10937258224791,0.00835));
#2187=CARTESIAN_POINT('',(-0.0271889688686829,-0.109097885435392,0.0096));
#2188=CARTESIAN_POINT('',(-0.0271889688686829,-0.109097885435392,0.00835));
#2189=CARTESIAN_POINT('',(-0.0271835579783611,-0.10878860871991,0.0096));
#2190=CARTESIAN_POINT('',(-0.0271835579783611,-0.10878860871991,0.00835));
#2191=CARTESIAN_POINT('',(-0.027178824858409,-0.10853829301978,0.0096));
#2192=CARTESIAN_POINT('',(-0.027178824858409,-0.10853829301978,0.00835));
#2193=CARTESIAN_POINT('',(-0.0271728699496316,-0.10823357071349,0.0096));
#2194=CARTESIAN_POINT('',(-0.0271728699496316,-0.10823357071349,0.00835));
#2195=CARTESIAN_POINT('',(-0.027167990972693,-0.1079804999694,0.0096));
#2196=CARTESIAN_POINT('',(-0.027167990972693,-0.1079804999694,0.00835));
#2197=CARTESIAN_POINT('',(-0.0271627095580423,-0.107702695294388,0.0096));
#2198=CARTESIAN_POINT('',(-0.0271627095580423,-0.107702695294388,0.00835));
#2199=CARTESIAN_POINT('',(-0.027158990281797,-0.107501524435091,0.0096));
#2200=CARTESIAN_POINT('',(-0.027158990281797,-0.107501524435091,0.00835));
#2201=CARTESIAN_POINT('',(-0.0271565529068451,-0.107362106216952,0.0096));
#2202=CARTESIAN_POINT('',(-0.0271565529068451,-0.107362106216952,0.00835));
#2203=CARTESIAN_POINT('',(-0.0271558792220313,-0.107324206829345,0.0096));
#2204=CARTESIAN_POINT('',(-0.0271558792220313,-0.107324206829345,0.00835));
#2205=CARTESIAN_POINT('',(-0.0271527896403127,-0.107127024418646,0.0096));
#2206=CARTESIAN_POINT('',(-0.0271527896403127,-0.107127024418646,0.00835));
#2207=CARTESIAN_POINT('',(-0.0271500124295474,-0.106926883064882,0.0096));
#2208=CARTESIAN_POINT('',(-0.0271500124295474,-0.106926883064882,0.00835));
#2209=CARTESIAN_POINT('',(-0.0271457474692166,-0.106564851132701,0.0096));
#2210=CARTESIAN_POINT('',(-0.0271457474692166,-0.106564851132701,0.00835));
#2211=CARTESIAN_POINT('',(-0.0271440247461417,-0.10628936511807,0.0096));
#2212=CARTESIAN_POINT('',(-0.0271440247461417,-0.10628936511807,0.00835));
#2213=CARTESIAN_POINT('',(-0.0271436339466868,-0.106115072119663,0.0096));
#2214=CARTESIAN_POINT('',(-0.0271436339466868,-0.106115072119663,0.00835));
#2215=CARTESIAN_POINT('',(-0.0231999999999999,-0.125197989563417,0.00835));
#2216=CARTESIAN_POINT('',(-0.0240651901723893,-0.123679459430185,0.00835));
#2217=CARTESIAN_POINT('',(-0.0252061723296079,-0.121200388170944,0.00835));
#2218=CARTESIAN_POINT('',(-0.0262808803908725,-0.11784034403281,0.00835));
#2219=CARTESIAN_POINT('',(-0.0267525149991522,-0.115781758762613,0.00835));
#2220=CARTESIAN_POINT('',(-0.0269699997892518,-0.114358873932823,0.00835));
#2221=CARTESIAN_POINT('',(-0.0270561920755078,-0.113607709017468,0.00835));
#2222=CARTESIAN_POINT('',(-0.0271118062968361,-0.112985956825401,0.00835));
#2223=CARTESIAN_POINT('',(-0.0271452307368666,-0.112485113561185,0.00835));
#2224=CARTESIAN_POINT('',(-0.0271732354778326,-0.111920174032084,0.00835));
#2225=CARTESIAN_POINT('',(-0.0271883057349918,-0.111432791455748,0.00835));
#2226=CARTESIAN_POINT('',(-0.0271960181500361,-0.111037074805028,0.00835));
#2227=CARTESIAN_POINT('',(-0.0271996231708317,-0.11070940548187,0.00835));
#2228=CARTESIAN_POINT('',(-0.0272006699964366,-0.110469319870461,0.00835));
#2229=CARTESIAN_POINT('',(-0.0272005953616909,-0.110185311472075,0.00835));
#2230=CARTESIAN_POINT('',(-0.027199187093512,-0.109905640196888,0.00835));
#2231=CARTESIAN_POINT('',(-0.0271958571493893,-0.109568772902924,0.00835));
#2232=CARTESIAN_POINT('',(-0.0271931698724481,-0.10937258224791,0.00835));
#2233=CARTESIAN_POINT('',(-0.0271889688686829,-0.109097885435392,0.00835));
#2234=CARTESIAN_POINT('',(-0.0271835579783611,-0.10878860871991,0.00835));
#2235=CARTESIAN_POINT('',(-0.027178824858409,-0.108538293019781,0.00835));
#2236=CARTESIAN_POINT('',(-0.0271728699496316,-0.10823357071349,0.00835));
#2237=CARTESIAN_POINT('',(-0.027167990972693,-0.1079804999694,0.00835));
#2238=CARTESIAN_POINT('',(-0.0271627095580423,-0.107702695294388,0.00835));
#2239=CARTESIAN_POINT('',(-0.027158990281797,-0.107501524435091,0.00835));
#2240=CARTESIAN_POINT('',(-0.0271565529068451,-0.107362106216952,0.00835));
#2241=CARTESIAN_POINT('',(-0.0271558792220314,-0.107324206829345,0.00835));
#2242=CARTESIAN_POINT('',(-0.0271527896403127,-0.107127024418646,0.00835));
#2243=CARTESIAN_POINT('',(-0.0271500124295474,-0.106926883064882,0.00835));
#2244=CARTESIAN_POINT('',(-0.0271457474692166,-0.106564851132701,0.00835));
#2245=CARTESIAN_POINT('',(-0.0271440247461417,-0.10628936511807,0.00835));
#2246=CARTESIAN_POINT('',(-0.0271436339466868,-0.106115072119663,0.00835));
#2247=CARTESIAN_POINT('',(-0.0232,-0.125197989563417,0.00835));
#2248=CARTESIAN_POINT('',(-0.0232,-0.125197989563417,0.0087));
#2249=CARTESIAN_POINT('',(-0.0232,-0.125197989563417,0.0087));
#2250=CARTESIAN_POINT('',(-0.0232,-0.125197989563417,0.0096));
#2251=CARTESIAN_POINT('',(-0.016,-0.133273488065854,0.0096));
#2252=CARTESIAN_POINT('',(-0.016,-0.133273488065854,0.00835));
#2253=CARTESIAN_POINT('',(-0.0189030030529992,-0.131219318176178,0.0096));
#2254=CARTESIAN_POINT('',(-0.0189030030529992,-0.131219318176178,0.00835));
#2255=CARTESIAN_POINT('',(-0.0213030030529992,-0.128527485342033,0.0096));
#2256=CARTESIAN_POINT('',(-0.0213030030529992,-0.128527485342033,0.00835));
#2257=CARTESIAN_POINT('',(-0.0232,-0.125197989563417,0.0096));
#2258=CARTESIAN_POINT('',(-0.0232,-0.125197989563417,0.00835));
#2259=CARTESIAN_POINT('',(-0.0160000000000002,-0.133273488065854,0.00835));
#2260=CARTESIAN_POINT('',(-0.0189030030529992,-0.131219318176178,0.00835));
#2261=CARTESIAN_POINT('',(-0.0213030030529991,-0.128527485342033,0.00835));
#2262=CARTESIAN_POINT('',(-0.0231999999999999,-0.125197989563417,0.00835));
#2263=CARTESIAN_POINT('',(-0.016,-0.133273488065854,0.00835));
#2264=CARTESIAN_POINT('',(-0.016,-0.133273488065854,0.0087));
#2265=CARTESIAN_POINT('',(-0.016,-0.133273488065854,0.0087));
#2266=CARTESIAN_POINT('',(-0.016,-0.133273488065854,0.0096));
#2267=CARTESIAN_POINT('',(0.0132000000009834,-0.13758038013204,0.0096));
#2268=CARTESIAN_POINT('',(0.0132000000009834,-0.13758038013204,0.00835));
#2269=CARTESIAN_POINT('',(0.012602895875318,-0.137775698436678,0.0096));
#2270=CARTESIAN_POINT('',(0.012602895875318,-0.137775698436678,0.00835));
#2271=CARTESIAN_POINT('',(0.0116849585103205,-0.13803753776065,0.0096));
#2272=CARTESIAN_POINT('',(0.0116849585103205,-0.13803753776065,0.00835));
#2273=CARTESIAN_POINT('',(0.0104366006146746,-0.138321306414746,0.0096));
#2274=CARTESIAN_POINT('',(0.0104366006146746,-0.138321306414746,0.00835));
#2275=CARTESIAN_POINT('',(0.00944786960041604,-0.138507606040174,0.0096));
#2276=CARTESIAN_POINT('',(0.00944786960041604,-0.138507606040174,0.00835));
#2277=CARTESIAN_POINT('',(0.00856764354576497,-0.138642785371969,0.0096));
#2278=CARTESIAN_POINT('',(0.00856764354576497,-0.138642785371969,0.00835));
#2279=CARTESIAN_POINT('',(0.00732017953539038,-0.138797828137351,0.0096));
#2280=CARTESIAN_POINT('',(0.00732017953539038,-0.138797828137351,0.00835));
#2281=CARTESIAN_POINT('',(0.00567144603865377,-0.138925301639906,0.0096));
#2282=CARTESIAN_POINT('',(0.00567144603865377,-0.138925301639906,0.00835));
#2283=CARTESIAN_POINT('',(0.0037866137316595,-0.138974724219505,0.0096));
#2284=CARTESIAN_POINT('',(0.0037866137316595,-0.138974724219505,0.00835));
#2285=CARTESIAN_POINT('',(0.00186129564861799,-0.138936353005622,0.0096));
#2286=CARTESIAN_POINT('',(0.00186129564861799,-0.138936353005622,0.00835));
#2287=CARTESIAN_POINT('',(-7.39268684108062E-5,-0.138803756557069,0.0096));
#2288=CARTESIAN_POINT('',(-7.39268684108062E-5,-0.138803756557069,0.00835));
#2289=CARTESIAN_POINT('',(-0.00196829090491015,-0.13858169235139,0.0096));
#2290=CARTESIAN_POINT('',(-0.00196829090491015,-0.13858169235139,0.00835));
#2291=CARTESIAN_POINT('',(-0.00389338545829011,-0.138257787726024,0.0096));
#2292=CARTESIAN_POINT('',(-0.00389338545829011,-0.138257787726024,0.00835));
#2293=CARTESIAN_POINT('',(-0.00574418378263198,-0.137847763726356,0.0096));
#2294=CARTESIAN_POINT('',(-0.00574418378263198,-0.137847763726356,0.00835));
#2295=CARTESIAN_POINT('',(-0.00761867871038268,-0.137326422106399,0.0096));
#2296=CARTESIAN_POINT('',(-0.00761867871038268,-0.137326422106399,0.00835));
#2297=CARTESIAN_POINT('',(-0.00939788686484874,-0.136723534069737,0.0096));
#2298=CARTESIAN_POINT('',(-0.00939788686484874,-0.136723534069737,0.00835));
#2299=CARTESIAN_POINT('',(-0.0111853096535876,-0.136000265271266,0.0096));
#2300=CARTESIAN_POINT('',(-0.0111853096535876,-0.136000265271266,0.00835));
#2301=CARTESIAN_POINT('',(-0.0128486898154839,-0.135205675195854,0.0096));
#2302=CARTESIAN_POINT('',(-0.0128486898154839,-0.135205675195854,0.00835));
#2303=CARTESIAN_POINT('',(-0.0144998896651401,-0.134282652850706,0.0096));
#2304=CARTESIAN_POINT('',(-0.0144998896651401,-0.134282652850706,0.00835));
#2305=CARTESIAN_POINT('',(-0.0155104418664411,-0.133619900232443,0.0096));
#2306=CARTESIAN_POINT('',(-0.0155104418664411,-0.133619900232443,0.00835));
#2307=CARTESIAN_POINT('',(-0.016,-0.133273488065854,0.0096));
#2308=CARTESIAN_POINT('',(-0.016,-0.133273488065854,0.00835));
#2309=CARTESIAN_POINT('',(0.0132000000009835,-0.13758038013204,0.00835));
#2310=CARTESIAN_POINT('',(0.012602895875318,-0.137775698436678,0.00835));
#2311=CARTESIAN_POINT('',(0.0116849585103205,-0.13803753776065,0.00835));
#2312=CARTESIAN_POINT('',(0.0104366006146746,-0.138321306414746,0.00835));
#2313=CARTESIAN_POINT('',(0.00944786960041605,-0.138507606040174,0.00835));
#2314=CARTESIAN_POINT('',(0.00856764354576498,-0.138642785371969,0.00835));
#2315=CARTESIAN_POINT('',(0.00732017953539038,-0.138797828137351,0.00835));
#2316=CARTESIAN_POINT('',(0.00567144603865377,-0.138925301639906,0.00835));
#2317=CARTESIAN_POINT('',(0.0037866137316595,-0.138974724219505,0.00835));
#2318=CARTESIAN_POINT('',(0.00186129564861799,-0.138936353005623,0.00835));
#2319=CARTESIAN_POINT('',(-7.39268684108055E-5,-0.138803756557069,0.00835));
#2320=CARTESIAN_POINT('',(-0.00196829090491015,-0.13858169235139,0.00835));
#2321=CARTESIAN_POINT('',(-0.00389338545829011,-0.138257787726024,0.00835));
#2322=CARTESIAN_POINT('',(-0.00574418378263197,-0.137847763726356,0.00835));
#2323=CARTESIAN_POINT('',(-0.00761867871038268,-0.137326422106399,0.00835));
#2324=CARTESIAN_POINT('',(-0.00939788686484873,-0.136723534069737,0.00835));
#2325=CARTESIAN_POINT('',(-0.0111853096535876,-0.136000265271266,0.00835));
#2326=CARTESIAN_POINT('',(-0.0128486898154839,-0.135205675195855,0.00835));
#2327=CARTESIAN_POINT('',(-0.0144998896651402,-0.134282652850706,0.00835));
#2328=CARTESIAN_POINT('',(-0.0155104418664413,-0.133619900232443,0.00835));
#2329=CARTESIAN_POINT('',(-0.0160000000000002,-0.133273488065854,0.00835));
#2330=CARTESIAN_POINT('',(0.0132000000041531,-0.137580380131003,0.00835));
#2331=CARTESIAN_POINT('',(0.0132000000027687,-0.137580380131456,0.0087));
#2332=CARTESIAN_POINT('',(0.0132000000027687,-0.137580380131456,0.0087));
#2333=CARTESIAN_POINT('',(0.0132000000027687,-0.137580380131456,0.0096));
#2334=CARTESIAN_POINT('',(0.0216276156612695,-0.13296559449807,0.0096));
#2335=CARTESIAN_POINT('',(0.0216276156612695,-0.13296559449807,0.00835));
#2336=CARTESIAN_POINT('',(0.0188575396853192,-0.135113091421276,0.0096));
#2337=CARTESIAN_POINT('',(0.0188575396853192,-0.135113091421276,0.00835));
#2338=CARTESIAN_POINT('',(0.0161395115230531,-0.136618838613906,0.0096));
#2339=CARTESIAN_POINT('',(0.0161395115230531,-0.136618838613906,0.00835));
#2340=CARTESIAN_POINT('',(0.0132000000073227,-0.137580380129966,0.0096));
#2341=CARTESIAN_POINT('',(0.0132000000073227,-0.137580380129966,0.00835));
#2342=CARTESIAN_POINT('',(0.0216276130870488,-0.132965596493731,0.00835));
#2343=CARTESIAN_POINT('',(0.0188575379674697,-0.135113092367346,0.00835));
#2344=CARTESIAN_POINT('',(0.0161395106124943,-0.136618838911759,0.00835));
#2345=CARTESIAN_POINT('',(0.0132000000073227,-0.137580380129966,0.00835));
#2346=CARTESIAN_POINT('',(0.0216276130870487,-0.132965596493731,0.00835));
#2347=CARTESIAN_POINT('',(0.0216276114907889,-0.1329655944347,0.0087));
#2348=CARTESIAN_POINT('',(0.0216276114907889,-0.1329655944347,0.0087));
#2349=CARTESIAN_POINT('',(0.0216276114907889,-0.1329655944347,0.0096));
#2350=CARTESIAN_POINT('',(0.0493265355392763,0.0175913879137696,0.0096));
#2351=CARTESIAN_POINT('',(0.0493265355392763,0.0175913879137696,0.00835));
#2352=CARTESIAN_POINT('',(0.0487533417106105,0.0143201197741958,0.0096));
#2353=CARTESIAN_POINT('',(0.0487533417106105,0.0143201197741958,0.00835));
#2354=CARTESIAN_POINT('',(0.0474204160873174,0.00760400259745983,0.0096));
#2355=CARTESIAN_POINT('',(0.0474204160873174,0.00760400259745983,0.00835));
#2356=CARTESIAN_POINT('',(0.0455346931124097,-0.000814702628562384,0.0096));
#2357=CARTESIAN_POINT('',(0.0455346931124097,-0.000814702628562384,0.00835000000000001));
#2358=CARTESIAN_POINT('',(0.0440445151395548,-0.00728443088677015,0.0096));
#2359=CARTESIAN_POINT('',(0.0440445151395548,-0.00728443088677015,0.00835));
#2360=CARTESIAN_POINT('',(0.0426091414124281,-0.0136048925149627,0.0096));
#2361=CARTESIAN_POINT('',(0.0426091414124281,-0.0136048925149627,0.00835));
#2362=CARTESIAN_POINT('',(0.0409805565057767,-0.021570087831412,0.0096));
#2363=CARTESIAN_POINT('',(0.0409805565057767,-0.021570087831412,0.00835));
#2364=CARTESIAN_POINT('',(0.0394968162709971,-0.0321520373691166,0.0096));
#2365=CARTESIAN_POINT('',(0.0394968162709971,-0.0321520373691166,0.00835));
#2366=CARTESIAN_POINT('',(0.0387027427977113,-0.0447553955887435,0.0096));
#2367=CARTESIAN_POINT('',(0.0387027427977113,-0.0447553955887435,0.00835));
#2368=CARTESIAN_POINT('',(0.0383216043611681,-0.0583715983778037,0.0096));
#2369=CARTESIAN_POINT('',(0.0383216043611681,-0.0583715983778037,0.00835));
#2370=CARTESIAN_POINT('',(0.0381029465793727,-0.0696657645445094,0.0096));
#2371=CARTESIAN_POINT('',(0.0381029465793727,-0.0696657645445094,0.00835));
#2372=CARTESIAN_POINT('',(0.0378443689609963,-0.0781452483768908,0.0096));
#2373=CARTESIAN_POINT('',(0.0378443689609963,-0.0781452483768908,0.00835));
#2374=CARTESIAN_POINT('',(0.0374767302719874,-0.086063861742701,0.0096));
#2375=CARTESIAN_POINT('',(0.0374767302719874,-0.086063861742701,0.00835));
#2376=CARTESIAN_POINT('',(0.0368232692783921,-0.0948716007286684,0.00959999999999999));
#2377=CARTESIAN_POINT('',(0.0368232692783921,-0.0948716007286684,0.00835));
#2378=CARTESIAN_POINT('',(0.035795785129332,-0.103756931694911,0.0096));
#2379=CARTESIAN_POINT('',(0.035795785129332,-0.103756931694911,0.00835));
#2380=CARTESIAN_POINT('',(0.0346354467763431,-0.110916908456346,0.0096));
#2381=CARTESIAN_POINT('',(0.0346354467763431,-0.110916908456346,0.00835));
#2382=CARTESIAN_POINT('',(0.0331400647379552,-0.116875477604392,0.0096));
#2383=CARTESIAN_POINT('',(0.0331400647379552,-0.116875477604392,0.00835));
#2384=CARTESIAN_POINT('',(0.0313744943616591,-0.121464987448798,0.0096));
#2385=CARTESIAN_POINT('',(0.0313744943616591,-0.121464987448798,0.00835));
#2386=CARTESIAN_POINT('',(0.0292450789375752,-0.125072202406846,0.0096));
#2387=CARTESIAN_POINT('',(0.0292450789375752,-0.125072202406846,0.00835));
#2388=CARTESIAN_POINT('',(0.0264580998701912,-0.128714127427735,0.0096));
#2389=CARTESIAN_POINT('',(0.0264580998701912,-0.128714127427735,0.00835000000000001));
#2390=CARTESIAN_POINT('',(0.0236432106574897,-0.131403008023175,0.0096));
#2391=CARTESIAN_POINT('',(0.0236432106574897,-0.131403008023175,0.00835));
#2392=CARTESIAN_POINT('',(0.0216276130798665,-0.132965596499299,0.0096));
#2393=CARTESIAN_POINT('',(0.0216276130798665,-0.132965596499299,0.00835));
#2394=CARTESIAN_POINT('',(0.0215026705193376,0.119620787451409,0.00835));
#2395=CARTESIAN_POINT('',(0.0272129236474225,0.113990505710187,0.00835));
#2396=CARTESIAN_POINT('',(0.039902773447728,0.0967940103362035,0.00835));
#2397=CARTESIAN_POINT('',(0.0492206986474082,0.0675236589533636,0.00835));
#2398=CARTESIAN_POINT('',(0.0521341897343862,0.04418742637804,0.00835));
#2399=CARTESIAN_POINT('',(0.0507563081581103,0.022304651014531,0.00835));
#2400=CARTESIAN_POINT('',(0.0444366238282232,-0.0057698390315077,0.00835));
#2401=CARTESIAN_POINT('',(0.0381499493929193,-0.0325682970419284,0.00835));
#2402=CARTESIAN_POINT('',(0.0384718371075877,-0.0784407309750935,0.00835));
#2403=CARTESIAN_POINT('',(0.0359156055666579,-0.104734555593496,0.00835));
#2404=CARTESIAN_POINT('',(0.0332965860559749,-0.117235710484526,0.00835));
#2405=CARTESIAN_POINT('',(0.0288741408299105,-0.127019227602136,0.00835));
#2406=CARTESIAN_POINT('',(0.0172252724681904,-0.137281382288518,0.00835));
#2407=CARTESIAN_POINT('',(0.00502383569431771,-0.139538222684894,0.00835));
#2408=CARTESIAN_POINT('',(-0.00718591563257419,-0.138140580996733,0.00835));
#2409=CARTESIAN_POINT('',(-0.0177141023146513,-0.133042141406943,0.00835));
#2410=CARTESIAN_POINT('',(-0.0242231931773568,-0.124609077193529,0.00835));
#2411=CARTESIAN_POINT('',(-0.0275696821378419,-0.114362164814031,0.00835));
#2412=CARTESIAN_POINT('',(-0.0271500276859532,-0.10896662161347,0.00835));
#2413=CARTESIAN_POINT('',(-0.0271436339466868,-0.106115072119663,0.00835));
#2414=CARTESIAN_POINT('',(0.0451355708893754,0.0175913878507055,0.0087));
#2415=CARTESIAN_POINT('',(0.0451355708893754,0.0175913878507055,0.00835));
#2416=CARTESIAN_POINT('',(0.0352446062505246,0.0175913878507055,0.00835));
#2417=CARTESIAN_POINT('',(0.0352446062505246,0.0175913878507055,0.0087));
#2418=CARTESIAN_POINT('',(0.01785,0.0340499976701177,0.0096));
#2419=CARTESIAN_POINT('',(0.01785,0.0340499976701177,0.00835));
#2420=CARTESIAN_POINT('',(0.0265473031252624,0.0340499976701177,0.0096));
#2421=CARTESIAN_POINT('',(0.0265473031252624,0.0340499976701177,0.00835));
#2422=CARTESIAN_POINT('',(0.0265473031252624,0.0175913878507055,0.0096));
#2423=CARTESIAN_POINT('',(0.0265473031252624,0.0175913878507055,0.00835));
#2424=CARTESIAN_POINT('',(0.0352446062505246,0.0175913878507055,0.0096));
#2425=CARTESIAN_POINT('',(0.0352446062505246,0.0175913878507055,0.00835));
#2426=CARTESIAN_POINT('',(0.01785,0.0340499976701177,0.00835));
#2427=CARTESIAN_POINT('',(0.0265473031252624,0.0340499976701177,0.00835));
#2428=CARTESIAN_POINT('',(0.0265473031252624,0.0175913878507055,0.00835));
#2429=CARTESIAN_POINT('',(0.0352446062505246,0.0175913878507055,0.00835));
#2430=CARTESIAN_POINT('',(0.017775,0.0340499976701177,0.0087));
#2431=CARTESIAN_POINT('',(0.017775,0.0340499976701177,0.00835));
#2432=CARTESIAN_POINT('',(0.01215,0.0340499976701177,0.00835));
#2433=CARTESIAN_POINT('',(0.01215,0.0340499976701177,0.0087));
#2434=CARTESIAN_POINT('',(-0.0216975880801678,0.0284856826788819,0.0096));
#2435=CARTESIAN_POINT('',(-0.0216975880801678,0.0284856826788819,0.00835));
#2436=CARTESIAN_POINT('',(-0.00477379404008385,0.0284856826788819,0.0096));
#2437=CARTESIAN_POINT('',(-0.00477379404008385,0.0284856826788819,0.00835));
#2438=CARTESIAN_POINT('',(-0.00477379404008385,0.0340499976701177,0.0096));
#2439=CARTESIAN_POINT('',(-0.00477379404008385,0.0340499976701177,0.00835));
#2440=CARTESIAN_POINT('',(0.01215,0.0340499976701177,0.0096));
#2441=CARTESIAN_POINT('',(0.01215,0.0340499976701177,0.00835));
#2442=CARTESIAN_POINT('',(-0.0216975880801678,0.0284856826788819,0.00835));
#2443=CARTESIAN_POINT('',(-0.00477379404008385,0.0284856826788819,0.00835));
#2444=CARTESIAN_POINT('',(-0.00477379404008385,0.0340499976701177,0.00835));
#2445=CARTESIAN_POINT('',(0.01215,0.0340499976701177,0.00835));
#2446=CARTESIAN_POINT('',(-0.0372475880801677,0.0239856826788819,0.0087));
#2447=CARTESIAN_POINT('',(-0.0372475880801677,0.0239856826788819,0.00835));
#2448=CARTESIAN_POINT('',(-0.0354975880801677,0.0239856826788819,0.00835));
#2449=CARTESIAN_POINT('',(0.0275,-0.118,0.0087));
#2450=CARTESIAN_POINT('',(0.0275,-0.118,0.00835));
#2451=CARTESIAN_POINT('',(0.02925,-0.118,0.00835));
#2452=CARTESIAN_POINT('',(0.0275,-0.118,0.0087));
#2453=CARTESIAN_POINT('',(0.02925,-0.118,0.0087));
#2454=CARTESIAN_POINT('',(-0.00334758808016775,0.0273999976701177,0.0087));
#2455=CARTESIAN_POINT('',(-0.00334758808016775,0.0273999976701177,0.00835));
#2456=CARTESIAN_POINT('',(-0.00159758808016775,0.0273999976701177,0.00835));
#2457=CARTESIAN_POINT('',(0.00535000000000008,-0.0794500023298823,0.0087));
#2458=CARTESIAN_POINT('',(0.00535000000000008,-0.0794500023298823,0.00835));
#2459=CARTESIAN_POINT('',(0.00845000000000008,-0.0794500023298823,0.00835));
#2460=CARTESIAN_POINT('',(-0.0115,-0.1295,0.0087));
#2461=CARTESIAN_POINT('',(-0.0115,-0.1295,0.00835));
#2462=CARTESIAN_POINT('',(-0.00975,-0.1295,0.00835));
#2463=CARTESIAN_POINT('',(-0.0065,-0.1,0.0087));
#2464=CARTESIAN_POINT('',(-0.0065,-0.1,0.00835));
#2465=CARTESIAN_POINT('',(-0.00475,-0.1,0.00835));
#2466=CARTESIAN_POINT('',(0.0085,-0.128,0.0087));
#2467=CARTESIAN_POINT('',(0.0085,-0.128,0.00835));
#2468=CARTESIAN_POINT('',(0.01025,-0.128,0.00835));
#2469=CARTESIAN_POINT('',(0.,-0.03,0.0087));
#2470=CARTESIAN_POINT('',(0.,-0.03,0.00835));
#2471=CARTESIAN_POINT('',(0.00175,-0.03,0.00835));
#2472=CARTESIAN_POINT('',(0.0223946062505247,-0.00478361098435337,0.0087));
#2473=CARTESIAN_POINT('',(0.0223946062505247,-0.00478361098435337,0.00835));
#2474=CARTESIAN_POINT('',(0.0241446062505247,-0.00478361098435337,0.00835));
#2475=CARTESIAN_POINT('',(0.03185,-0.0694500023298823,0.0087));
#2476=CARTESIAN_POINT('',(0.03185,-0.0694500023298823,0.00835));
#2477=CARTESIAN_POINT('',(0.0336,-0.0694500023298823,0.00835));
#2478=CARTESIAN_POINT('',(0.025,-0.0365,0.0087));
#2479=CARTESIAN_POINT('',(0.025,-0.0365,0.00835));
#2480=CARTESIAN_POINT('',(0.0257080722224972,-0.115470376541831,0.0087));
#2481=CARTESIAN_POINT('',(0.0257080722224972,-0.115470376541831,0.00835));
#2482=CARTESIAN_POINT('',(0.0254376177705734,-0.116847851119594,0.0087));
#2483=CARTESIAN_POINT('',(0.0254376177705734,-0.116847851119594,0.00835));
#2484=CARTESIAN_POINT('',(0.0251459377292375,-0.118224758873693,0.0087));
#2485=CARTESIAN_POINT('',(0.0251459377292375,-0.118224758873693,0.00835));
#2486=CARTESIAN_POINT('',(0.0248414426313243,-0.119594387882056,0.0087));
#2487=CARTESIAN_POINT('',(0.0248414426313243,-0.119594387882056,0.00835));
#2488=CARTESIAN_POINT('',(0.0215330954080682,-0.0824913555808876,0.00835));
#2489=CARTESIAN_POINT('',(0.0216023293502356,-0.0826027686179108,0.00835));
#2490=CARTESIAN_POINT('',(0.021671563292403,-0.0827141816549341,0.00835));
#2491=CARTESIAN_POINT('',(0.0217407972345704,-0.0828255946919574,0.00835));
#2492=CARTESIAN_POINT('',(0.0217650390979878,-0.0828646053208756,0.00835));
#2493=CARTESIAN_POINT('',(0.0221801113725562,-0.083533600726922,0.00835));
#2494=CARTESIAN_POINT('',(0.0229935293332288,-0.0848814251586267,0.00835));
#2495=CARTESIAN_POINT('',(0.0241511640341836,-0.0870195321467199,0.00835));
#2496=CARTESIAN_POINT('',(0.0252254762265284,-0.0893703054407699,0.00835));
#2497=CARTESIAN_POINT('',(0.0259930493824294,-0.0915227924378095,0.00835));
#2498=CARTESIAN_POINT('',(0.0264953103890929,-0.0933597350245153,0.00835));
#2499=CARTESIAN_POINT('',(0.0268088419705781,-0.0947924806935746,0.00835));
#2500=CARTESIAN_POINT('',(0.0270512605599932,-0.0962784663887475,0.00835));
#2501=CARTESIAN_POINT('',(0.027217460506229,-0.0977632255902792,0.00835));
#2502=CARTESIAN_POINT('',(0.0273184625266038,-0.0992554774653861,0.00835));
#2503=CARTESIAN_POINT('',(0.0273746188082641,-0.101252761440679,0.00835));
#2504=CARTESIAN_POINT('',(0.0273135335942897,-0.103766397908497,0.00835));
#2505=CARTESIAN_POINT('',(0.0270694382504061,-0.106811440887917,0.00835));
#2506=CARTESIAN_POINT('',(0.0265573118387003,-0.110905982332011,0.00835));
#2507=CARTESIAN_POINT('',(0.0256340112217824,-0.116072617372264,0.00835));
#2508=CARTESIAN_POINT('',(0.024256893842502,-0.122252667663176,0.00835));
#2509=CARTESIAN_POINT('',(0.0228623316230941,-0.127937373343499,0.00835));
#2510=CARTESIAN_POINT('',(0.0219970465800713,-0.13143389383507,0.00835));
#2511=CARTESIAN_POINT('',(0.0216276106848079,-0.132965589099148,0.00835));
#2512=CARTESIAN_POINT('',(0.0215330954080682,-0.0824913555808876,0.0087));
#2513=CARTESIAN_POINT('',(0.0216023293502356,-0.0826027686179108,0.0087));
#2514=CARTESIAN_POINT('',(0.021671563292403,-0.0827141816549341,0.0087));
#2515=CARTESIAN_POINT('',(0.0217407972345704,-0.0828255946919574,0.0087));
#2516=CARTESIAN_POINT('',(0.0217650390979878,-0.0828646053208756,0.0087));
#2517=CARTESIAN_POINT('',(0.0221801113725562,-0.083533600726922,0.0087));
#2518=CARTESIAN_POINT('',(0.0229935293332288,-0.0848814251586267,0.0087));
#2519=CARTESIAN_POINT('',(0.0241511640341836,-0.0870195321467199,0.0087));
#2520=CARTESIAN_POINT('',(0.0252254762265284,-0.0893703054407699,0.0087));
#2521=CARTESIAN_POINT('',(0.0259930493824294,-0.0915227924378095,0.0087));
#2522=CARTESIAN_POINT('',(0.0264953103890929,-0.0933597350245153,0.0087));
#2523=CARTESIAN_POINT('',(0.0268088419705781,-0.0947924806935746,0.0087));
#2524=CARTESIAN_POINT('',(0.0270512605599932,-0.0962784663887475,0.0087));
#2525=CARTESIAN_POINT('',(0.027217460506229,-0.0977632255902792,0.0087));
#2526=CARTESIAN_POINT('',(0.0273184625266038,-0.0992554774653861,0.0087));
#2527=CARTESIAN_POINT('',(0.0273746188082641,-0.101252761440679,0.0087));
#2528=CARTESIAN_POINT('',(0.0273135335942897,-0.103766397908497,0.0087));
#2529=CARTESIAN_POINT('',(0.0270694382504061,-0.106811440887917,0.0087));
#2530=CARTESIAN_POINT('',(0.0265573118387003,-0.110905982332011,0.0087));
#2531=CARTESIAN_POINT('',(0.0256340112217824,-0.116072617372264,0.0087));
#2532=CARTESIAN_POINT('',(0.024256893842502,-0.122252667663176,0.0087));
#2533=CARTESIAN_POINT('',(0.0228623316230941,-0.127937373343499,0.0087));
#2534=CARTESIAN_POINT('',(0.0219970465800713,-0.13143389383507,0.0087));
#2535=CARTESIAN_POINT('',(0.0216276106848079,-0.132965589099148,0.0087));
#2536=CARTESIAN_POINT('',(0.0445946062505247,0.0135913878507055,0.0087));
#2537=CARTESIAN_POINT('',(0.0445946062505247,0.0135913878507055,0.00835));
#2538=CARTESIAN_POINT('',(0.0463446062505247,0.0135913878507055,0.00835));
#2539=CARTESIAN_POINT('',(-0.025,-0.015,0.0087));
#2540=CARTESIAN_POINT('',(-0.025,-0.015,0.00835));
#2541=CARTESIAN_POINT('',(-0.03155,-0.0279893161561769,0.0087));
#2542=CARTESIAN_POINT('',(-0.03155,-0.0279893161561769,0.00835));
#2543=CARTESIAN_POINT('',(-0.0298,-0.0279893161561769,0.00835));
#2544=CARTESIAN_POINT('',(0.00344219664064485,-0.00176572507614403,0.0087));
#2545=CARTESIAN_POINT('',(0.0085,-0.128,0.0096));
#2546=CARTESIAN_POINT('',(-0.0065,-0.1,0.0096));
#2547=CARTESIAN_POINT('',(-0.0115,-0.1295,0.0096));
#2548=CARTESIAN_POINT('',(-0.00334758808016775,0.0273999976701177,0.0096));
#2549=CARTESIAN_POINT('',(0.0223946062505247,-0.00478361098435337,0.0096));
#2550=CARTESIAN_POINT('',(0.03185,-0.0694500023298823,0.0096));
#2551=CARTESIAN_POINT('',(0.0445946062505247,0.0135913878507055,0.0096));
#2552=CARTESIAN_POINT('',(-0.0372475880801677,0.0239856826788819,0.0096));
#2553=CARTESIAN_POINT('',(-0.03155,-0.0279893161561769,0.0096));
#2554=CARTESIAN_POINT('',(0.,-0.03,0.0096));
#2555=CARTESIAN_POINT('',(0.00344219664064485,-0.00176572507614403,0.00835));
#2556=CARTESIAN_POINT('',(0.025,-0.0365,0.00835));
#2557=CARTESIAN_POINT('',(0.00768239504657685,-0.0986000349521636,0.00835));
#2558=CARTESIAN_POINT('',(-0.025,-0.015,0.00835));
#2559=CARTESIAN_POINT('',(0.015,0.047,0.00835));
#2560=CARTESIAN_POINT('',(0.0380946062505245,0.0305413901805877,0.00835));
#2561=CARTESIAN_POINT('',(-0.0245475880801677,0.0414356850087643,0.00835));
#2562=CARTESIAN_POINT('',(0.0380946062505245,0.0305413901805877,0.0071));
#2563=CARTESIAN_POINT('',(-0.0245475880801677,0.0414356850087643,0.0071));
#2564=CARTESIAN_POINT('',(0.015,0.047,0.0071));
#2565=CARTESIAN_POINT('',(-0.025,-0.015,0.0071));
#2566=CARTESIAN_POINT('',(0.00768239504657685,-0.0986000349521636,0.0071));
#2567=CARTESIAN_POINT('',(0.025,-0.0365,0.0071));
#2568=MECHANICAL_DESIGN_GEOMETRIC_PRESENTATION_REPRESENTATION('',(#1250),
#2569);
#2569=(
GEOMETRIC_REPRESENTATION_CONTEXT(3)
GLOBAL_UNCERTAINTY_ASSIGNED_CONTEXT((#2570))
GLOBAL_UNIT_ASSIGNED_CONTEXT((#2573,#2572,#2571))
REPRESENTATION_CONTEXT('Cover','TOP_LEVEL_ASSEMBLY_PART')
);
#2570=UNCERTAINTY_MEASURE_WITH_UNIT(LENGTH_MEASURE(2.E-5),#2573,
'DISTANCE_ACCURACY_VALUE','Maximum Tolerance applied to model');
#2571=(
NAMED_UNIT(*)
SI_UNIT($,.STERADIAN.)
SOLID_ANGLE_UNIT()
);
#2572=(
NAMED_UNIT(*)
PLANE_ANGLE_UNIT()
SI_UNIT($,.RADIAN.)
);
#2573=(
LENGTH_UNIT()
NAMED_UNIT(*)
SI_UNIT($,.METRE.)
);
#2574=PRODUCT_DEFINITION_SHAPE('','',#2575);
#2575=PRODUCT_DEFINITION('','',#2577,#2576);
#2576=PRODUCT_DEFINITION_CONTEXT('',#2583,'design');
#2577=PRODUCT_DEFINITION_FORMATION_WITH_SPECIFIED_SOURCE('','',#2579,
 .NOT_KNOWN.);
#2578=PRODUCT_RELATED_PRODUCT_CATEGORY('','',(#2579));
#2579=PRODUCT('Cover','Cover','Cover',(#2581));
#2580=PRODUCT_CATEGORY('','');
#2581=PRODUCT_CONTEXT('',#2583,'mechanical');
#2582=APPLICATION_PROTOCOL_DEFINITION('international standard',
'ap242_managed_model_based_3d_engineering',2020,#2583);
#2583=APPLICATION_CONTEXT('managed model based 3d engineering');
ENDSEC;
END-ISO-10303-21;
